surveyId,speciesId
1865859,1596 4539 630 1562 2728 2099 2425 4225 3917 532 1180 2424
2614992,4964 4587 3916 3951 582 2034 4471 1015 4179 4221 245 4168 3675 3116 1694 4390 450 1990 3136 4320 3197 487 109 2188 3778 387 1798 1356 4889 2340 2746 4385 4841 193
2151763,4554 1133 4292 3675 4850 3062 4624 4585 3946 424 4903 3773 3489 62 2196 900 4302 1450 1388 4142 3371 177 3478 763 2586 571 966 3814 2297 751 3277 3121 248 982 3146 867 4029
513302,1321 4471 900 2328 2565 1450 4317 368 3062 4926 4987 3946 4357 895 2831 875 112 2431 1337 1446 4867 4318 2583 3969 245
1547138,2034 245 4964 1990 3951 2831 3197 900 4471 4587 112 3916 4027 1694 4317 3925 3675 1015 3778 2583 1493 4385 420 2921 4987 4168 109
3865218,3062 875 1321 3946 4292 3136 3242 1337 4317 900 424 4987 895 3772 571 2586 3675 4736 1450 787 3277 3502 2418 4494 1701 112
1868555,1694 4791 4964 1015 4587 3499 3951 245 3916 1990 1757 2034 714 4320
2283397,930 4871 2025 2659 4558 3136 4955 1742 3651 2728
935490,112 1307 268 1701 2921 4938 3867 787 895 1321 4053 2992 900 3242 2029 4116 3198 2030
763413,4027 4317 2831 2099 1493 245 3386 3925 2034 3917 223 2728 3198 3197 268 112 2599 4053 900 829 1694 4541 4207 3524 3867 2320 3782 1990 151 420 3495 1395 3478 786 4964 55
1172808,4225 1596 3109 245 3036 2992 1990 630 4179 2921 3574 2053 1180 3778 2099 2425 4027 4871 4168 193 2146 2382
2443336,3675 3136 930 2025 3651 368 875 3062 3946 4317 4541 4292 3277 2837 1321 1450 3478 4987 268 3502 424 900 223 4758 787 1788 1173 4736 4302 3554
1941609,4973 2992 2711 3642 4357 2030 4987 297 895 3116 1226 1629 3115 2950 361 112 245 3983 1337 4179 4679 1818 151 4664 736 3107 2515
3044791,709 4727 3136 930 3776 4558 4587 2659 3499 3146 2728
1321877,3675 1133 4857 62 2439 3009 3121 4292 1781 3651 3371 1095 4585 315 684 3773 2278 4554 3979 431 772 378 2196 1388 3489 2789 866 3111 2837 4106
1332903,4964 3951 4587 3499 4791 73 1252 2660 1727 1990 245
643123,2728 2425 4539 179 4558 709 3436 4466 391 3283 1469 3696
1026574,2034 4471 4587 4964 3951 3136 3675 4318 245 1321 1990 2188 3778 4385 4727 3916
2391685,709 4727 4558 302 3776 2837
481580,4292 4554 424 866 2501 24 1928 3146 2278 3675 3651 4727 3062 1133 930 709 2837 3478 2087 368 3371 305 751 2033 486
1135842,2445 1321 2921 801 787 1788 847 895 2431 2583 4021 1701 420 2328 4318 4357 4987
1865752,2992 2583 3036 1430 2095 3951 2921 4388 962 1990 2053 3892 2039 3029 4964 4679
3069478,424 3946 3136 3062 3554 2297 3813 900 3587 368 4850 4471 4302 1099 2340 430 3478 930
892851,4871 1742 2123 2565 2625 714 1727 1749
3637930,245 1694 112 532 2034 2728 4964 2831 4027 4541 1493 2099 3197
1369758,2728 2425 3696 4558 4322
1187162,2728 2425 4558 1293 4539 3574 391 2100
2742568,4583 1107 538 62 3675 2921 3365 287 2352 1388 1314 3729 2174 2565 2948 1095 4585 4471 366 361 3615 3121 3653 1133 3990 4142 1803 2651 4429 2445 923
2332725,3062 3946 875 3136 1321 4585 4292 424 1450 3277 982 4850 3502 4758 368 3813 2328 2565 4471 1337
2904414,2728 3776 4558 2425 4727 2956 3148
271965,4964 3951 1990 3778 450 4471 2188 4320 2034 2894 3916 4587 3116 4385 2137 245 3675 4179 4221 387 4841 829 2431 962 3197
2144634,3033 1731 4611 2431 3396 1808 2999 2153 1176 450 4984 116 2361 4855 2853 2697 3301 1430 2516 4289 1252 1935 4471 3354
2163558,3101 4889 487 4471 1446 3951 3519 248 1417 259 778 398 3709 4385 1990 4641 2697 3925 4318 4697 2188 3424 1774 2137 3020 3091 4179 2034 1450 1742 1430 3383 714 1306 1252 709 4221
882937,2921 2685 1464 2992
3174380,4554 3651 2837 2728 1133 3146 867 866 2278 3675 3009 2087 4292 2340 424
397270,2992 1337 1629 4357 2921 4987 297 3036 4964 4179 245 3983 4221 4388 1990 736 2583 3559 1701 3116 3969 193 3739 4973 3115 4938 3982 4114
1614674,24 424 4761 3776 3619 4736 4311 3587
1352826,3062 3136 3946 424 3675 4292 3502 930 3651 2196 1450 4758 4471 4903
259076,4964 3951 4320 1990 4587 450 3778 2034 3916 2894 4221 245 4471 829 487 3675 1015 1111 2188 387 3197 4179 1694 2137 4168 3499 1356 582 193
1868997,1321 3675 268 4987 4471 1450 2921 787 1446 1788 2431 3136 3062 2583 4021 4317 875 2565
627834,2487 4306 2600
592240,3136 424 3651 3587 930 3554 4727 3561 2025 368 3478 4292 24 3494 2297 3946 3776 2837 4302 867 2340
2404480,4871 4558 4727 2260 3499 3916 4478 4168 4587 1356 3574
1803991,4311 3776 3788 2728 3211 4727 4027 302 4558 3667 3866 44 4006 4539 3899 2880 2704 3420
400496,2921 2685 2992 1430 4388 1990
1875068,2813 677 1028 4999 3653 4958 4168 4242 995 1707 149 3475 4611 1974 529 219 5007 4735 805 1440 1514 4964
485579,4972 2793 4857 2466 3276 1095 912 3675 2278 4778 4010 203 2033 3632 3673 2439 4767 1668 1133 3094 4807 431 4907 305 1214 2528 866
2661427,4727 4558 3916 4168 3148 3574 3136 2340 4027 2728 4587 2034 2659 930 4871 4478 245 305
2793846,4972 1480 1781 1133 2439 4216 1814 4985 578 3979 3675 4585 4907 1095 1782 2466 4583 2789 432 4315 3121 3371 4142 62 4778 3010 4380
1288582,268 3478 4541 900 112 2831 3867 4317 930 2921 4987 1321 3782 4938 2025 3136 3198 2728 2099 1042 786 3675 223
3640322,1742 2921 3085 268 3198 4987 4053
422461,3276 2528 4658 305 2466 4857 974 1668 4972 2033 4558 4727
1555736,3867 112 2099 245 630 3478 2921 1180 2831 268 2424 1596 3495 1701 1493 4027 532 4053 4539 3651 1501 786 4587
3398920,2728 2425 709 4558 4539
1988720,709 4727 4558 3136 4587 3499 4871 3776 930 2659 3574 3146
910644,4727 44 3776 302 3924 2880 4311 3148 3211 4558
2956065,2793 2466 4857 4972 3276 4985 3518 1909 3094 2710 3003 792 1108 3632 1668 1095 2022 203 1480
3128433,245 4357 1493 4987 4179 2921 4587 1694 2034 112 193 4964 3197 1540 4221 2992 1446
3432982,3197 4964 245 2034 1694 271 4357 4987 4221 193 4179 4450 1990 4867 4565 4904 1516 3969 3524 3778 3863 109 847 2320 1798 4471 197 1493 4317 3918 3925 3163 2831 1844 487 1446
260315,245 4357 4987 112 4221 1493 2921 268 4179 1897
5986,424 3813 3062 4850 1099 3946 3587 900 2297 3554 3136 781 571 4471
3498869,3776 2501 3478 4554 424 4727 1928 24 2278 4000 930 2340 866 683 430 4292 4558 3146 816 3587 2433
2033946,3385 3453 4266 4681 1122 933 715 3963
3793236,895 1321 2583 3107 4317 1430 1701 4987 3235 4053 2206 900 1990
1633372,2728 3574 4558 1180 302 2425 4027 4727 4541 1596 4539 4174 3404 2100 2424 3478
3755258,1321 2831 420 2034 4317 112 245 3925 3478 1788 2099 268 3782 4116 3198 2320 1307 4318 4987 2583 2921 4021 4027
1477014,1133 3675 4554 3651 4292 4624 62 431 2196 3009 2278 4857 3121 2033 3062 1095 3371 3489 4585 867 1781 1388 866 2837 315 3277 3111
2549289,1321 3946 3136 3675 3969 4758 866 1788 1450 4368 1972 3773 2297 2367 2432 4318 648 3277 1938 1575 3502 378 1133 2565
3556192,2651 32 923 4992 3373 597 1764 4759 141 1568 3978 4583 4320 3987 2095 1637 4071 1287 1424 4471 1238 4957 962 2761 3020 4987 358 2588 4945 2431 4964 3233 3079 1388 3471 2554
2364400,2818 376
3580603,4558 709 4727 3499 2728
1124254,2583 4471 2431 4987 245 4357 1321 3116 1446 2594 1430 2565 4221 2111 2921 1788 3025 4021 962 4460 895 4318 526 2582 2992 3778 4179 4889 268
291236,245 4357 1321 3116 900 112 4987 4587 2034 2992 962
3458695,24 248 424 3776 2506 3420 930 982 324 4850 1636 4029 3587 2501 3843 430 2798 4302 781 3021 209 2905 2224 763 1928 4489 4424 2899 4180 3946 1099 3163 3433 518 368 3277 4292 2969 1725 910 315 2402 3075 4613 4194 2025 4373 3851 4648 4431 4000 3478 4560 3619 1473 1960 3833 4979 4207 4980 1761 4641 4130 2745 4926 4586 4377 2974 721 4471 471 3702 2963
858352,2424 3867 112 268 2728 1501 2099 2029 4541 4053 4027 3478 3242 532 4539 3495 630
1816059,578 2439 3675 4907 4380 2789 1399 3450 4955 1133 3514 3371 4295 566 709 1510 1095 2537 3010
2631615,431 2278 4560 305 2033 4727 4658 3938 1140 4558 2779
452523,4179 4867 4357 3116 112 4221 245 3197 4987 2992 4471 151 962 2188 4889 1990 2034 2950
2900528,1133 3675 3489 4585 4292 4624 4554 424 3773 3121 1248 4850 315 2402 982 3062 3009 1928 763 2087 1136 62 4613 3371 3894 3514 4106 4903 4142
31645,431 866 4554 2278 1133 424 2033 3146 2837 305 3651 486
3631212,112 2831 4027 2034 2099 245 3198 3197 2029 1694 4317 3386 55 4539 1395 420 151 1990 4053 3951 44 3917 3524 3918 4558
3087015,424 2501 4727 3776 930 1928 709 2087 866 486 24 4554 305 431 3843 2278 2033 3946 4292 3062 4302 2340
3807189,4587 2034 245 3951 1990 4727 4964 112 4168 3148 1694 4471 4027 1015 900 3499 3916 1404 4385 3466
504139,112 4541 3478 2728 2099 4539 3867 2029 245 2034 786 4053 268
1391142,245 4987 4357 2034 4565 1493 2831 112 1694 4221 3524 3197 1897 2921 361 2992 1540 895 4179 4053 4317 4450 4964 197 526 193
83852,1321 875 3062 900 4317 2328 368 112 4494 268 571 1337 4987 1701 787 4357 2008 3946 3242 430 3969 3478 2921 1450 2586 895 2831
1431006,112 2831 1493 900 2099 2034 245 268 3478 1786 3198 1354 2206 4053 1321 922 4357 4317 4987 1042 2029
959156,216 4627 829 3159 315 3829 449 2508 2697 779 684 1538 71 3863 3825 4900 4320 4011 4964 259 2137 2146 1574 2611 3371 4008 4385 4841 4471 3675 3916 1322 4289 3571 2387 4402 1578 2431 3308 1304 1252 450 778 3471 62 387
3832178,4554 1133 2087 3651 3675 431 4292 866 709
605234,1133 3675 4585 424 3489 4554 3009 4850 4624 2087 3773 315 1248 4292 3121 1136 2402 3514 3371 1928 763 347
754557,3776 4727 930 709 3136 2728 2659 3146 2837 4558 2956 818 4587
3241928,112 245 2034 2831 151 3197 900 4221 4357 3198 4587 2099 1493 1990 582 4053 2188 4179 4987 1694 1354 922 3524 3778 2992 4027 3642 4285 4565 4664 109 223 2029
720507,245 4357 4987 3197 4450 2431 3524 2445 4964 197 4317 301 847 2034 1493 2921 2320 3925 895 361 1694 420 4160 3969 2831 1897
1830146,2025 4317 1321 4736 223 368 4987 4758 4357 4302 3946 900 1788 3478 112 875 3277 2770 245 3651 4292 420 2831 3062
32559,578 2681 2439 1928 709 3675 1399 566 4874 3010 684 2402 3450 4955 4857 1532 4292 62 3121 2049 4380 4289 4106 3308
3538291,3136 424 368 3946 900 3554 4471 4302 3478 2297 3062 930 2025 4292 430 3813 3587 3651 2586 4560 112 1742
3858192,245 112 4357 2034 3197 4987 4179 4221 2831 900 582 4587 3524 1493 4867 4964 1990 4053 962 4317 3116 2992 109 1694 4565
25464,900 2034 112 1321 2831 245 1042 420 1493 2583 4317 895 4357 4318 2206 3925 1786
483047,2583 895 1321 2431 4471 4116 2921 1430 4318
2024782,112 245 2831 1493 4053 2034 4357 151 2099 4987 922 2992 3198 900 3197 4664 4116 4160 4221 2029 4938 4027 1701 268 3524 2921 4317 4587 1337 3642 3867 3778 4179 895
2067006,3574 4558 4871 4727 1596 1180 2425 4027 2728 4168 3917
1093596,2831 112 1493 2034 900 420 245 3782 4317 3198 2099 1321 2921 4987 895 268 4053 1990 4021
2189807,3148 4727 4587 4558 4027 3916 4871 44 2340 1356 2034 3499 245 2728 4168 1015 3951 2746 4390
397888,3114 2498 1993 2091 475 2699 3226 4324 550 1545 3940 3030 4681 3647 828 4881 792 1875 1827 4266 2306 4216 4857 529 1668
1780589,4558 4727 2728 4587 2340 3499 2837 930
2394304,2831 245 2034 3197 112 2583 3951 420 1990 3925 4357 4471 1446 4027 2733 4964 4021 1694 4317 1307 4587 2320 4450 3466 387
3086575,4357 4987 3116 245 4867 1321 4179 4221 2992 895 900 112 4471 2583 3406
2799182,2728 4541 709 4558 930 4871 3574 3404 3136 2424
950477,112 1307 245 4116 2831 4021 1321 900 3782 3198 2099
2248803,315 3675 4857 62 3371 3009 2439 1133 3121 4554 1388 4289 3489 1762 1095 4585 4471 2196 3773 4380 3450 684 4624 1781 4292
829891,112 4357 245 900 2992 4987 4053 2831 895 2034 4179 4664 151 2099
3838490,4471 684 2431 315 3371 2697 3159 3863 2508 778 4385 4964 259 216 62 2146 4289 779 4627 3829 3675 3778 328 1252 1322 3571 2137 3825 3925 4900 4855 4320
2324008,1301 1034 1615 900 4027 3186 2211 1694 44 2927 2423 4056 4898 4424 4311 4207 2193 3707 1918 243 829 3197 2611 420 3776 4139 4732 3296 3358 1850 4926 4192 387
3741406,1493 2831 4027 2034 245 268 223 3386 3131 3524 4317 1990 3198 3917 3925 829 2599 420 3197 2099 3867 4541 3495 662 151 1191 4987 3778 2029 1395 3918 786 1694 2728 112 3478 3782 55 4450 1337 924 315
2559660,4587 44 2423 900 1404 4727 3211 2034 816 3148 1990 4027 487 387 3197 3951 1694 3778 1015 2340 3466 1230
2462476,4871 4027 3574 1596 4587 4727 2034 4558 245 1990 1180 4168 3778 44 3925 4221
73584,3062 3136 424 3946 4292 4850 982 3813 4585 4302 3554 1099 3587 368 4471 1321 4624 2586 3277
1112023,4964 3916 4587 3951 2034 4168 245 1990 1015 4471 1694 387 582 3675 450 4385 3116 4320 4179 3197 2188 4221 1356 3778 3499
1511968,4554 424 4292 1133 4624 3062 4850 3675 2087 3121 2402 866 3773 4585 982 62 2196 3651 3489 2501 763 378 4302 315
187609,4936 3739 2030 4114 4938 1939 3115 4518 1337 2921 245 1307 297 1878 629 1284 1540 4494 1226 4361 736 3403 3909 2445 1321
801125,3675 3121 62 2439 1133 4857 2789 3773 684 3009 4585 315 3371 378 4106 1095 4292 1388 1248 352 1781 3979 3111 708 3489 4289 772 2402 3894 4142 76 3651
2656239,4554 866 1133 424 2278 431 4292 3651 2837 2501 3146 2025 930 486 4727 3478 4758 2033 305 430 2340 3675 268 24 2433
3235068,112 3782 4053 1337 361 2921 2831 1493 3198 245 2029 4565 4938 1701 4987
1815875,2710 4972 4985 4216 475 3518 4857 1781 2793
2796571,2053 285 2992 4388 2382 1990 2921 1185 1544 4179 2685 1430
1846721,2053 2992 1990 285 2921 4388 2382 1544 3036 1430
939044,1440
3775641,1224 510 4109 3079 3233 3471 4985 221 4266 1827 1198 4471 4216
421799,4964 3951 4168 3916 4471 245 3116 4179 387 4587 2034 582 1990 3197 4385 1694 2146 1798 3109 4221 2188 2950 2733 3499
1097500,2728 4539 2425 3917 4558 2099 2100 302
1338775,4541 1293 2728 4539 1501 3283 1469 2837 2029 24 709 2397 4558 4727 532
1345400,4727 4558 3574 302 3148 4871 2340 4027 2728
133300,112 2831 4357 4053 1493 151 4987 245 900 1337 3198 268 4317 4541 2992 922 4285 875 1354 2008 3131 1701 420 895 4736 2099 3524 4938 1321 4664 4450 4160 3478 223 2029
675871,1321 2583 895 4357 4987 900 4021 4471 1701 2921 962 112 4867 2992 1788 526 245
1308936,4972 4727 4558 431 305 2278 4658 3938 2033 2537 2782
2773541,1493 2831 3131 4317 4027 223 268 3198 2099 245 2034 4541 112 3478 3782 3917 420 2599 3925 4987 4053 151 3867 3524 900 3386 1990 3197 2921 1191 4450 1337 1694
2508429,112 2831 1493 2034 245 2099 3198 900 151 2029 4053 4357 3197 3524 268 4317 3782 4987 1307 3867 3131 2992
649891,3951 1990 450 3916 4964 4587 1694 4471 2431 3778 1015 2034 4871 2137 245 387 116 2894 1356 4841 4221 1167 3863 4168 3136 4867
1008869,4476 4584 3121 4855 4183 1808 2780 2451 1252 378 515 1577 3985 2431 62 3424 3883 3396 3570 3675 4162 3101 4787 1450 4790 2087 566 4096 3773 3055 1268 4471 450 1154 3277 4380 2769 2335 1304 3818 2697 4560
718416,3675 2439 1964 4216 1095 3121 62 1388 4471 3111 432 1133 538 32 4857 3709
3192694,2382 2053 2992 4388 1544 1990 285 2685 2921 3490 4441 1331 3036 4179
2174344,4727 424 3776 24 2340 930 3561 2298 3478 3587 302
3887788,3675 4554 3009 3651 1133 2087 2728 2837 3121 4292 709 2439 4289 2340 4558 3146 315 62 3371 2278
1850874,4727 4558 4871 3916 3574 3148 302 3499 4587 4168 4478 1356 3136 305 2034
3457064,245 112 4357 2034 900 4179 3198 4221 1321 3197 962 4987 2992 2831 2583 4021 4587 151 3036 3116 3642 4471
3333142,1544 285 2053 2382 1990 2992 2685 4441 3865 3440 4388 3490
1491228,1469 4539 367 924 2029 709 3283 3198 3524 1325 4053 2831 662 268 2593 2599 381 4541 1475 3460 3917 1307 3867 2099 297 3782 1990 3131 2719 2034 245 2992 3431 151 875 4494 3983 3495 4565 4027 1191 1199
1751983,4471 4318 3951 2583 1321 387 2034 4587 4385 245 1990 3675 3925 4964 1430 368
1167140,3276 2728 4554 431 1133 2278 2528 3651 3675 3009 2837 3146 4558 2340 866 709 2087 867 974
1398225,2960 4611 4258 794 4409 4876 1838 3247 3341 1090 448 3396 1694 4606 240 623 1252 2848 4370 4427 4964 927 1324 566 4570 3372 4672 450 3829 1161 3249 2957 439 4417 1176 4855 884 73 160 1052 4587 4313 3187 16 4783 1165 3650 2984 860 2349 1015 492 3230 4604 1207 3499 1924 3970 470 83 3316 4167 3815 1137 758
2771675,4541 3478 2728 1293 4539 4727 112 4558
3777563,4964 3951 2034 4168 245 3916 4587 4471 2188 3116 1990 3499 1694 4179 3197
2657767,4558 3574 3478 2425 1596 4727 1180 4539 4541 1742 4027 112 2099 2728 4871
2396361,3916 4168 3499 1015 4587 4478 4727 4964 4558 3951 1252 1694 245 1990 2034 4385 305 1356
3725197,3977 1562 1701 112 247 4442 268 3696 4198 1220 3983 630 2030 4494 72 1818 532 1421
2088445,4558 2728 3574 4027 1180 302 4727 1596 2425 2340 44 3917 2099 4541 2424 4539 112
1274299,2431 2320 245 3925 4471 1990 4317 2583 4867 4587 1321 2034 4987 4179 4357 3778 3406 1446 4221 895 2831 2582 3969 3951
164506,112 2728 4027 4539 4541 1293 4558 3478 3283 2099 2425 532 2029 3867 3495 2034 4727 786 55 245 1501 2831 1493 2424 268 3198 3386
3275426,4223 1581 4084 1285 404 376 1215 219 534
3183122,1321 268 1788 112 4987 4317 900 2831 2583 4357 895 2206 1307 1042 3675 245 420 1430 3925 4053
608500,2728 4541 4539 1293 2425 3283 3478 3574 4558
3533205,2034 245 3197 2831 4317 3675 4027 1493 1990 3925 3778 1694 4587 223 268 829 900 4471 112 4964 3136 2320 3951 4987 3198 582 2099 368 3386 4450 4357 1321 4541 315 3466 3917
36569,424 3136 3946 4292 2025 930 3062 3277 3587 24 3651 2501 4758 982 4736 2983 4727 4302 875 368 3478 2298 2837
2748135,4727 3651 3136 930 3574 3478 4558 2728 4871 4541 2837 1858 2298 3561 2659
3335399,1293 3283 4539 4541 2425 4558 2728 3574 2029 1469 3478 2099
1219657,245 112 4357 1493 2034 4987 3524 4565 4053 3197 3242 4494 2831 1694 297 2921 895
2353868,3062 3946 3502 4292 4758 3772 1321 1450 3675 3136 2297 982 352
1075462,4727 4558 3148 4587 1356 2340 3574 4871 2034 4027 2728 3916 245 302 2659 3951 1015 4168
1011820,2793 4799 4961 2466 3094 4975 4471 1108 4266 4857 1498 3248 1964 1909 3471 1668 3650 2278 1925 3099
3026149,1321 1788 3081 3969 4758 2432 3675 4987 4318 2921
3399302,424 2402 1928 4292 1133 2087 4554 866 3062 2501 3675 4624 4850 248 4106 578 3121 3946 315 62 3489 763 910 4896 982 3702 3773 24
2878316,112 2831 900 4987 1493 4357 245 4317 2034 895 1321 3782 420 4053 2099 4021 2992 4116 268 3197
3677710,245 4987 4357 112 2034 1321 4317 3163 3969 4494 197 895 3242 1493 2831 3197
2431070,151 245 1493 3197 3524 2831 112 2034 4357 4221 4179 3198 4285 4317 582 223 4021 4053 1337 4987 2992 2099 4565 4131 297 4148 4450 2029 1990 3782 4867 2668 2320 662 3778 193 3131 268 3707 4160 962 2599 3925
526055,1321 4317 420 4736 2831 895 4987 900 1788 136 2008 3406 268 112 3782 875 4021 1042 223
1370051,2728 2425 4558 4727 2837
2368710,2439 4857 3675 3009 62 1133 315 3371 3773 4289 3121 1388 4585 684 1095 4554 4380 4106
825606,4554 3675 1133 3651 4292 4624 3009 3371 3121 867 4289 62 3062 2196 2837 305 4585 866 2087 378 4302 1450
2869663,2831 1493 4317 420 112 2320 2034 4021 3782 245 4450 900 3197 4053 2099 3524 4987 4357 3925 297 1321 1042 3198 3406 3131 2029 268 895 1337
1059694,1133 3675 4554 4585 4624 424 3773 4292 4850 3489 3062 3121 3009 4903 1248 3946 62 315 2402 763 982 3813 4142 3514 3894 347 900 2196 4106 3371 4113 2087 2745 378
2661477,3379 677 109 4364 2746 4027 4587 3917 3256 1694 1616 4964 4520 3118 44 4179 2890 1395 112 1798 829 151 4732 2007 193 3916 1102 2824 449 1547 582 3148 3712 3776 247 3932 4070
2585157,2431 1990 3951 4471 4964 450 245 3925 193 2697 2583 3778 2921 2034 259 3466 701 2095 3863 4318 3197 4179 4587 3371 3916 2328 2039 3471 1252 2320 487 4221 3675 4841
2421824,4053 787 268 4317 1701 1307 112 4938 2418 1042 4987 2029 3782 1321 1337 4116 3707 4494 3642 4021 420 895 3198 900 3478
218336,4318 4587 2034 4471 3951 1990 245 3466 4385 487 3925 387 2583 4964 1252 4168
1450778,2831 1493 2034 112 3198 3524 268 245 4317 2029 3131 420 2099 4450 1307 3197 4987 3782 3867 4053 4021 4027 151 1990 1042 223 3925 900
1237455,420 4317 4021 2831 1321 1307 2583 112 2320 4318 136 2206 1788 895 3782 3198 4450
914335,4867 4021 895 4357 4987 2583 112 4317 900 2992 4116 4471 197 2921 4889 4285 1321 245 962 151 4221 2320 1990 2582 4179
2887250,3276 4857 3675 2837 2528 4558 3651 1781 2278 4554 1133 2728 3009 4658 431 974
2926728,2034 4964 4587 3916 3951 1015 4168 245 1694 487 3148 1990 3499 4727 1356 4385 3197 4390 387 4221 2188 3778 4179 4320 1404 2340 4558 4471 3136 4027 305 2733 109 450 3675
2782666,2728 2425 4539 1293
3310951,4357 245 112 2583 1321 4318 2992 4987 1430 900 4021 3642 2034 962 4471 2030 3116
2219154,1321 4471 2583 4987 895 3062 3969 4357 2921 4867 1788 2188 2431 4758 1450 3116 1430 1446
3776123,1321 245 2583 4471 4357 4867 900 2328 2431 4021 2921 1990 3197 112 4987 2831 1446 4285 962 1430 2095 2034 4317 3925 2992 1337 3969 4318 2320 2594
3317723,4541 2728 3574 2424 4558 2425 930 709 4871 3136 2099 3651
162295,4987 4471 1321 245 4357 4867 1788 3116 4221 112 1430 4021 2583 962 4587 4889 3675 526 3062
1577945,4027 2099 2034 1596 245 1180 112 2728 3495 4539 2831 3917 3867 44 2424 4116 4587 2425 630 55 3918 3925 3574 1844
3145288,2382 2053 1544 3865 4306 2992 285 3490 4441 1990
1718510,1321 4471 1788 3675 4318 2583 900 1430 4317 368 3136 4758
1301806,2831 112 895 900 420 4317 3782 2921 4053 1493 2034 3198 2099 268 4987 1321 245 4116
2033322,112 2831 1493 900 245 2034 4317 4357 1321 4987 420 895 3197 4053 4021 297 1042 3524 3782 268
2790615,4027 2831 2034 245 2921 112 2099 1493 3778 3917 4727 3197 3951 1990 268 44 3386 3198 2728 4587 4558 3867 3478 3925 3574 1694 4053 1596
1557269,4947 4680 3533 1052 4830 1977 613 3171 3625 4258 2353 1138 2785 4083 1674 4876 4427 1086 2957 681 159 4433 1068 349 1431 651 1030 157 1452 64 2601 2349 4553 1151 4672 4964 2401 1252 1207 3099 317 5005 4877 785 4570 1694 1621 4783 3829 2602 2521 3844 1925 984 846 4579 1625 4078
3615067,866 431 1133 2278 424 4554 3651 4624 2033 4292 2837 2501 3146 2196 4727 305 486 3675
663910,424 4727 3587 2340 3494 3946 347 3561 930 3136
334895,2160 3235 4938 1307 2921 1701 268 3198 3867 2138 4053 1337 3107 2029 787 3782 3431
2944676,424 3136 4727 3587 930 3561 368 2340 3494 4758 4471 3946 4302 3651
2548356,3559 2818
2329478,424 4850 3062 781 1099 900 3813 3946 2586 3587 430 571 3136 4292 368
2607899,112 2831 1493 2034 3198 900 268 1354 245 2029 4317 4987 1321 2099 1307 1042 4053 3925 4357 4021
1388915,496 4307 3215 145 2788 1072 4334 1073 3143 2932 1558 4653 3894 2153 2224 1149 1712 1022 125 414 3843 660 4000 927 4613 4807 872 2518 220 3045 237 4955 2137 4900 3450 4120 763 684 167 2969 2978 464 3942 3857 24 3776 4029 4666 1419 248 216 1682 1154 709 2501 972 1384 2626 918 2127 347 2278 3265
3610979,3136 424 3651 3554 4727 900 3946 368 930 4292 2340 3813 2297 3561 4302 3478 2025 3587 3062 4471 347 4850
1897399,112 2831 2034 2099 900 3478 4027 2728 245 3495 3918 4587 2206 4727 1493 3867 786 3198 3148 268 4053 2029 1404
2472039,4727 4027 2034 3148 2728 4558 4587 302 3478 245 3136 2340 3951 1990 44 3574 2659 368 900 930
1040346,4554 4624 424 4292 3062 1133 4850 2087 3675 3969 4302 3946 3478 3651 866 982 2501 2196 3277
2858371,1001 1861 2276 2657 2363 964 2805 553 3931 1260 2341 3097 4906 2945 2740 1702 2245 2927 3450 4326 3542 3914 523 2 169 2928 3190 2952 4827 3678 3470 3713
41000,4027 2728 4727 2034 4587 245 1596 1180 4558 2425 44 2099 2424 4871 3574 112
1736388,4727 3574 4558 3404 3136 930 4174 709 2298 2728 1180 4871 3478 2659
1534453,3675 4857 1781 3121 2439 1133 3009 3651 4554 3371 1095 62 2196 431 1388 378 4292 4972 1308 772 76 4106 3979 3773
1197306,4727 4587 2034 4558 3916 3951 245 3148 4027 714 4964 2728 1990 4168 2340
734833,2927 2928 1219 4906 4632 4139 1281 1001 4014 2250 3480 2880 3914 3067 2611 4514 4651 238 1463 1861 3658 2629 4045 2124 2272 4038 764 4820 402 1193 3705 280 2190
1231471,245 4357 4987 4471 4221 3197 2034 1990 4587 2583 4964 4179 1446 112 4867 1321 4889 3116 582 2831 1798 962 2188
3067803,1321 787 1701 1337 268 361 3242 1307 2921 4116 895 2138 4987
1115884,245 2034 1694 1493 112 2831 3197 4357 1540 4964 3524 4221 4587 4053 4179 2099 4987
3799523,2034 4027 245 3951 1990 3148 2831 3916 112 4587 2099 4727 1493 44 3197 3778 4964 3386 1694 1356 900 1395 1015
2356676,112 900 2099 2831 4053 895 4357 4664 268 245 2029 2034 1493 3198 1701 4494 3867 2206 2992 4317 4987 1042 1354
2587004,2651 1568 597 3373 1764 1238 4071 4583 4471 3233 4759 32 923 1637 2588 2431 141 3987 4964 358 3079 3020 4320 1388 4992 3471 962 2120 1424 1551 4987 1788 1287
1051023,4541 3574 4558 4871 2728 709 930 2424 2425 3136 3404 2099 3651
1060678,221 3094 591 2710 792 4216 4681 4985 1195 1108 432 4030 2352 992 2049 3933 4972 1814 4266 1827 2362 2573
3212377,4554 4292 3062 1133 3675 4624 3946 4850 424 4903 2196 3489 1388 4585 982 1450 2087 3773 3651 4302 900 3478 867 3561 2297 4142 3121 3146 4113 2402 3969
775138,4317 1321 3062 3946 900 4736 895 3277 420 2008 875 2586 1788 4987 223 3675 4292 136
1438973,3574 4871 4558 4727 1596 1180 2425 4027 1628 4168
2344926,4558 3574 4727 2728 302 2425 4871 2340
2862460,424 4727 2340 4850 3062 3946 3651 3813 571 900 3136 1099
160932,4558 3574 4727 302 2728
2922884,431 2278 2033 305 4560 1140 3938 4727 4658 2779 4558 4972 4767 1133 1694 2044 2537 836
1854055,1493 2831 112 2034 268 3198 2099 3867 2029 4317 3782 420 4053 245 3131 3524 1042 900 1307
3872018,4964 4471 2431 847 3510 4988 2583 193 197 4686 2814 2153 2095 4570 3969 3519 4276 199 2863 3197 1742 1142 450 3011 1430 4357 1587 4611 1652 3925 2696 4303 2320 3863
1816735,4727 3148 4587 4558 3136 245 4871 2340 930 2659 2034 2728 4027 3651 3574 4168 3499 3478 3916 1015 3778
992255,4494 3851 4938 1701 532 1059 895 4053 2030 2921 736 112 1522 3019
901551,2921 1421 1701 2030 4973 1337 2992 1226
891891,1321 3062 3946 3772 3502 875 4317 895 1450 4292 900 3136 4758 1307 3675
1743496,2831 4317 1493 2034 420 245 3198 223 268 2099 3925 112 4027 4131 4987 1990 4053 3524 900 3197 3131 2029 2921 3782 2599 3867 1337 4021 4116 1321 2320
2458433,1757 4587 3499 1015 4791 4558 1694 245 4727
822492,875 3062 1321 268 3242 4317 1337 1701 4494 2921 787 2565 1450 2418 3946 368 2328 3675 900 3136 4053 4302
531594,2034 4027 3951 245 3925 4587 1990 3778 4727 4871 4964 3197 4317 2831 4471 450 387 1694 2921 4385 2431 1356 2583 1395 4987 44 1321 3916 900
2527032,2921 268 930 2025 4541 2728 3478 4494 3136 2837 3085 875 3651 787 112
1496388,866 424 2278 2033 4292 4554 2087 4727 431 305 1133 3651 486 3675 3062 2501 2837 1928 1095 930 3554 4758
2519309,424 3420 930 3776 24 248 4029 1928 2905 4850 2899 982 368 4302 4489 2506 1636 430 3433 3946 3021 2224 4424 324 3843 781 3587 2501 4648 1473 1099 209 4377 2798 763 2969 3702 3163 4130 1725 910 4292 4373 3277 1960 4000 4586 3478 315 4980 518 4641 2025 4194 3833 4560 1761 3075 3851 2402 4207 4926
3559897,4587 4727 2034 3136 4027 245 2340 3916 3148 4558 1694 4390 1015 3951 3386 3675 1356 487 3450 4471 1404 368 4964 1990 3466 3778 4168 900 1252 387 112 3197 930 4385 2746 424 1167
1692321,4554 4292 424 3675 305 2278 2087 866 2433 2340 1928 3554 486 4758 2033 4727 3478 2501 4302 4624 3062 3146 1133 3651 3371 4471
1653118,4554 4624 4292 1133 424 3675 3062 4850 2087 3651 3489 4903 62 2196 4585 3121 900 3773
596705,2034 3951 4587 245 4727 4964 4027 1694 3197 1990 4471 4385 3916 387 3136 1167 4168 487 4558 3925 1395 3466 3148 4318 1015
1231224,2801 3874 1321 2583 3116 2921 526 2950 1825 4987 1026 1430
3095361,3136 4727 4541 2728 3651 930 24 2837 3450 3478 3146 4558 3776 2340 1742 709
1358642,3651 4541 3136 245 4558 2728 4871 930 709 3574 1694 4027 3146 4587 2099
3100222,2921 2445 1701 2328 1533
2460344,3675 2087 1133 3009 431 4554 3651 3371 1781 866 4289 4471 3121 315
2236599,424 3136 3946 900 3062 3554 2297 3813 368 3587 4471 4850 4302 4292 3478 1099 930 430 2340 4727
3106514,3062 3946 3136 424 875 4292 1321 1450 2586 4317 3502 930 4850 900 4758 2432 368
442688,2728 4558 2425 4027 302 3574 4539 2424 4727 2100 179 4541 1180 3478
2433361,2425 3574 4558 1180 1596 4871 4027 2099 4727 1742 4541 2728 3917
3517836,1321 2831 900 112 4357 4317 4318 245 1788 4471 4987 2583
1050484,245 3524 3197 2034 2099 2831 4179 151 112 3925 1493 4357 1990 4053 4317 4221 3782 3918 4987 3778 193 1694 1337 582 3917 2992 2320 4027 4565 3867 3198 4116 4964 4664 420 55 4131 3386 3707 3036 2029 223 924 1844 109 4539 1596 3495
3914650,2034 245 3466 4587 4867 1990 2206 4317 1493 112 1694 3163 4964 2599 3925 487 2583 1321 900
1051822,2921 4494 1540 2030 361 1701 895 2206 4936 245 3242 787 112 2445 4938
2871935,1990 315 3197 3951 3925 71 245 4964 2431 2034 4471 2095 2583 2328 4317 2320 3778 3863 193 4867 2831 1322 4587 1446 829 1337 1252 2921 1694 3917 420 900 3406 3466 4027
1986818,1321 2583 2831 112 4987 2034 900 245 4357 1788 4021 4317 268 1354 3925 895 962 420 2206 1493 4471
1913080,3574 4558 4727 4027 4871 3404 2425 3148 2728 1180
41158,3440 2600 1990
1611209,1293 4558 3283 3574 3478 391 4539 4541 2425 2728 4727
2223342,900 112 245 1321 4357 2831 4471 4889 3036 4269 3642 3116 2188 4987 4317 2583 2034
2556850,112 2992 2099 4357 3642 4664 4053 2029 900 151 245 4269 3782 895 4116 3983 4565 2034 3198 713
2248806,112 2831 3478 4541 4027 1493 245 2034 900 55 2099 3386 2728 3198 4053 922 3131 4727 2029 3136 1501 3495 1354 3148 1404 4987 4317 268 4736 24
2561445,4471 4987 1474 487 2034 197 4357 3197 2895 2431 4221 3969 4926 2583 2320 3778 4964 1321 4179 4318 193 245 2111 526 1430 2781 1788 4889 3101 3925 470 4317
1761747,1307 1321 4021 420 4317 895 2831 3131 2583 112
1721946,4587 3499 2728 4791 3148 2340 4727 4558 3951 2746 1740 4447 4964
3146248,245 1990 4871 3778 2034 4587 3951 4027 1596 3109 4168 3916 2099 3925 4179 4964 3574 4727 4221 2146 1180
723622,4587 245 2034 4964 4987 3951 3116 4221 4357 4179
1445054,112 268 3867 3478 2029 1307 4541 2728 1321 900 4053 2099
3435190,1293 4558 4539 4541 2728 3574 3283 391 2425 3478 4727 302 1180 2099 4027
1869402,3776 4727 3136 930 2728 2837 709 2956 2659
1977041,112 900 2831 1493 2034 245 1042 1321 4357 895 268 420 3925 4317 2099 2583 922
12527,4587 112 245 3148 3499 109 2728 4964 2340 3136 4727 4791 4357 3951 2950 4558
3521231,2034 1694 4727 3916 4587 3951 245 4964 1015 387 3136 4027 1356 4558 1990 3148 4385 4168 3675 2733 44
2747752,1544 2685 1464 2382 2992 1990 2053 1430 2921 4441 285 4388
2895864,1781 4972 4216 1814 3979 1133 1480 2466 4583 2793 4585 4985 4315 1095
2271547,424 2340 3136 900 1742 368 4727 4471 3946 3478 3554 930
2829479,2728 4558 112 4539 4541
426470,3683 191 967 1035 450 3863 4027 4303 4988 684 4471 3925 2858 2728 4964 2921 3119 2445 1317 3951 2508 3210 2814 2146 1314 555 4587 4385 4494 3101 4317 79 2320
1294482,4317 2831 420 268 900 1321 112 2921 895 2034 1042 4053 3198 3782 3925 1493 4494 2206 3867 3242 4987 1307 3478 245
2735177,4964 4471 3951 2034 1694 1015 3916 4168 4385 487 2431 4587 1990 245 3675 1252 3136 3466 387
1703760,4727 4558 302 3574 3450 3148 3136 4871 3478 4541 3776
1773134,3062 3136 3946 1321 3502 1450 4292 4471 4758 424 368 2432 2586 2297
1083853,2921 2685 4388 2992 1990 2445 2382 1544
128585,1321 4318 4471 2583 1990 2034 3951 4357 4587 1430 2831 245 4987 3466 1788 2188 112
453713,2502 4460 4964 470 3829 1990 2984 1322 216 1252 3471 2660 3722 4096 1568 2202 3778 3951 4095 3383 4471 2431 162 4790 3863 4852 3300
1066594,1321 3136 3675 4292 2328 3062 4987 2565 3772 4758
2617704,4964 4471 1990 450 2034 245 3951 3778 3197 4587 1694 4385 387 4168 4318
1385097,4541 930 3136 3478 875 268 3946 3651 424 368 4292 2025 2837 1321 2728 4727 112 1701 787 4053 1337 900 3587
818386,1321 2921 268 895 787 361 1701 4494 2418 1307 3242 4317 2565 1337
771914,4541 2921 2728 268 3136 875 3478 900 4494 4317 2328 930 368 3146 3085 3062 1337 2831 2008 2099 361
3841582,245 2034 4471 1990 2583 2431 3951 3925 4318 3197 1321 4964 3675 4587 2320 4987 1252 4385 2831 900 778 3466 4317
1067435,2921 4388 2445 2328 1990 2992
1810723,3062 4292 982 424 3946 900 875 3136 4317 4850 3675 1321 3277 4736 2586 1450 4758 430 4987 3969 1099
1494088,112 900 2831 268 1493 4317 2034 3478 2099 1042 1321 245 3495 3867 4053 3198 4357 4987 3925
100388,424 4727 2501 4554 4292 3776 2278 4850 3062 4000 248 430 3587 2340 305 3894 4471 2033 4302
313795,4558 4727 3148 2340 4168 302 4587 3499 3916 4027 4871 44 1356 3574 1015 2728
1132738,112 2831 900 2034 1493 3478 2099 245 4317 1321 268 1042 3198 2029 4027 4357
1004196,4727 4558 4871 44 3499 3148 4168 3916 1356 4587
1493344,3951 4964 4587 4168 387 2034 3916 4471 1694 4385 1990 245 1015 487 2146 2188 3197 3499 2733
3046286,1587 3874 4964 4679 2625 2345 2801 2047 1318 999 2208
3896875,2053 2382 1544 4779 2992 2600
598965,2049 684 566 4874 323 3675 1574 1087 3771 118 3829 242 4611 4857 1824 2725 4755 2439 2508 1867 3279 3253 3371 2882 415 3129 697 934 4289 4907 62 1662 2681 1555 1252 315 2952 3121 1090 3970 4380 3265 1640 4133
1473813,1990 3951 4964 802 3778 1544 2034 4587 450 4471 245 4179
292244,112 245 4357 2992 900 4987 2034 2831 3116 4179 1493 268 4221 1321 4269 3197 2921
3663360,424 3813 4850 3062 3946 982 3587 1099 3136 2297 4302 571 900 3554 2586 347 2340 3651 781 368
2971750,3596 1807
880069,2960 3533 4409 1177 1052 3099 4830 4258 4338 4611 2938 3465 1509 448 16 623 3247 3165 3369 3063 4427 613 493 240 2349 4606 3274 3396 1694 1802 317 3230 2940 2785 1138 2401 2178 73 4964 874 3316 449 4713 4855 3482 1442 4083 1838 4876 4570 1207 1165 2187 3271 4017 3650 3237 2957 4461 3341 4604 1774 1882 1737 1883 1015 3829 4672 2611 1252 1905 2214
3088531,3136 424 4292 3946 3651 930 3062 4727 4758 3675 4302 2025 982
2588316,24 4727 1293 2728 4541 3776 2298 3478 302 4558 930 3136
3452678,2487 4441 4306 3865
653650,4972 2466 2793 3276 4857 2710 203 4025 4030 1108 4985 4869 3094 1668 2306 4975 2090 912
537744,2992 2053 2382 4388
1041050,424 982 3062 3946 4850 866 3813 1099 900 3136
3110500,4711 2328 982 4585 3946 177 3277 1321 4583 4850 4142 263 3062 2586 452 1450 4458 368 2432 4560 4302 763 248 4292 424 352 3163 1252 4180 2989 3619
1100715,2728 4558 2340 4447 1757 4727 44 2425 3499 4791 2837
527768,3916 3951 4587 2034 4964 4727 4168 245 387 4558 1015 4027 3148 1990 4471 1395 3499 1694 1356 3136 2340 3675
3299503,3778 1990 4871 3951 3916 245 3109 4168 4179 4964 2146 1015 193 1568 4587 1596 4221
1267177,2108 2941 4382 2156 1234 3564 441 1448 5007 3427 705 3877 777
2287527,245 112 4357 4987 895 2921 2034 3782 361 2831 4565 2992
723982,245 4587 4027 4964 3466 109 1694 420 1493 4317 3197 3863 800 4791 4987 1540 4926 3136 2445 2034 4494 2431 3675 3969 2328 582 2831 1611 3386 361 4471 847 2320 4179 4424 4056 1516 2008 4357 193 112 3925 875 3951 4029 1990 1757 1167 301 4292
3759898,245 2034 3197 112 4587 4987 4357 1990 4221 2831 3778 2188 3951 900 4964 4471 4179 1493 1321 2583 1404 3466
1033986,245 2034 4987 4357 112 4221 1990 4179 4964 3116 4471 3197 2992 2583 3925 4587 900 3778 1430
2376325,4964 1990 450 2034 245 3951 4471 3778 4587 4871 4168 3925 2534 3197 4385 1694 387 4570 2146 2188 3916 116
2586192,2992 4357 4179 3036 1337 4987 1436 4964 3983 4221 193 245 1819 297 3116 1629 3969 2583 1990 4565 2921 2950 151 2095
2686291,424 3946 3062 982 4292 1321 3136 4850 4758 3277 368 2297 3813 3502 3587 900 1450
1480960,424 3946 3136 4292 930 3062 875 982 3587 4541 3651 4758 368 1321 3502 2025 2837 3478 1450 3675 3277
38116,424 3136 930 4727 3651 866 24 3587 2837 3554 368 3561 3478 2025 2340 3946 4292 2298 4541 3494 2278 4302 2728
1895308,4727 302 4558 3574 2728 4541 3148 4027 3136 3404 3478 2340
73556,3651 2087 4554 2278 866 3146 2728 4624 2340 424 4727 1133 4292 1404 3675 867 3478 3009
2265227,245 268 1493 2921 1540 4811 1446 4587 361 1694 4179 4357 3146 193 112 1516 1701 2488 4867 151 1572 2992 4964 4791 3983 4541
1936524,3675 315 2528 3009 3651 3371 1133 2340 4554 2439 4289 684 4558 2837 3121 2087 1035 2728 245 709 3489 4471 305 1694 2746
3301978,2921 1321 268 3085 875 2445 4938 2025 3136 112 1788 787 4040 3675
1914300,3675 3136 4587 245 4727 112 4292 3062 1321 4471 2034 2728 900 3916 3946 387 4027 2583 3969 3478 4903
3464173,1535 2685 1464 2963 3333 1825 2583 1417 962 1430 2921 2992
1486944,3062 1133 4292 866 3121 4896 62 1781 3675 431 2196 4554 4624 1095 3773 4880 3946 3514 424 4183 2087 4857 378 2402 4850 2501 4758 2439 4585 352 3570 4106 4979 1388 4142 3013 972 2456 4542 3651 1628 3894 1577 3010 3371
2857700,2053 2992 285 1544 1990 1185 2382 3036 4388 4179 3109 2921 2414 2360 2685
3078906,4357 4987 245 112 4867 1321 4221 900 3197 962 895 3642 2831 2992 2034 4317 3116 4021 4471 2583 151 4179 4053 4116 4889 1990 1788
2348551,2831 112 2034 900 1493 245 4053 2206 1321 2099 922 3478 4317 1786 4357 268 4987 3198 3925 1788 1042 1354 420 4027 4494 3197 3495 2320
2514760,4587 3951 4964 3499 4791 4179 1015 1990 3916 2351 4221 3109 109 245 2034 714 3778 3300
350783,2439 4972 1133 4583 3675 2033 1781 1095 431 4585 1480 305 2789 4727 4907 3371 62 4560 4857 578 4315 4380 2537 2793 4778 4216 1254 3121 1273 3010
334196,245 4027 2099 2831 2034 112 2921 3478 4587 4871 1493 1180 1596 4727 1990 3495 900
2906365,1615 1301 1473 3186 3358 4311 1034 3899 302 4424 2193 3776 3446 4727 4926 4092 2927 4139 4836 324 171 666 2899 4000 2072 3443 387 1918 4192 472 2423
3542601,930 3651 2025 3136 2659 866 2728 1742 4871 2837 4541 2298 4955
1794126,112 1701 630 4664 151 268 1421 4357 1562 1493 247 3983 245 2992 1337 4494 4053 4160 2921 2030 1540
949006,245 2992 4357 112 3642 4587 4987 2034
2023427,3136 424 930 2025 4727 24 3651 3587 4541 867 3561 3776 2501 3946 3494 2837 2340 3478 3675 2298 2659
471940,3121 454 3675 2439 3773 2780 4584 3985 3883 62 4106 955 2868 4855 378 1268 3159 515 3371 1577 2196 4292 1248 566 4471 4585 2919 3062 1450 4289 1388 1576 645 1149 1133 4714 3336 1585 4264 2165 675 3009 4063 730 490 2697 3355 1972 1083 2317 4717 4560 4900 3505 4142 684 3632 3101 673 2451 1170 3075 2853
2286573,1133 3675 3651 3009 1781 4624 4554 4857 431 2278 3276 1095 4585 2033 3371 4292 62 3121 315 76 1388 2837 2196
1649175,2009 24 3946 816 4180 930 248 4292 2402 3075 763 3420 3843 4458 795 4613 368 4667 1588 1960 3833 2432 3502 3587 424 648 4926 4029 982 2905 1149 3433 3494 1011 3062 1976 290 4424 2837 352 2501 1725
241063,4587 3148 2034 4558 3916 4027 4727 2340 1015 245 4168 4390 1356 1694 3951 3450 2746 4221 3197 3778 4964 44 387 487 1395 4179 3136 3499 3776 1990 3466 112
2936352,4952 364 1559 1935 116 4203 4304 1574 2469 3354 4277 1143 2972 3139 4258 2508 3389 2391 3396 291 2050 3536 157 1705
985216,2728 4539 2425 4558 1293 4541 3478
3696049,900 112 3478 2831 268 4317 1042 1493 2728 2099 3867 420 3782 3495 4027 2034 4541
3226161,4727 2728 4541 24 4558 424 2340 3136 3478 3146
151690,1493 112 2831 2034 245 3524 900 3197 2099 1042 3782 420 4317 3198 4357 4053 4987 2029 297 4565 151 1990 922 4021 4847 2992
1154777,4554 4624 4292 1133 3675 4850 3651 3062 2087 4183 867 3121 2196 424 4903 3561
1080384,4964 4611 3951 4471 1474 2431 1990 259 4320 4510 3778 4179 1322 2095 450 3116 2853 1516 470 3471 2146 3185 701 193 3863 4221 582 4791 4852 4867 398 3675
640602,3574 1180 4871 4558 4727 2425 3283 1596 4027 3478 2728 2921 245 2099
728458,4871 3574 4558 2260 4478 1596 4168 1628 4727 2732 1167 1180 2425
1291866,4587 2034 4727 4027 3916 1015 4964 3148 245 4558 1694 3951 4168 3136 2340 3675 387 1990 1356 4390 1395 3778 2746 4221 4471 4385 487 3197 3450 2188
3171671,3079 2981 3471
1153622,2644 2202 4964 4686 785 4313 1364 3579 2727 1482 4354 358 2957 3539 4258 1587 3421
2758717,2034 245 3466 4587 4867 1990 4317 1493 1694 2206 112 4964 3925 2599 487 3197 3163 900 2831 3918 4027
755043,1339 4382 588 4607 2648 2608 2344 705 1741 1028 995 2108
2260795,245 3778 2034 1990 2320 3197 4357 3925 2831 4318 2583 112 4471 4587 4987 4116 1321 2431 900 4317 4964 3036 1446 4450 2188
1506619,2728 2425 4539 532 709 3696 4541
1628911,424 4471 3136 3946 3062 3554 2297 3813 1099 368 900 2340 1742 4727 4850
776669,1387 4762 3094 644 2994 2003 3196 2793 221 1668 1138 4681 1341 1832 1753 2214 4242
1029426,1440 4779
2007705,268 4317 4053 1307 1701 4938 4987 787 3782 1321 420 112 1337 1059 2831 4494 3235 3198 297 895 3242 3707 3131 900 4357 3867 1042 4736
2728280,3062 875 4292 3946 4317 3277 1321 424 2586 430 3675 3136 4850 1450 982 900 4736 4987 2983 4758
2139284,4554 2087 3651 4292 424 4727 2340 4624 3478 866 3146 2278 305 486 2033
1201155,2034 4587 4027 4727 3148 1694 245 3136 3951 4964 1015 3916 4558 1990 1356 2340 487 387 44 1404 3778 4390 3197 3675 1395 3450 4168 4385
1022606,3524 245 2921 2831 1337 4987 420 2445 1533 1493 4357 1701 2034 112 4053 4496 2992 4565 151 271 3197 2328 1694 361
448250,2728 4539 2425 4558 3574 2424 1293 1469 2100
3413370,2728 2425 4558 4539 3574 302 2100 4727 2424 4027 179 2340 1293 2099
852467,424 3946 982 3136 2297 3062 3813 4850 3587 4302 4292 347 3651 3554
3388371,3675 1321 3062 3136 4758 3969 930 1788 1450 2565 4292 4318 4987 3946 1972 1133 344 3277 4471 62 3081 3772 875
1330532,2831 1493 3524 3131 223 151 1990 4317 3198 3197 245 2034 829 2599 420 4987 3778 662 2029 2099 268 3925 1337 3917 3867 3386 4053 4131 4027 924 1191 4539 3782 2668 3707 4207 112 1325 4450 271 3495 3918 4285 4565 2719 4021 297 1307 4938 4221 3235
1954335,4727 24 424 2501 1928 305 4554 2278 4292 866 3146 930 3478 709 2837 486 2340 2433 368 2956
1174349,112 2831 2034 3478 1493 900 2099 245 4027 268 3867 2728 1042 2029 3198 786
811644,2727 1364 2202 3579 1482 2644 785 4313 4686 4354 4964 4258 984 3539 64 2134
23219,424 3813 3946 3062 2297 4850 3136 982 4624 1099 3587 4471 2586 900 3554 4560
1958303,2728 4539 2425 1293 4558
423238,3062 3946 424 4292 3136 982 900 4850 4758 4302 1321 2297 3675 3651 1450
3150781,3574 4558 2728 4727 2425
3304232,3136 368 3478 3148 4727 4587 3651 3450 930 4302 4758 3587 2340 2837 112 2034 305 867 3875 245 3946 3554 4471 648 4458 4168 2025 4221 1404 424 3561 4987 3494
885510,2382 3865 1544 3490 4441 4306 2053 3440
754886,1321 1788 420 2583 2831 895 900 4317 112 136 3406 4987 4021 4471 4318 245 2206 2320 2431 4357 2034 368 3969 3675
1484737,3916 4587 4964 245 3951 2034 1015 1990 4168 1356 1694 4727 3675 2340 387 3136 4390 4179 1167 3148 4221 4558 4027 4471 3116 3109 582 450 3197 2146 1395 3499 2746
3244086,2992 4357 3036 112 4116 245 4179 900 2099 4987 4867 1990 3197 3116 895 962 4269 4221 4053 151 3778 3109
2374472,450 116 2660 4493 1990 3951 4871 1727 4964 4382 3333
3710709,3510 4460 4686 139 1974 4471 1708 2588 1430 1587 1322 4801 2950 2583 1026 4964 2445 4867 3025 2431 3116 2095 144
1736413,424 709 2728 4554 2087 3478 3146 2340 4727 24 2278
2024906,4541 2728 3478 930 3136 2837 875 424 268 24 368 3085 900 2099 3146
1312847,2728 709 532 112 2029 630 1540 4494
2488180,4558 3574 4727 302 4871 3450 2340 3148 4027 2728
822513,1464 1544 1535 4493 2685 3440 4306 1990 3333
3087881,3675 62 3111 1133 1095 2439 1388 1781 3121 1803 966 4216
1924185,3062 424 2501 4292 2796 3021 4896 3946 1133 866 24 4850 2506 3514 1928 4979 2402 352 1099 4554 3843 4880 2262 4613 209 781 3570 248 62 3010 3121 982 3894 910 4106 3776 2196 2087 3773 4302 3675 4542 431 4000 1725 1628 3075 972 1273 3013 2626
942315,112 900 268 1321 2831 1493 245 4357 2034 1307 2992 895 4053 4116 3198 1354 2583 3925 2206
3047510,2831 4317 2099 4053 112 3198 2029 2034 900 245 3867 1701 4131 3782 3085 3197 4116 3925 895 1990 268 151 4565 3524 4987 420 223 3917 1337 1493 2160 2719
3103285,1321 900 3406 4317 2328 368 2831 268 3062 3969 895 4357 4987 1337 875 1701 420 112 361 4292 1450 1788 1446 3478 3946 3277 4471 2921 4021 4285 2008 223 2586 3085 4494
1142345,2034 3951 4587 245 4964 3916 1015 1694 4727 1990 3148 4027 4168 3197 4385 3778 4558 3136 1356 4390 2340 387 487 3466 4221 1404 4179 1395 2188 3499 3675 3386 4471 2746 44 450
1483176,4382 2156 2108 3427 441 1234 3564 4958 588 1448
2348146,538 1581 1215 3653 3061 4471 432 1238 4216 3515
3512399,3675 1133 4585 4554 424 3489 2087 315 4850 3009 4292 4624 3121 3773 1248 1136 2402 3371 347 763 1928
2976443,4587 3116 245 4987 4964 4179 4357 4221 2034 1430 3951
1717971,2921 1337 2328 1701 875 268 3062 4317 3242 2831 1321 4494 361 2445 315 4053 245 112 3131 3085 151 2565 4867 2992 4541 2008 4987 881 4285 4471 4585
3568815,431 2278 2033 4972 4658 305 3938 4558 3276 4727 4560 1133 2793 2537 866 2779 4767
1812082,3478 4727 4541 930 2728 900 1293 245 3136 3675 368 2921
3788997,2728 630 2921 4494 4027 3917 532 1540 268 361
935730,4010 475 4216 454 1095 1480 1133 4972 1781 4985 3632 4315 3979 3277 4857 4256 432
960198,3062 424 4292 3946 430 4317 900 982 875 3277 4850 1321 2586 3136 4736 2983 1099 1803
27338,268 3198 4541 3867 2831 1493 3478 3131 2029 3782 112 4317 223 1191 4027 2099 786 1307 245 4938 2034 3495 4987 2921 3386
2216334,2431 4471 4964 2583 4926 1990 4318 3951 2111 3778 2095 1430 778 4179 2565 714 1322 4611 245 4987 193 3116 3969 4221 1474 3863 3300 2594 3675 2146 1424 1321 450 1539 701 4357 1798 259 3197 1568 4841 1992 1446 109
651160,2034 4587 3466 245 4964 1694 1990 3951 1015 487 4867 3197 3778 4871
654978,450 2153 4964 2431 4988 308 398 4611 1652 3519 4471 2508 4303 3197 2095 4855 197 4984 3863 2320 1675 2583 2697 5002 3101 3951 449 847 3521 3210 3252 967
1899143,4587 4964 2034 3951 245 3916 4168 4179 4221 1015 3197 1694 4471 3778 1990 487 582 3116 2188 4320 3109 3675 4385 4390 387 193 1356 450 3466 3499
693350,3916 4587 1015 3951 4964 4168 582 2034 1694 4390 1356 4179 2746 387 4221 245 3148 4027 3197 1395 2340 4320 1990 109 4558 4727 3778 450 3675 487 2732 829 3499 3116 2188 3109 2146 2733 3136 1798 2122
3861744,3675 1133 4585 3489 3121 315 4554 424 1248 4292 3009 2087 3773 4850 3371 2402 62 4624 1136 1928 4289 4380 4142 4106
2413431,112 2831 1493 2034 900 1042 2099 4317 245 4027 3867 2728 3478 420 2029
680450,709 3651 3146 4727 431 4554 2837 4558 1133 2033 3009 305 2728 1404 2278 867 3675 2340 2528
106102,3574 2425 1180 4558 1596 4541 4871 3404 2099 4727 4027 2298 3283
2994083,4727 4558 3916 4168 2728 4027 4587 2340 3574 2034 302 3148 3951 4964 1356 4478 1015 4871 3499 1167 245 44 1395 387
982201,4554 866 4292 3651 2087 1133 3675 4727 2033 305 424 2278 3062 1928 2196 4624 4289 3371 4302 4758 709 486 1973 2501 3554 3009
2450219,2565 1742 3675 1321 3985 4471 4758 3136 1788 3969 3121 3946 4289 787 3277 4987 2583 2921 62 3062 344 2328 245 268
1197303,4471 4318 3951 387 4587 2034 245 2583 1321 3197 4385 4964 487 1990 1694 2733 4027 3675 3466
3302155,4541 2728 2837 4727 3136 930 3478 1293 3574 3651 4558 4539
124660,302 3574 4558 4727 3148 4027 2728 2340 3450 1180 44 4871
268613,2260 4447 3499 4791 1140
3005010,112 245 2034 2831 4053 900 1493 2099 4987 3197 4357 2992 3524 1990 4565 4116 895 3782 2029 3198 3778 2719 4317 151 4664 3867
2660787,450 1535 2660 116 3951 4964 1990 4493 2431 3333 705 962
3499261,1990 3951 1544 2431 1464 450 1417 4471 2697 2921 523 4841 1825 4964 962 1430 2984 2685 2992 116
1941413,4558 2728 2425
1789935,4964 4320 3523 193 397 3987 4179 1883 3951 1798 1207 3020 4852 1516 1673 3116 1424 4471 3778 688 3471 2651 582 2095 2188 470 874 504 3300 1322 4570 4221 3279 109 2106 3197 4587 1694 4168 1936 2146 2065 450 4611 4258 3916 3675 829 1537 1992 245 1568 3011 4841
3218707,4558 4727 3574 302 4871 2340
2486941,424 3136 866 3651 4727 930 2837 4292 3478 3587 3554 3946 24 4541 3561 2025
362949,1990 1825 2660 4382
2657610,2728 2425 4558 3137 436 3696 1547 4322 1526 709
1920535,1742 245 3478 3778 4587 4727 2034 1321 787 1990 1788 4987 2188 4871 4758 368 4357 4302 3651 3925
372980,684 216 3829 315 779 4964 259 829 449 4627 3159 3571 2146 2611 71 2137 3863 4841 4011 4289 4320 3916 3778 3371 62 3675 3825 328 193 1322 3471 4385 2508 109 2697 4900 1538 387 2431 4471
3874325,4471 4964 245 3951 3116 2034 4587 2583 1990 4987 4221 4179 3197 962 4318 3778 1321 1430 4357 4168 3675 4889
2838815,4871 4558 4727 1742 3574 1596 4587 2104 1628 4168 3404 2298 4541 4027 2425 245
2499805,1133 2087 3675 3009 3651 4624 431 866 4554 4292 867 2340 2278 1781 3371 4585 2196 2837 3121 3146
1144259,4987 112 245 268 2831 4317 1321 1307 4021 4938 4357 1493 895 4053 3198 4285 151 2992 420 3131 2921 3197 1701 4867 4116 1337 1354 922 3782 900
3608188,245 4357 4221 4179 4587 2034 3116 3197 4987 4964 582 112 3951 900 1694 1990 2188 4867 4168 4471 3916 3109
3559946,4727 4558 4027 44 4587 2340 3450 4871 3776 3574 245 1694 3148 1596 2034 302 4168 1356 3916
1028698,2831 1493 2034 3198 2099 245 3131 112 223 151 3524 3197 268 4027 2029 3386 3917 3867 4317 1990 4053 662 55 2599 1191 3782 3925 1694 3495 3778 4987 4541 3478 1337 829 420 900
3909190,2728 2425 4558 4539 3696 3436
148989,1321 4317 4021 3406 2921 4987 2583 900 4357 895 2008 4285 2328 112 2831 4867 1788 4471
2764702,1321 4987 3062 1788 3946 4317 875 4357 3675 3277 268 900 1450 112 4053 3136 787 420 1307 4302 3782
2395849,2921 4388 1544 2382 2053 2992 285 2685 1990
3327620,1493 2831 2034 3524 4317 3198 3131 268 2099 3867 420 2599 223 245 4027 2029 3782 3495 112 3386 3925 1990 3197 151 4053 1042 4987 3478 786 1337 4450 3917 1307 662
3824497,2049 4770 4611 2106 1559 4954 4681 4411 2573 3279 2809 3389 4242 1002 1648 3094 159 4858 4195 557 4044 2957 4434 2307 2202 2127 792 566
2501123,1464 1990 4493 1430 2921 4388 1544
3085994,1990 245 315 3197 2095 3951 2034 3778 193 4221 4587 4964 3925 829 71 2431 3863 4179 2992 4471
785885,1133 3675 4624 3009 3651 4554 3121 4292 4585 315 3371 1781 3773 1388 2087 4289 62 866 4850 3062 2196
2188435,424 3062 3813 3946 900 2340 4850 4471 3136 2297 1099 368 3587 4302 571 3554 347 1742
3641058,2921 1742 2565 2583 2603 1990 1321 847 2445 2328 2600 2992
1119950,2950 3499 4964 2034 736 4938 709 112 3421 4587 2030 4494 4179 3916 245 136 2099
2493003,875 930 2025 3478 3136 112 4938 4494 2921 1321 3242 3651 3642 571 736 4292 3062
3820037,2644 4313 2202 1364 4686 2727 4354 785 4964 1482 358 3579 1587 984
2237102,2583 112 4938 4357 1818 2030 895 2921 2992 245 1216 2950
3139490,2921 4494 2008 2211 361 3524 2814 2831 1475 1701 2599 4317 2445 4053 4496
2761217,930 2025 3136 2728 2921 112 245 4494 3146 1540 875 2659
2598981,4317 1493 2831 420 3198 223 3131 2034 4987 3524 4131 3782 3925 2029 1990 2599 4021 2099 4450 268 1612 3867 245 3197 3778 4053 1042 924 3707 1307 3386 4207 112 3235 1337 3107 4027 3917 2668 297 2719 829 1325 3918 4938
2474665,245 4471 2034 3951 4587 4964 1990 3916 4727 1252 4385 3675 387 4168 3197 4221 2583 1430 4179 450 2431 1015
3409565,3062 3675 62 4292 1133 3121 2402 3773 3371 4106 1928 4554 3514 315 4896 4585 3489 4289 2439 248 2196 866 2087 424 378 3946 1450 1095 1388 910 4380 4142 4850 578 4624 1577 751 4758 1173 4471
3025679,1544 2685 1464 1990 2921 3865 1430 1535 4306 285
2051612,1321 895 112 1701 1307 4357 4494 1337 2583 2831 2921 361 4317 4021 4987 900 245 3969 4116 2445 4053 4867 268 2328 3242 2030 2206
2628334,2992 3267 4357 2488 3739 2921 1337 535 2711 1587 2814 2030
385418,2831 112 245 4317 3198 4987 2034 900 268 3782 2099 2029 4021 1493 1354 4053 1321 4116 1307 1990 3925
3418659,112 900 1321 4357 895 245 2831 4987 2034 1042 268 4317 2583
1482960,4727 4587 4558 3916 2340 3148 3136 4027 3675 2034 1167 3951 245 4471 4964 387 1015 4390 1356 3450 1252 305 4168 1990 368 1694
1659184,1307 1321 245 2831 112 2921 4021 3925 3782 4317 3198 2583
1228436,2728 4558 4727 2340 44 2425 4447 4587 3148
3683317,3867 2099 924 3782 1337 630 2831 2921 4539 112 4317 4027 4053 2029 3198 3524 3495 3242 245 1596 151 268 1493 3925 3431 3235 3707 55 4116 1701 2992 532 2034 1307
3296185,4382 2648 2608 588 705 2344 1339 1028 3692 2156 3877
1386477,3136 3675 4758 1321 930 4587 1450 4471 4318 1788 3946 3502 4727 4987 3778 368 245 2188
1873986,2793 4972 1839 2278 3276 4857 2466 1095 4376 4636 866 2528 3928 203 3632 4807 1133 2287
1073038,4357 112 4179 245 2950 3109 2992 4587 3116 4221 4987 4964 444 3421 4269 2034 3642 4679 1516 1436 4565 2081
3711550,1493 245 268 112 4179 2425 2728 4587 4811 4357 3696 151 4791 1694 4027 2921 2831 1540 3146 3197 4541 4964 109 3386 1701
3379824,4332 3632 4334 2439 1133 3675 4380 490 2508 684 4320 3121 566 1867 2868 62 3111 2932 1248 3773 2332 4972 1664 4964 2066 1781 4876 4471 3159 3993 23 2972 4724 850 3145
2438941,424 3062 3813 3946 900 4850 4471 3136 2297 1099 4585 4560 4302 347 571
2707712,4292 3675 3062 4554 1450 1133 3946 4850 62 1321 1388 4585 3121 2565 2586 4142 3969 3277 4758 378 751 3371 4302 4113 177 4289 1788 2196 344 966 1803 4624 3489 867 875 3773
2237295,424 3587 24 3561 4727 2340 2025 866 3651 930 2501 3478 3136 900 3554
2566697,3136 4292 930 3946 3062 424 4541 875 2837 368 3478 3675 3651 1450 1321 3772 4758 2025
170044,3683 3186 967 4904 2320 2215 1416 4317 3210 4494 3163 4303 381 1611 4053 2729 361 3608 3204 1701 555 3524 79 3925 450 4027 294 420 3917 3242 1034 4988 2921 1035 1990 2034 2863 1059 197 3707 2258 4565 847 3197 3131 2029 1336 2008 1395 3101 487
1732061,4727 4587 2034 3951 4558 4027 4385 3148 245 4964 3916 3136 387 4471 1990 3675 3466 368 2340 1252 487 4168 1015 1356 1694 305 1404
2047218,2565 1742 4871 2123 3121 3675 2625 378 714 2780 1749 3985 1321 3969 3778 450
1009970,2728 709 2837 930 3136 3146 4727 4558
1333245,1220 3977 1562 532 1701 630 3696 247 194 268 2728 112
3504357,268 4317 900 3478 223 4541 1321 3675 112 875 930 2831 4938 787 368 3198 3136 3782 2025 2921 4053 4987 4736
2018539,1133 1480 4585 4985 3111 875 3675 538 2278 1694 4216 1566 1781 1198 2793 4857 1324 1095 2466 287
102940,2022 2528 2710 118 792 522 1668 1753 4985 4558 4242 1695 4216 3276 684 4857 4266 4930 1108 1909 538 3210
2810409,2728 4558 2425 1526 2340
3192181,895 4317 4053 3782 112 2831 1307 2029 3198 1701 420 900 3707 3235 4987 4938 2099 4131 3867 2160
809484,3136 709 2659 245 930 4587 2728 4791 2837 3146 4404 1404 4558 4235 1757 1252 4727
1589912,4382 2108 2156 588 3564 1234
2245224,2921 420 2831 245 1321 3925 900 112 787 2034 895 2583 1990 3478 4317 3085 268 3242
714752,4558 2728 4727 2340 1289 3148 44
1111185,1742 4871 1628 1596 3651 4727 787 462 2104 4587 3925 4493 1990 1167 3574 2921 245 4027
1339938,4964 2034 1990 1694 245 3197 4587 3951 4471 3925 4221 582 193 2095 4867 450 4179 4385 3863 4987 2431 3109 4841 3778 109 2733 1568 4889 4053 2320
2267210,3276 2278 974 4658 2728 2837 3651 4558 2528 1133
3818721,4471 1321 3062 1450 2432 4987 3946 3969 4179 4587 3116 3136 1788 3502 4758 4357 3675 2188 875
462044,245 2034 4317 3197 1416 4053 1493 112 1694 3163 4051 4357 4565 4964 4987 3925 2599 2831 895 900 3918 1990 3524
3101259,245 1321 4357 112 4987 2583 4587 2188 4471 2831 2034 900 4318 1446 526 3778 4021 1788 4179 3197 4221 3925 4116 268
2080158,4964 3951 4587 245 4179 1516 4471 3499 3116 4221 2034 4320 1694 4791
2811011,2034 245 4587 4027 1321 4727 3951 900 1990 4471 112 2831 3197 4964 3675 4987 3778 2583 3925 4357 3136 3148 387 4318 1493 2733 4385
2288042,2728 4539 4558 1562 2425 527
116219,112 3198 2831 1307 4021 2034 245 2029 2099 900 3782 1493 4317 268 4938 151 1321 4116
711860,3675 4554 424 4850 3062 4624 3371 4585 62 2196 1133 1388 3773 1450 4903 2565 4292 3489 4289 4302 900 763 3146 315 378 4471 751
2284125,245 112 4357 151 3197 4221 4987 2034 4179 900 2831 1990 4565 2992 3642 4269 2099 3036 4053 3116 3198 4160 1354 1493 3778 4116
3651672,2831 112 4317 1321 895 2034 900 420 4021 2583 1307 245 3198 4987 4357 2029 3782
464495,2367 3136 1133 4657 4497 3700 866 930 2297 3651 4292 2604 3073 1404 2956 648 484 3554 3227 1321 4275
556126,4857 4972 2793 2466 3276 1095 4636 1909 912 3094 1839 4985 3632 4025 792 1198 203 1925
3380937,3865 2053 2382 4306 3490 4441 1331 2992 1544 2685
1040510,3276 974 4658 2728 2837 2278 2528
2387139,4727 4558 3450 1628 3776 2340 3651 3136
482742,4587 245 1694 2034 1015 3951 4791 4964 3499
259164,3951 4471 4964 4587 4318 4385 387 2583 2034 4168 245 2188 1990 3116 3197 1321 1430 4357 4179
2351532,4727 2034 4587 368 4027 3148 3136 245 4558 4471 3951 1990 2340 3450 3778 3675 930 3478 2728 387
1109061,2728 4558 302 4727 4027 3574 3148 2425 112 2099 2034 2340 3478 44
2996119,4554 4292 1133 3062 3675 424 4624 3121 62 4850 4585 3773 378 2087 2196 2402 866 3489 982 1450 3371 763 4302 3651 3969 3946 315
3619802,3916 4587 4964 2034 1015 3951 1694 582 4168 387 4320 245 1356 4390 2746 4179 1990 3197 3675 487 4027 1395 4221 3778 4727 2340 450 3148 4558 829 4385 2137 109 2146 3116 3136 2733 4471 3109 2188 1115 3466 193 2732 1167
1196544,4964 3951 4587 3116 4179 245 2034 4168 582 4471 3916 4221 2188 3197 4357 387 1798 3109
1417976,1387 2003 2994 644 2864 3094 4681 1695 3834 4825 1753 4471 591 3385 4242 1580 1411 1138 221 2573
1443304,2992 4357 4179 245 151 3983 1337 3197 4867 3365 4964 361 4987 4450 4565 193 3036 1845 2950 4116 3778 4053 3116 301 2095 1225 3969 1185 109 3982 1516 2921 2407 4131 1701 1493 1990 2320
3692378,1321 268 112 1307 1788 900 2831 4317 4987 895 3782 4021 3478
742691,3675 1133 4554 3121 4292 62 3371 1095 3062 3489 2196 4289 3773 4624 4113 4183 867 4585 866 315 4758 378 3009 3651 2087 1136 4142 1928 4302 4857 751 2402
430419,4471 1321 4318 2583 3951 4357 245 1430 2034 3116 2188 4964 3197 4587
1729057,866 2278 4554 424 431 4727 2837 2501 2340 683 1133 305 4292 3146 3651 2033
1948252,2445 1321 1788 2921 4494 895 1307 1701 4938
1505096,4680 4947 3829 1252 4964 1138 4876 1431 1694 4570 4258 681 2202 2349 1052 3625 1625 1068 4209 3087 2644 1977 1090 5005 3274 1207 317 1452 159 4409 1925 157 1255 1854 64 1737 4083 613 1151 2957 4433 4427 4783 2401 1802 358 523 4830 4877 4475 4672 2353 785 4313 2150 2785 2602 1030 2458 3061 984 1144 3171
1417527,245 3197 4179 4471 3116 1321 2583 1990 4357 2188 3925 2034 4964 112 4867 4021 4987 3036 1430 4221 1446 2320 582 4889 2831 962 3778 151
1028649,895 112 4317 3107 900 4357 4021 1042 1321 4053 297 2831 1493 2992 3782 420 1337 2034 268 962 1701 1307 2029 4116 3242 4987 2099
3576218,2921 895 1307 4116 361 4317 4021 3242 1337 268 2138 1701 4494 1321 112
1153324,900 112 895 2831 4357 1321 245 197 4987 2583 2034 4317
1196080,2831 1493 4317 2034 3198 268 3925 2921 3131 245 1990 420 4027 2099 3778 3197 2407 4053 4131 3524 223 112 1337 4987 3478 2599 900 2029 3867 4116
1061371,875 2921 2008 3478 2025 4541 930 3651 268 3085 787 3136 112
2977885,900 2034 112 245 2831 1321 895 1042 2583 1990 4357 3951 4587 1430 2206 3925
2565556,4587 2340 900 245 3136 3951 4471 424 4027 1694 2034 1015 1990 4390 368 4850 1742 112 4964 4727 3466 2831 2423 487 4221 3946 4302 109
1713233,112 2831 900 3198 1321 2034 4317 4053 4987 3782 1307 1493 2029 4357 245 268 1354 2099 420 4736 895 4450 1042 4021 1788
2838523,2431 1990 450 4471 3951 2188 3778 4964 2137 4318 2034 4385 2894 1430 4841 3925 4587 2583 3471 4179 3916 3675
783127,112 268 245 2921 4494 4357 2956 2030 4587 1701 895
245262,3675 1133 3371 4554 1388 62 3651 1095 3121 1781 4857 4585 4292 3062 76 2196 3979 3009 315 4624 4471
2077328,2034 1990 4587 4727 245 3136 387 3951 1321 4027 900 4471 2583 4558 3925 3675
458195,450 116 1990 2660 1727 3951 4964 4871 4493 2431 994 4852 3916 1694
2256198,3365 1107 2320 2431 193 1446 62 4471 4987 1568 3675 1322 2095 287 2583 19 4071 2328 1474 4357 3471 3778 684 4270 2112 1803 2111 245
3325696,112 4357 245 2034 2992 4053 4987 4565 3642 4664 4179
2017207,424 1633 763 347 2061 3843 2501 2262 135 1725 3946 4850 4302
749839,4027 2034 3148 4727 4558 44 245 4587 2340 3778 112 3917 3386 1694 3916 1356 3951 3197 1990 4871 1395 1015 2099 4168 2831 2746 3450 55 4390 302 3136 1493 4964 4221 4541 3478 4298 2728 175 4539
51982,4587 4964 3916 3951 2034 4727 245 4168 387 1694 1990 4027 1356 1015 4558 3148 3499 3136 4471 4320 4385 3778 2340 3197 2733 2188 1395
556116,4972 4857 3276 3651 3121 3675 2033 1095 4554 974
3629612,4558 2728 4727 2340 3148 2425 4587
169344,2831 112 151 2034 245 4317 2099 2029 3197 223 900 4053 3782 1990 3524 4565 3036 420 662 4357 3198 4160 3925 297 4847 1307 4221
2667752,2153 4611 4855 450 2508 2431 3722 1252 566 4471 1742 4096 3519 3689 4686 291 2013 1652 2697 3033 1452 1574 449 2977 1808 3675 4347 4460 1587 4570 1083 523 515 4964 1080 3121 116 984 4988 1898 4984
2378757,424 4554 2501 866 24 3776 2087 2340 4292 4727 3478 2278 4000 2837 930 2025 305 4624 3946 2728
2356308,4181 4681 3094 2202 2049 3360 2573 3933 1341 2242 4242 4825 1487 2994 4602 2127 1198 2631 2809 1681 2150 2042 3565 651 2003 4195
3830211,2660 4871 1749 714 2625 2260 3275
3560643,2728 4027 112 4558 1596 2424 2099 2425 4727 245 3478 2034 1180 1742 302 4541 4539 786
1540440,4317 2831 3131 1493 268 3198 223 2921 420 1337 4021 2668 3782 1307 4131 4987 3524 245 2599 2034 4938 4450 2029 1042 3925 1321 1191 2008 2320 4053
313254,424 982 4727 3946 4850 4000 3587 3062 1099 866 2340 4302
3779347,3651 1133 4554 3675 2278 431 4292 3276 1781 2837 1095 4585 4857 3009 3744 867
863733,3136 1321 2956 1289 4587 875 1788 3675 2659 867 930 1404 2921 245 2837 4987 268 368 4471 3146 2025 4541 4758
64201,1321 895 900 1042 4317 112 420 2831 1788 3107 2583 1493 4357 268
3153664,2728 2837 4558 3146 2278 4554 709 4727 2340
1947129,1628 4587 3651 3136 1366 4302 3277 3062 3450 3499 4727 648 245 3371 1133 3675 4458 3875 2992 4758 2188 3946 3116 2196 4027 4964 3146 4558
2040208,1130 4007 4840 438 4010 3505 4209 4187 1273 3497 1198 3271 4216 176 472 785 2349 3045 1133 3266 2202 4384 3829 1252
2570896,245 112 2831 4021 2034 2583 3925 3197 4116 1990 2099 3036 1307 3116 4179 1321 4964 962
1607806,4558 2728 2260 4447 2340 4727 1526 2425
3137386,4357 4179 245 3116 4867 4221 4987 112 3197 2992 582 2034 2188 4964 1990 962 4269 3036 3109 151 900 3642
2063322,2260 3574 4871 4478 1628
3904763,3916 4964 3951 4168 3136 1015 4471 4587 2034 4385 1694 1252 387 1990 245 2431 3675 487 1356 216 450 4558 2733
2803929,4334 684 3632 3928 2439 1095 743 315 1133 4142 3675 972 62 3111 763 685 431 3265 1532 454 4013 3450 2508 4471 1248 3773 2262 3843 2332
3216395,4027 4587 2034 4727 4871 4558 245 3951 4168 3916 1990 4964 1596 44 1015 387 1167
2192414,2034 1990 3951 4587 245 4964 4385 2733 487 1356 1015 3136 3925 4027 1694 3916 3197 4471 3675 3778 2831 3466 4727 450 3148 1252 2431 387 4168 1446 268 2583
518195,3116 4357 4987 245 2992 3875 3969 4221 3421 4179 526 1430 197 3042
1060330,2728 4587 3499 3136 2659 4235 709 3146 930 4727
2113391,2831 245 112 1307 4317 4021 2034 3197 3524 3198 420 4357 151 4450 4160 2029 3782 4053 136 4179 4987 1990
3060261,424 2278 866 4554 683 3651 1133 2728 3146 3776 4292 2340 2837 4850 431 2087 4541 2025 4727 2501
2293414,4611 4964 1474 3951 470 4320 2431 1990 3185 4221 4471 2853 3778 1516 4179 3116 1798 2502 3383 4852 4510 916 450 1430 1568 245 3300 2034 2660 714 1992 193 3197 1694 4987 398
3171380,4587 4964 4791 1252 1015 1990 245 3951 714 3499 1694 2431 2034 3136 3778
409462,4471 2431 3951 450 116 4162 1990 3371 4964 3471 3863 3916 2984 2565 2697 2963 3020
898102,245 112 900 2034 4357 2831 1321 2583 4471 962 3197 4587 2188 1493 4987 4318 3925 1430 1990
1436670,4558 4727 3574 2340 4871 3148 2728 2425 4027 3404
2498710,4587 245 3146 4727 3776 41 2728 2340 3136 3148 930 1289 2837
1960632,431 2278 2033 305 4658 4560 3938 4727 4558 4972 2779 1140 2026 4767
853461,112 900 245 4357 4987 2831 2034 4221 3116 4179 4116 2992 3642 4269 3197 2188 151
391243,4382 4493 3333 705
2838661,221 792 3094 591 4216 2710 4985 4681 1195 1108 1814 4972 1827 1781 432 992 4030
1572477,245 112 4357 1216 4987 1493 2034 2992 4221 2831 4587 4053 1404
1421683,3136 866 424 930 2078 3946 3651 2367 2025 2297 3675 673
3318764,424 3587 3136 347 3946 3813 2340 2297 3554 4727 4302 3062 3561 930 3651 2025 900 3478
3168362,3379 44 2276 3853 4139 4027 1694 4056 4587 1201 2927 2611 4906 3776 4298 3118 1860 829 4895 193 1269 2880 3197 109 4179 2746 1734 4390 3386 4520 302 582 3685 3211 216 4221 2728 1066 245
3530427,248 424 4292 4029 763 3946 315 2402 4850 24 982 1928 910 2501 3675 3420 4302 3062 3277 4180 1173 930 1133 4424 2745 4613 4585 109 3702 4106 1636 3489 518 368 3833 1099 3163 430 209 4554 4471 1035 781 3433 4926 3587 4373 2905 866 62 2974 3075 3776 4896 4489 3371 3843 648 2025 4980 751 2320 4357 2506 1450 3851 4641
1443894,2382 1544 4779 2053 2600 2992 1990 3275 1440 3440 4674
3232694,895 1337 2561 847 361 2206 2583 3242 3969 3918 2445 2565 4494 2258 3864 4357 2921 1321 2095
118719,1321 900 2583 112 245 2831 1788 4471 4357 2034 4318 420 1430 895 4317 4987
968135,245 1694 2034 4587 4027 193 4558 4221 1167 3466 3951 1990 1356 3925 4871 1844 1596 2146 2728 3916 4168 4964 450
1522654,4471 245 2034 1990 4587 4318 3951 1321 2831 112 2583 387 2188 1430 900 3466 4357
2306569,424 3813 3946 2297 4850 3062 3136 982 4624 4471 1099 3587 3554 900 2586 4560
1152233,112 900 1321 2034 245 4357 1493 2831 895 1042 2583 4987 4317 962
1323526,3951 4964 1990 2034 3916 4587 3778 4471 245 450 4385 4168 3499 2431 2188 387 4871 962 1694 802 4320 1356
1181240,112 245 4987 2034 4587 4357
886100,424 3062 3946 982 4850 3136 4292 900 2297 4302 3813 3651
2501612,2728 4558
567606,1321 3062 4317 875 3969 1450 2328 2565 895 1788 2586 4987 2921 900 4357 4494 2445 368 1337 3946 3277 3675 2008 4758
2882247,900 2034 112 245 895 4357 1321 3197 4317 197 2992 962 2831 1990 4987
173061,2034 4964 245 4587 4027 3951 4727 3916 1990 4385 1694 3148 387 4558 4471 1015 3197 3136 2733 1395 44 4168 1356 487 2831 2340
1925550,1321 4317 2831 112 4357 4021 245 420 1307 1788 900 4471 4987 3782
600341,930 3136 2659 2025 4235 3651 866 3146 2837
1632441,245 4964 4587 4791 1694 3499 2728 1015 714 1252 3300 3951 112 1516 3146 1990 2034
2711107,424 4850 982 781 3062 1099 3946 900 430 2586 571 3813 4302
1817706,1133 2439 3675 3121 1781 3062 1095 4857 4183 1628 305 62 4292 4113 4758 431 2196 378 3651 3371 3277 4289 4554
276222,4554 1133 866 2278 2087 3675 3651 4292 431 1404 1781 2728 424 4850 2340 3894
1491718,4554 2087 4624 424 3675 1133 2340 3009 3651 4850 4292 866 2278 685 1005 2196 4585 4727
186190,4554 4624 4292 3675 424 3146 1133 4850 900 3062 867 4903 3489 2196 4585 3773 3946 2087 3651 3371
3507865,4494 1337 3242 2921 847 2565 361 1701 787
3651668,1493 1694 245 1540 3917 3197 1395 3524 271 193 4964 4027 3386 4450 2034 109 800 2728 2823 2831 1990 4179 1335 4317 532 2746 2921 4494 1572 315 4987 829 3925 3863 3504 2099 268 2599 4357
1625318,4857 3675 1133 3009 4624 4554 3651 3371 1781 2439 315 3121 2196 4289 3489 1095 62 305 431 1388 2087 76
3576131,4558 2728 2425 4727 2340
2327214,2328 3136 2921 3062 875 1321 112 900 3242 1742 1337 1701 3478 571 368 4541 4494 424 4585
703740,1990 4964 3778 245 2188 462 1825 3951 4871 3925 4493 4587
2514821,4558 2728 2340 4727 3148 1289 44 4447 3499
1627322,1544 1990 3490 2382 2992
1332298,1321 801 2921 2445 1788 2565 2814 4758
3083503,112 4053 151 4357 4987 245 1307 2992 4160 3198 3642 1701 2831 2029 3782 268 4664 4938 297 4565 4285 1354 2030 1493 1337 922 2034 3524 4221 3235 3983 2099 4021 3131
578867,2262 424 2501 763 3843 135 4807 2061 4619
3241837,4871 4558 3574 4027 1167 44 1694 4587 1356 1596 4727 245 2034 2728
1524655,3951 4964 4471 4168 714 2034 3916 1990 4587 245 4385 4318 4570
3911603,3951 4964 4587 4471 3116 4179 245 2034 2583 2188 1990 4168 4221 1321 3916 2594 387 2431 4357
100776,2728 2425 4558 302 1526 3776 4727
2647489,2685 2921 2992 1990 1430 1464 1535 1825 1544 962 2382 2583
1559552,112 2831 245 4021 2034 3198 4317 3197 4357 1493 900 2099 3782 4221 4987 4179 151 1321 4053 297 1990 582 3524 223
3619885,4624 4292 3062 3675 3651 4850 424 1133 1251 4585 3146 1388 3946 867 3478 1450 3121 4758 3773 4302 431 2087 2196 966 344 866 3894 2278 1404 378 2586
764941,3379 44 4027 4895 4906 2611 1066 4139 1860 3397 2279 3839 2657 829 3945 185 3853 3197 1001 1301 2858 1269 487 109 1199 471 302 193 4179 2927 3899 2101 858 2527 3685 4221 900 2303 1694 4587 2193 216 4056 315 4926 1201 2146 2626 2928 3778 2337 2423 1257 3186 3713 3776 3386 2880 4514
3266307,424 2340 4727 3813 900 3946 1099 2297 4850 3136 4471 3587
2507280,2992 2921 2053 1990 3036 2685 4179 285 1430
2915643,2831 1307 4317 420 112 136 4021 245 3524 4450 2921 2668 3198 151 3782 1321
291384,3136 4727 2431 4471 368 4587 4871 930 709 3146 1252 1694 1167 1742 3916 2769
3256138,3951 4964 4168 4587 387 245 2034 4471 3916 3116 4179 1694 3197 582 4221 4385 2188 1990
3354625,4317 2831 3782 4131 4021 223 1493 2034 420 3198 2320 2099 4987 3524 112 3925 245 2029 4450 2599 4053 3197 268 1321 1990 900 4116 1612
1364603,1293 3478 4541 3574 4558 4727 2425 3283 391 1180 3085
1450292,2202 4602 4258 3989 157 2106 2754 2391 4858 2809 4964 871 1207 2049 1081 3128 2127 2957 3484 4704 4770 4611 1904 3806 4606 1431 4683 1852 1194 448 4877 4320 3274 4044 3511 1238 1086 2458 1068 3829 3279 4071 3332 1090 1087 1977 4570 2588 4471 3799 4971
1450972,3951 4964 4587 387 2034 4471 4168 3916 4385 1694 245 487 1990 1015 4027 3197 2733 2146 2188 4727 1395
2989880,3089 1873 2108 3877 588 4242 4359 1741 2648 2882 777 4576 3567 4958 116 441 1234 2156 107 4382
758025,1430 3969 3778 4964 4471 4987 3116 1990 245 2583 4179 4318 450 4926 1321 2992 3951 4221 4357 3197 2431 4867 193 4852 701 2034 714 3383 3675 1539 2565 3300 1568 470 1992 4320
357527,2728 2425 4558 4539 3917 1596 3696 179 1547 2100 1180
2974653,1782 578 1480 4972 1781 4216 432 4907 4985 2439 4380 2789 3675 1198 1814
728672,4727 4558 709 2728 3776 3136 2659 3499 3146 4587 930 3148 2837
1743665,1133 3651 4554 3675 3146 2837 866 2728 431 4292 3009 709 867 2278 2340 4727 4558 2087
917287,3946 982 424 4711 3587 3277 3062 4850 352 368 177 4292 430 1099 2432 1450 1321 4302 2989 4585 763 930 571 3601 4624 4560 3433 24 4758 816 4180 2586 3476 1960 3554 3833 3075 4029 4471 248
2034073,4558 4727 302 2728 3574 2340 3148 4871
1320748,2439 4857 3675 162 2402 1964 4289 2049 1133 578 4972 1095 566 3121
175142,4539 112 3867 2728 4541 532 2029 4027 1501 2099 924 4558 1469 55 3478 1701 1844 3917 630 2831 1307
2104262,4964 1694 1990 3951 582 4471 3916 4179 4221 3116 4587 1015 245 4320 450 3863 193 2095 4867 2034 3197 3778 109 3109 829 4168 315 3371 4841 2431 1798 2188 4889 1516 4852
3507385,1544 285 2382 1990 2053 4441 3490 2992 2685 2921 3865
3813837,424 3946 3813 3062 2297 2340 3136 4560 900 1099 4471
3729719,4587 4179 4964 1990 1015 3951 2034 3916 1694 4221 4471 3116 3109 3197 245 582 2746 4867 387 450 4320 3466 1356 2188 3778
436980,1321 895 4021 4317 1788 420 2831 268 2008 4318 2583 4987
490447,245 2831 2034 4317 3197 151 112 1493 4987 1990 2099 3198 223 3925 4053 900 268 3524 2320 662 4221 4179 4357 3386 4131 3782 2029
3788542,112 245 900 4357 2034 2992 2831 2029 3782 2099 3642 895 1493 4053 297 4269 151
1699490,3916 4964 3951 4587 2034 387 4168 1015 1694 245 1356 582 1990 3197 450 4385 4471 4320 2746 3675 4027 3116 4179 3778 4727 4221 2188
489670,4964 2431 4471 3116 245 2034 3951 4179 4587 2583 1990 4987 582 4867 1694 1321 962 4357 3020 3197
3075260,2831 2034 1493 112 245 4987 4317 4357 3925 900 3197 3198 420 268 1321 1354 4021 2583 1990 4053 895 4221 2206 3524 962 1042 4027 4587 2320
3437236,4554 866 1133 424 2278 4292 3675 3651 2087 2728 3146 4850 3894 1404 2340
3842749,431 4972 2278 2033 4658 3276 305 4558 3938 4727 4560 2537
3805560,4964 3116 4867 4179 2583 2095 4471 1430 3969 4357 1322 895 2950 3874 4987 1587 2992 2801 1798 193 847 3951 4221
3160200,2992 3116 1990 4179 1798 3275 4490 2382 2583 1430 582 3109 2053 4852 4679 3036 4964 3951 4987 1331 3778 1185 3490
1738665,4587 4964 3951 2034 3916 4168 4471 4385 387 245 4179 1990 4727 487 1015 3116 1694 2188 4221 450 3778 3466 4027 3197 3499
3747616,3136 4727 2034 4471 3450 4587 3675 3916 4385 4558 1694 1990 245 1015 3951 387 4964 4027 3778 1356 368 2431 487 1252 2340
1314141,112 2831 245 3197 3524 151 2034 3198 2029 2099 4317 4053 4357 4021 4160 1694 420 1307 4450 4565 3782 582
1439373,4382 2108 588 2344 2156 879 3427 5007 4958 1234 2938 1344 441 705
881439,4727 4558 3148 4027 4587 2034 3916 4168 245 3951 2340 1356 1015 44 3499 4964 2728 4871 387 3136
3364050,3136 3675 2431 4471 368 4871 4385 3946 4587 1694 1252 3651 4758 4292
3398800,3197 4317 1337 245 4179 151 4867 315 4357 2099 4285 4053 4221 3917 2034 193 1990 4131 4964 2831 109 3524 2599 112 2992 3707 2320 1694 4987 582 3036 271 4565 1701 4450 3925 2095 829 361 1493 3406 3778 900 223 297 1798 4021
988638,2728
600351,3062 3946 4292 424 982 3136 4850 3277 875 2586 3502 1099 430 1321 4758 1450 4302
968027,1321 4317 1307 2583 420 895 4318 4471 2831 2206 4021 3925 112
2881781,4357 4987 245 4867 112 4021 1321 4221 895 2583 4471 962 2034 197 4116 2431 3197 4179 4889 4285 526 2992 900 1430
1698133,3675 1133 4585 424 4292 4554 4850 3773 3009 3489 4624 62 3062 3946 763 4903 3121 4142 315 1248 2087 3371 248 2196 900 1450 1173 2402 751 3894 4302
2247005,875 3478 930 2921 3085 2025 112 1321 3782 895 4987 3136 787 4317 4053 4938 3651
1746482,2053 2382 1544 2992 1990 4779
141625,3136 4292 3946 930 424 3675 3062 2025 3502 3651 3277 4758 368 3554 1450 4302 2837 1321 2297 3587 4471 4541 867
2234956,1596 2728 4027 3917 2425 4558 2099 4871 532 4225 630 1180 2424 3137
151724,2831 112 4987 420 4317 1493 4021 1321 245 2320 4357 136 2034 3406 3524 4053 4450 4867 895 3131 1788 3197 3782 1307 900 297 1354
900694,2053 2992 1990 1544 2382 3109 4388 1331 2921 2685 3168 285
324740,245 3951 4964 4587 4471 2034 1990 3675 3916 1252 4168 450 4385 387 3925 4221 2431 2583 487 3466 1015 4179 4318
76159,2921 2328 1321 2445 4388 2992 1337 2831 2583
2478962,4317 2831 1493 2034 420 4021 245 2921 1321 3925 4131 1990 4987 3198 4450 3782 2099 268 112 3778 900 1337 2583 1042 4027 223 1788
3857084,4027 245 2728 2034 4587 44 1990 1596 3778 2099 1694 4871 4558 4727 3197 1844 3925 3450 1356 3917 2746 3951 3574
3027289,112 2992 2921 2099 895 3242 900 2831 245
369913,2034 245 3197 1694 4027 2831 44 4964 3916 112 4587 1395 3951 1990 1015 3917 900 2099 3148 2746 582 3778 4168 1356 109 4221 4727 4179 1493
1718432,2831 1493 4317 223 3524 2034 245 151 3198 268 3197 829 2099 2029 1990 2599 3131 420 4987 662 4131 3925 1337 3782 4053 3867 4027 112 1191 3917 3386 2668 4565 924 297 3778 4285 4938 3918
725103,3243 450 4611 808 2853 4471 3863 4984 3520 4964 4011 957 3519 3327 5002 4841 829 3580 2749 3722 2431 2508 3210 2644 2153 3675 3829 2697 4923 2305 1080 2122 4852 607 3471 4988 1898 4303 1652 1336 315 193 566 3585 3011 1142 4385 3197 449 4289 4570 2809 1694 3951
1251044,3916 1015 4587 1694 4964 2034 1356 3951 4168 4320 2340 582 2746 3148 387 4727 4390 1395 4027 1990 3778 245 2188 44 2351 4221 3197 4558 4179 1775 109 3499 450 4520 3776 3136 4298 2732 829 3675 3109 2733 347 2894 487 175 3116 4871 2122 1167 3450 15
3711611,245 112 2831 2099 2034 4357 2921 900 4179 4221 3197 3036 1990 4987 151 3778 4317 2992 3925 3524 4889 2188
2429589,2728 1293 4558 2425 4539 3574 3283 302
2242082,591 4181 4681 3094 221 2573 4471 4985 2994 4825 1814 4216 1108 2242 2003 2710 1341 3385 3933 4972 4920 1884
1348705,4791 4871 2565 1596 1742 1167 2534 714 71 4964 3300 245 1015 450 2431 3778 3308 2146 3722 1990 3951 2122 1727 577 4811 4841
3048224,4317 895 1321 420 4987 1788 4021 1307 3782 3406 136 1042 2831 4053 112 2008 900 3707
2158624,4317 2831 112 4357 1321 4987 420 1307 4021 4053 875 245 3198 268 1788 4736
1427226,4554 866 4292 2087 305 3675 424 1133 1928 431 4727 3651 4758 2033 2278 2196 3062 2501 486 2433 4302 2340 4624
2445146,3574 2425 1180 4558 1596 4871 4541 2099 3404 4727 4539
2812312,912 4972 2278 1133 203 4778 2090 431 3673 1095 3632 3675 1214 4334 4767 866 3858 2793 4142 4857 2528 2466 4188 4010 2033 3843 685 2439 2044 2262 3177
2130031,4558 2425 3574 1596 1180 4871 4225 2104 4027 2099 1742 3137 3761 4727 3917
2116957,4727 4587 3148 4027 3450 368 2340 4558 3136 2034 3778 245 930 112 2728 4168 900 3478 4390 4221 387 1015 1356 3916
1174462,2992 1990 4388 1544 2921 2053 2685 3036 285 1430 2382
2208054,4727 4558 4027 3136 1167 4587 4168 387 3916 4641 4871 3450 3148 245 2340 1694 3776 3951 368
3795973,3478 268 900 4541 2728 112 930 786 1321 3867 3136 2831 4317 368
1152488,2992 3642 1629 2921 4357 895 112 2030 245 4973 4987
2327832,4964 4791 450 2431 2565 4871 1015 470 714 3778 3951 3300 1990 2534 3383 245 216 3185 4587 1516 487 4852 1742 4471 3722 3675 1694 2146 2122 4179 3279 4841 1167 301 2095 2502
459405,424 4554 4727 2340 930 305 4292 1928 709 3146 3776 3675 1404 2501 4289 2087 368 2964 2433 2873 3062 248 4029 4302 3148 3371 2033 3951 669
2740323,245 4587 4168 2034 3916 4964 1015 3148 4558 1694 1356 4221 4027 3951 4179 3499 1990 4727 3197 3109 2340 112 3778 3917 109
3351816,4727 4558 4587 3499 3136 930 3146 709 2659
1438133,2087 3009 2340 1133 3651 4554 4624 3675 866 2728 2278 4727 431 1005 685
50323,564 1337 2992 3983 2921 4388 1701 2583 2950 1947 1307 1845 151 1243 1436
3453714,4317 112 2831 4987 1321 900 4471 4021 245 4357 3782 2034 1307 4867 4053 2320 3707 1701 895 420 1788 1844 875 223 2431 1446 4450 4116
1840518,424 3062 3946 3136 3813 571 1099 2586 4560 2297 3554 4850 4471 900 430 4302 4292 368 3587 2340
930497,245 2034 4587 4727 112 1990 2728 900 1742 3478
431548,2332 4373 1912 4334 3632 414 2798 237 424 4332 4292 2061 1072 2868 3468 2455 1286 4613 2402 3946 3702 982 684 930 1171 3311 3143 3205 352 24 2508 3675 248 800 3021 1811 4262 3075 1601 176 2851 3420 2066 4027 4641 368 3062 685 4585 4653 1588 496 4471 2626 1173 1323 4667 490 1133 3450 566 3919 4302 283 3843 3587
1407313,4027 4558 4727 2728 2034 245 3148 112 2425 2340 4587 2831 3917 44 3574 4541 2099 3478 4539
1010558,2423 4587 2193 1990 3951 4027 3197 3925 2899 1404 3778 900 2137 3667 602 3466 4964 1306 4385 4471 4179
1927620,245 2034 4357 112 4587 3197 1990 4471 4987 1321 900 487 3778 2188 4221 2583 2831 4318
2222000,3951 4964 4587 245 1990 470 3499 4791 4320 1694 2034 3778 4471 1883 1172 714 4852 1252 3300 1516 3002
1530212,4716 881 4051 2596 3784 2492 851 287 361 875 538 1337 711 3102 2442 1215 1023
3401367,3675 1133 4554 3009 3651 4857 3371 1781 866 4292 3121 2196 2087 2837 431 1388 4289 2439 3773 378
2413718,1321 3675 1307 4471 895 112 900 4987 268 1788 4938 3062 4021 2921
3191347,2728 4539 4541 2425 1293 4558 112 709 24 3478 1501 2099 3283 1469 2029 3776 2424
1412063,112 1493 2831 2029 151 3524 2099 3198 4539 245 2034 4053 3867 3197 3917 3782 4021 3131 662 55 2668 4357 1307 268
1313316,4987 245 112 4357 151 3524 3197 2831 4317 2034 4867 1493 4179 4053 2992 4021 4221 900 4565 4496 962 2668 2320 4285 1337 1990 420 3036 895 297 4450 4160 2921 4131 3116 4116 3707 582
1120131,4317 2831 3782 3198 2099 420 4021 4053 1493 1321 4131 112 2029 1307 3867 268 4987 4116 2599 223 2034 900 3925
1004508,4554 1133 4624 4292 3675 3062 4850 3651 966 900 4903 571 424 3478 4302 62 867 866 3371 3489 2196 1450 3969 3121 4585 3146 3773 2087 3946 347 3009 875 751 1173 1388
1173686,4727 1742 3136 4587 3587 245 368 3478 3651 930 2034 2728 3148 900 24 3554 2298 4027 3494 424 3450 4871 3561 3476 4558 112 2340
2244272,424 3062 3946 4850 3813 2340 4727 3136 1099
3734713,866 431 1133 4554 2278 424 2033 305 3651 4292 3675 2196 3146 486 2837 4624 4727
1648962,3675 3773 4142 1321 1450 62 3371 3121 4471 1788 2431 4585 2087 4855 1577 4758 2165 4183 3062 4289 4560 1388 1133 4624 3294 1972
2972182,875 2025 1321 4987 1788 571 59 3136 3478 4736 430 3651 4292 3587 4842 347 1450 2956 4565 930 2586 3277 4317 368 1133 3608
2738407,245 2921 1742 2034 4587 4964 1990 4027 1844 112 1694
2827871,4587 4168 3916 4964 1694 3951 1015 2034 3499 4558 4221 450 4727 245 1356 116 1990 4471 994 4871 4385 387 1167 2137 1568 4390 4478 2894 4570 802 3650 3109 3116
3038111,2831 1493 4021 4317 420 3198 3782 1337 2668 3524 112 2029 4131 4987 4450 2099 3131 4053 2034 1307 2921 1321 245 268 1042 895
635482,424 3136 982 3946 3062 4850 4292 3651 3813 2297 900 1099 866 4302
1450249,3850 4727 4560 1632 824 2766 2061 3776 3843 2671 24 4423 1257 430 1816 414 4302 3443 2459 4906 2899 982 2101 1405 368 4321 324 472 4641 2342 210 3587 2579 1893 2193 1463 4000 900 3866 3075 1970 2177 248 4139 2611 3021 167 1281 4178 1273 3945 4558 4027 474 487 1860 1336
765078,3675 4857 1133 3651 2439 62 4554 3009 1095 1781 431 4292 3121 3371 2837 3276 2278 315 2528 2196 4585 3489 3111 772 3979
1588259,450 4964 4471 1990 3675 1694 4587 4841 4385 3951 3916 2431 2034 2894 3371 2137 1015 3778 582 4320 4512 4289 2146 3020 2697 3471 829 4900 4162 3863 245 4168 259 4889 2095 3116 4867 387
1745588,424 3946 982 3062 3136 3587 4850 4302 4292 900 2297 3813 2025
3779833,2651 4583 1238 1324 4471 4964 551 4216 2362 701 3128 3979 3453 3020 1095 1388 2352 1082 432 923 2431 2095 4071 4983 1764 1252 1964 2271 3675 538 1349 1431 2106 4171 1568 2439 1814 2588 3615 597 4816 2401 1974 4320 3392
320499,2034 4027 245 112 3951 4964 2831 4558 4727 3916 4587 1493 3386 1694 2099 1990 3148 3197 268 44 1015 2728 4541 4168 3917 1395 786 3778
2770833,1321 2921 268 4317 420 2831 1307 2583 112 1788 895 900 4021 787 3675
383515,245 112 4027 1694 3917 3197 2099 4587 2034 1990 151 630 4867 4053 109 2831 3778 1844 1337 3036 4221 4179 4357 4964 2728 2992 3109 1701 193 3951 2188 900 4164 4664 361 1015 3925 2095 4168
2219195,3675 4554 1133 4585 4292 4850 424 4624 900 3062 62 3773 3489 3371 763 2196 248 1450 4903 1136 3946 3121 4142 751 2583 1388 3009 2188 4302 2087 3277 4471 315 2565 982
1698181,424 3062 900 4850 3946 1099 571 3813 430 2586 4302 3277 781 2297 3587 4292 3554
928317,3951 3499 4587 4964 1990 3185 4871 450 3778 3279 2660 2034 1015 1694 1430 4791
2594539,4558 4727 2728 3148 3574 3478 4027 302 2425 4541 1293 2099 112 3386
2363184,2728 1293 4558 4539 302 4027 2425 3574 4727 3478 2424 4541 3283 391 2099
2803655,3675 3371 2439 4907 4380 4487 4289 2431 4471 3514 62 578 1133 1095 4106 4583 4320 2789 4611 684 566 2508 3773 2402 4142 3450
923822,3951 4964 245 2034 4471 4587 1990 4179 2583 4867 4168 1694 3197 4221 3116 2188 1015 387 3916 3778 1321 487 4357 2431
155067,424 2501 683 4292 2278 4727 3776 4554 4757 430 3894 4000 3587 4850
3643478,112 2831 3198 245 2099 4021 2034 1493 151 900 4317 3782 1307 2029 3197 4357 4053 268 3524 3925
466699,866 2728 2278 4554 431 1133 424 3651 2087 2837 3009 2340
1270658,424 3136 3946 3062 4471 3813 4560 368 3502 2297 930
3382490,1544 2053 285 2992 2382 1990 4388 3490 1185 2685 4441 3865
1831569,1337 2921 1701 3242 268 4053 895 787 4494 361 630 2328 2992 4317 2099 1059 4938 1321 3235 4131 2831
2978633,3385 4975 4266 3453 3963 4681 3094 4961 4972 4857 4985 23 2466 3518
1950867,112 245 4357 900 2034 2831 4587 4317 1321 4471 2188 3466 3197 1990 4318 4987 4179 487 4221 3925
1305318,3115 736 3107 2992 4987 3001 2515 3235 3909 1629 245 895 4357 2921 3242 40 4910 3739 2030 297 1226 3642 1337 2668 2034 3969 4053 4938 1403 4116 4221 151 112 1493 4998 4973 1947 3431 1455 4285
1194744,1493 3131 2831 3198 3524 4317 268 420 2034 245 3867 2029 4053 3782 4987 223 3197 2099 2599 1337 1990 3707 1307 3386 3925 151 924 112 4450 4541 4027 4938 3495 3778 1694 271 1042 2668 3431
3050202,454 2710 4256 2793 4216 1781 4985 3518 4972 3675 3136 4010 3125 1133 998
1914374,4587 2034 4727 3951 1990 3778 4871 3916 1356 245 3148 3499 44 4027 4964 4558 450 1694 387 4168
583990,3917 2728 381 4027 4207 2831 315 1337 4164 2099 829 4539 3197 4317 151 1990 3925 223 3131 245 420 1395 2328 2599 1694 924 109 662 271 2034 4131 2008 1335 4053 4541 268 2823 2921
98838,424 3587 3136 900 3813 2297 3554 3062 3946 4302 347 4850 368 571 1099 430 3478 4292 4471 2586
819611,2728 2425 4558 3574 4539 2424 302 3478 1293 179 4727
3302792,2445 2921 801 1321 895 847 787 3242 1701 2431 2328 4021 1788 2583 4357 1313
3361968,2034 4587 1694 1990 4027 3951 3136 4964 4727 1015 3916 387 245 2733 4471 487 1356 3197 4558 4385 3778 3675 3148 2188 2340 450
626831,4964 3951 3916 4168 1990 2034 1015 4587 4471 1694 245 3499 4385 487 4320 4221 3778 2188 450 1568 4179 3197 3116 582 1516 3109 387 4570
2119777,2501 424 4554 3776 24 4727 2728 2340 709 3478 305 3146 2278 2837 4000 930 866 4558 3443
142617,4558 4727 302 2728 3574 3148 4027 2340 2425 4871 44 3137 2099
1508453,895 900 112 1321 4357 2034 4317 4987 245 2992 962 2583
2605727,2367 1321 1404 245 4587 4926 1430 4471 3136 4987 4318 1788 2604 2583 3969 1216 4357 3227 2034 930
1730280,247 630 194 1562 2728 4494 532 4466 112 2921 3943 2029
1014005,361 4160 112 4116 3983 4450 4053 4357 1337 4987 895 3642 4051 2030 1701 197 4664 245
1672165,245 3951 4964 4587 4168 2034 1990 714 4570 3916 4471 4221 3197 4179 3925 1015 109 3109 193 2583 1694 3650 1516 2188
3047219,2445 2921 2328 2831 420 361 1493 245 1337 4317 847 3524 112 4021 4494 4450 1844 1701 2008 4357 895 2863 3197 4867
2435981,424 3136 3651 4292 3946 3062 930 2025 982 2298 866 3587 4727 3277 4302
484313,112 1307 1321 268 3198 245 2583 4357 2034 3925 4021 4938 900 3867 2831 4053 4116 1430 4317 2099 4471 962
1356638,4554 3946 424 3478 2087 930 4292 4541 3561 2340 900 3675 866 3146 3651 1133 2728 4624 2278 1321 4850 1404 24
92951,3276 4611 4471 1133 551 14 4595 4964 3371 4972 3675 1095 3682 1049 4169 3471 4849 1439 4315 3275 1252 529 1974 714 2090 799 4857 876 1246 2644 3011 3449 2654 3277 1798 4168 3392 3136 1430 3818 974 1195 3116 475 1322 2603 2188 2594
2166821,3136 424 930 3651 2025 3946 4727 24 3587 2837 4292 3776 3561 3554 2501 866 368 3494 4541 3675 3062
3861084,4871 4558 3574 4727 4168 1596 1628 1180 4027 4587
165755,3136 930 2728 4541 2025 3478 2837 4727 4587
457552,4964 216 2146 4320 3863 71 1990 4587 1015 3951 3829 1694 193 3383 1142 245 3778 1474 3916 4179 2611 829 4791 1516 3011 315 1322 449 684 2137 3722 109 3471 3197
3880452,4727 4871 4558 4168 4587 3574 3499 3404 4478 3916 245 2260 3136
214161,1321 2921 2831 4987 900 4317 268 112 420 245 1788 1493 4021 4357 2034 2583 2992
2865926,2260 1140 4447
2048906,3062 875 1321 368 4292 3946 900 3136 3277 430 4317 2008 3478 571 930 1450 4585 424 2586 2328 1337 509 4541 378 2565 3502 3969 4758 895 4494
2578502,424 3136 3946 900 3062 3813 368 4471 2297 3554 4302 4850 3587 3478 4560
3290840,2153 684 2697 2431 1336 1035 450 2853 1731 4471 4011 2595 2534 4837 807 2137 3159 4964 4855 1252 71 3355 4289 3675 566 3863 276 1652 4900 4611 829 3580 918 1860 4988 4303 3371 3033 490 3829 4475 1935 2611 1304
2542761,4587 4964 3951 3916 1694 4168 450 4471 116 1990 3116 2034 3499 4385 4179 245 1015 2431 802 4221 2894 582 1356 2137 4570 4841 3109
3145956,4871 3499 1015 1727 450 4877 2261 2625 3722 714 1742 4791 994 1757 470 605 3249 3300 4587 3778 3916 4095
3760066,3062 4292 982 424 3946 900 4850 875 3136 4758 3675 1321 3277 1099 1450 2586 3651 4317 2297
541452,3916 2034 4587 4964 245 3951 4168 1694 1356 1015 4320 3148 4727 4027 3197 1990 1395 387 2340 4179 4390 582 4221 2746 3778 2188 4558 487 44 2733 3499 3136 3675 3116
2118021,4727 4558 4871 3574 2728 3148 4587 4168 3499 2340 4174 3404 4027 3916 930
602779,2053 2382 4779 1544 2600 2992
1847603,4964 4258 1431 1207 706 3533 2957 3171 3844 4570 4052 1852 4877 4427 4876 2644 2785 785 1883 64 4947 1992 4852 1052 1252 349 470 1364 3579 4830 4942 1694 4003 2202 1838 358 4672 1854 2441 4037 1030 3987 1974 1068 4087 681 1086 1925 4313 613 157 876 4083 4267 4783 2482 1737 1798
2739750,4912 3801 3975 2643 3934
2561430,3559 3653 2832 1963 2852 1256 1818 366
290847,2439 3675 4857 4907 1095 3450 2681 62 3121 4972 1510 684 1928 566 1399 3371 1133 2049 4106 2362
3819856,3115 2992 3107 736 1629 4973 2030 2515 3739 1226 4936 3642 1284 895 4987 4910 4357 3235 297 245 40 2921 4938 197 1337 1403 3242
2129061,1133 3094 4857 3111 4972 4778 1480 1095 4585 203 2466 4216 3518 4985 1829 2793 3277 3632 763 1126 1814 4334 3675 431
619554,4027 4558 4587 1596 245 44 4871 3386 1742 4727 1694 1180 2425 2732 3916 3574 1844 4168 2034 4390 2746 3148 1990 4964 2099 1015 1167 1395 1356 3137
3172412,2921 361 3085 3242 1337 4494 4317 2831 847 3163 1533 3864 4053 245 875 112 4450 4987 268 787
2734275,3782 4938 3739 112 2030 1337 1953 2668 2029 1307 2992 297 2921 1493
732878,245 2992 4179 4357 3116 112 900 4221 2034 151 3197 4987 3642 2831
1961359,2992 112 4357 895 1990 900 245 4116 2921 3778 4867 2099 3036 151 3197 4987
1863370,4964 4587 2034 3951 1694 245 1015 3466 3279 1990 450 3916 3185 4320 4867 3197 3499 4179 3778
3372413,2831 2099 2034 4317 112 900 4053 3198 245 2029 1493 3867 1990 3197 4116 4131 3782 3085 3925 3524 2719 268 3917 895 1701 151 420 1337 4027 4565
3456397,3916 2034 4727 3951 4587 4964 4168 245 4558 3136 3499 4871 3148 1990 4385 1015 2659 1694 1356 4027 3778
1182860,4447 3499 4587 4558 2340 4791 44 2746 4727 2728 1757 3148 3916
1359050,2992 2053 285 1990 2685 1544 2921 4388 1430 2382 1185
3744932,2728 2425 4027 4558 4539 112 4541 2099 4727 2424 3478 786 302 532 1293
3097674,4554 866 424 2278 2728 1133 683 3651 3146 4292 2087 1404 2340 4541 3776 431
197259,1321 1337 1307 2138 4317 4021 895 112 875 787 268 361 900 4938 3969 4987 4357 1701 4471 4285 3131 4053 3242 3406 245 3062 3782 3675
2160776,875 3478 112 930 2025 1321 2921 2831 268 900 4317 4541 3136 420 3651 368 4758 2424
2372900,3776 24 4311 4727 930 2728 3946 4000 2501 3420 3478 424
2443040,1321 2921 4317 1337 895 361 4021 1307 3406 2583 2328 1701 4494 268 2445 787 4116
901528,1562 247 630 196 532 2728 3696 194 2618 1018 3943 3977 709 1421 1701 4466 112
2344277,2921 3085 2445 1321 268 895 4938 3242 112 787 245
1695348,112 245 2921 4357 895 361 2831 4987 1493 151 2034 2992 1337 3782
202935,3564 4382 2108 2156 1448 4958 705
2000885,2202 785 2957 3579 4876 4052 2353 4313 1621 4947 4519 1364 160 2644 3539 1974 4258 3692 157 3421 3497 1431 2349 1482 438 1252 1046 1207 4393 3165 317 4672 1872 3829 1452 2150 4964 3332 2754 4680 4437 4087 1925 4570 3275 984 4409 4942
3483999,1694 4964 4791 1015 3499 4587 3951 1757 245 1252 2034 714 3916 1990
2848568,3277 2335 1450 4183 4758 3062 1606 1321 1788 1577 4585 4476 4292 378 3502 4584 3055 62 3570 3121 2921 4560 3985 3969
2680824,424 900 4850 982 3062 3946 866 3136 3813 1099 3651 3478 2586 4292 781 4302 3554 571 2297 3587
31148,709 4727 4558 2728 3146 2837 3136 930
1936915,2030 4973 1953 3642 2992 1337 3983 112 4938 1307 1818 895 3782 3977 297 361
2731074,1544 285 3865 4441 2382 3490 1990 2685 2053
2534550,1701 1337 2921 3242 787 268 4494 2138 1059 3235 361 1321 895 4938 2418 1307 4317 4053
1588905,1544 2685 1990 2382 4306 3865 1131 2600 2992
2223405,1321 268 1701 1307 787 2921 895 1337 2138 361 4494 2418 4021
2354513,714 2600 1990 2660 2625
2193380,112 1307 4357 1321 2831 4317 4938 245 4053 895 875 420 1701
1269357,3596 1807 950 4549
1927907,112 268 900 1307 245 4357 2831 3478 1321 2034 3867 2029 2099 4053 3198 2992 4541 1701 895 4987 1493 3642
3821958,2960 4409 1137 4611 2178 4876 3247 927 2349 623 4427 4446 448 1090 4258 492 4570 2957 3396 1924 3815 4855 3341 3230 4083 884 3579 3650 1161 3372 1052 3465 566 4964 3187 1808 1252 3482 2847 240 457 2150 1165 2809 1802 4830 3829 1838 3369 73 4783 2491 2401 2353 2984
3866101,2921 4317 2831 4021 1493 4131 420 2668 1337 3198 3524 268 3131 3925 4987 1307 3235 1321 1990 245 2320
2152034,1535 1464 705 2344 3333 1430 4493 1247 450 1825 2685 1990 2654 962 4382 4964 3951 1051
942441,4871 462 4493 1742 1596 1628 1990 2104 3925 3574 1167
3454089,3021 24 3619 324 1636 2506 930 3776 3420 248 424 3843 4194 430 3678 4850 3946 2905 1725 1895 573 781 3119 982 4489 3587 4648 4000 2798 2899 471 2880 3851 3433 4029 368 2626 721 4586 3494 1473 4302 3163 626 2969 4423 3075 2548 2963 2224 4261 1928 4560 2501 1099 4377 4431 2337 3478 4435 2192 1960 4292 1694 843 2262 1414 3277 1761 4424
260156,424 4554 2340 709 4850 24 2087 3146 4624 3478 900
1107875,1596 4871 2728 4558 4168 4027 4587 2425 3109 3917 4225
917427,245 112 2728 2034 4541 4027 2099 2831 3478 1493 1694 4539 4727 4587 4558 3386 2425 3148
632428,2034 4587 3951 4727 245 4027 3148 3916 1356 1990 4558 3778 1015 4871 3925 4964 900 44 387 3197 2831 3466 1694 4385 3386 112 2728 2659 3136
3890821,2728 1596 2425 4558 3109 3917 4027 4168 4587 245 44 2921 3916 4871 2992 1990 4964 1356 4811 3574 2746 1547 3951
3522067,3276 974 4658 2278 2728 2837 2528 4554
3417492,2087 3651 4624 3675 3009 1133 4292 4554 3146 866 2340 2196 3062 4727 3371 431
753224,2921 4388 1990 2445 2992 2328 1430
3306179,4357 112 2188 2831 245 1321 4587 4471 4179 3197 4317 3951 2034 420 526 4221 109 4168 2583 2950 4027 1990 3116 151 4987 4964 900 1446
3432007,112 1321 4021 895 4987 4317 4471 900 2831 4357 1307 4867 2583 245 420 2034 4116 4053 1788 2431 2320 1446
423251,112 2029 3867 2099 4539 1307 268
3224049,4871 4558 2260 4478 3574 2732 2104 1596 4727 1167 4168 2425 1180 1628
1193108,3009 1133 3675 3121 3371 2439 4857 62 1095 1781 315 4289 2402 4585 2087 4554 1388 2196 3773 4106
451261,1339 4382 588 2648 2608 705 2156 2344 1028 995 4607
3036005,1544 2053 1990 285 2992 2382 802
1717555,424 3946 3062 866 4850 982 3136 900 3813 1099 3587 4302
66925,245 4964 4179 109 2095 193 1742 3197 151 1694 2565 4357 1446 1990 582 4867 3925 71 1516 4811 1596 3036 2146 2831 3365 2992 315 2921 3778 3675 3863 4791 1493 1015 714 1185 2034 2320 2583 2431 3951 3777 2950 4587 4987 1337 3300
1286956,367 1596 71 1199 2593 1742 151 1337 630 4871 2328 315 3926 2565 361 4791 2407 3983 245 1167
3815963,2921 2008 3666 881 4541 3478 268 2728 3936 3085
2807186,2831 1493 4317 2099 112 3198 2034 3782 3867 268 2029 900 1042 223 420 4053 4987 245 3925 3524 4027 3495 3131 4450 2599 1321 3478
8058,112 900 2831 895 4021 1321 4987 2034 245 3198 4317 3782 1493 4357 2099 1307 4116 420 2992 2029
3742340,245 112 4357 4987 1493 1216 2992 2034 4221 2831 4053
3246756,3062 875 1321 268 3675 4317 3242 2565 3136 1450 368 3946 2921 4494 2418 900 4302 4842 787 2328 1701 1337 4292
1275699,4867 2095 2692 1337 4116 245 3036 3197 1209 4388 2328 4357 2992 112 4179 582 3983 151 1990 3777 4964 2414 1321 4053 3116 4987 3778 2034 4131 3982 315 2583 193 2320 4471
689177,4554 424 4624 2087 1133 866 3651 4292 3561 2278 867 2340 3675 3146 4000 1522 4302 2728 2196 4850
2523283,4558 4727 3574 2340 3450 4447 4871
24398,2728 709 4541 2425 2837 3136 4558 3696 2921
673606,112 3867 2831 4053 900 2034 268 2728 2099 2029 3495 2992 4539 1501 3478 1701 245 4357
1711376,112 2831 2034 1493 2099 245 4027 900 3478 3495 268 3386 3198 2728 786 4053 3867 4541 55 4587 3197 1501 532 2029 1990 3918 4494 4317
742303,4727 3148 2034 4027 4587 44 4558 4871 245 1356 4168 2340 3778 3951 3574 3916 1694 3499 1015
3818568,1307 2921 895 2138 4021 4116 361 3242 268 2029
109022,112 245 4357 900 2831 2034 4987 3197 151 4053 4867 3642 895 4565 1493 4221
2751947,268 3696 1562 630 4664 1701 112 1572 151 1493 532 4357 4587 361 3977 1436 194 4791 245 247 2921
1892462,4964 3951 3916 2034 4587 1015 4385 1694 1990 245 4168 487 3499 4471 2733 4727 387 450 3136 1252 1356 3466 3197 4558 3148 3675 4027 4390
1464849,2831 112 1321 900 2034 245 4317 420 4357 4987 895 1788 268 1493 2583 4021
1871796,1814 3979 2651 4216 4972 432 1782 4583 2362 4985 1133 1781 2439 1480 3675 4380 4907 62 1095 578 2710 3371
1583541,4334 1133 972 62 3675 3121 1867 763 4585 3111 3013 4315 684 4216 4972 4142 4857 3894 3833 3813 1781 3632 3514 3773 4985 1480 2332 3265 2439 3979 121 1095 4013 2978 1803 1388 2262 4778 2565 795 315 3928 1814 3371 2919 4292 2868 4458
2554032,1133 4554 866 4292 3651 424 2278 4541 1251 2025 431 683 1404 4758 1781 2837 3675 3277 571 972 4850 430 59 751 2728 875 3062 1321 4757 2983
2764473,4727 4558 2837 2728 2340 3136
2104437,4541 112 3478 268 2831 3131 245 1337 1701 4053 1307 2099 2921 2029 3198 2138 875 4317 2728 361 3085 2328 900 3136 3867 4285
3835748,4471 2431 1252 4964 3951 1990 1322 3471 523 2697 778 4587 4276 450 4385 3675 245 4570 3916 1446 1568 2039 4641 714 3300 2034 3778 2188 1417 259 1742
3465664,245 4179 1493 4811 1694 4791 4357 112 268 4221 193 4587 4964 151 3109 3524 2081 3197 1516 3386
2775646,302 4727 4558 3574 2728 4027 3450 3148 1180 3478 2340 3136 930 3404 4871 2659
1198467,3276 4658 974 4558 2528 2728 2278
3152905,1133 3675 4554 3009 2087 3651 431 4292 3371 1781 866 3276 4585 4624 867 2278 3121 4471
1539831,454 2710 4216 4985 4972 1781 3136 1133 4256 4010 2793 3675 998 1388 3518 4585
41300,2831 112 1493 4317 900 420 4021 4987 1321 245 2034 3198 268 2921 3782 2099 895 4053 4357 1042 4450 1307 4116
1863265,2831 4317 112 245 4987 223 900 1493 151 420 4357 3782 3524 2034 4053 2099 3198 3197 297 2320 2599 1990 3131 4565 4021 4847 1321 4221 268 3778
2728609,431 2278 2033 4560 305 4972 3938 4658 4727 1133 866 4767 3276 2779 2044 4558 3651
1549122,1321 1788 3675 4987 4021 2921 1450 2583 4471 3062 3969 875 268 4357 895 2328 4758 787 900 4317 1446 1337
3268364,2992 2583 2950 3079 2921 4179 3300 2053 4587 1430 2565 3951 4889 4388 714 3499 4791
1700834,4558 4727 4168 2728 4871 4587 3916 4478 3574 2340 4027 1596 2425 245 3499 1015 4964 1356 3386 2260 3404
1592919,4554 424 709 4727 305 4289 3951 2351 2964 3675 3062 2501 2087 3916 4292 1356 3499 248 3371 3776 2196 3843
3783855,4942 2119 2644 3579 3421 4258 2957 785 470 3539 2441 4672 1482 3540 1364 876 3275 3692 4686 1974 2202 1983
631202,4727 4558 302 3148 3574 4027 2728 2340 4587 4871 3136 2659 930 4541 2034 245
60519,112 1493 2831 245 2034 151 2099 3197 900 4357 3198 4317 3524 2029 4053 4987 4179 4221 268 3131 4021 3782 1990 2992
3165835,4587 2034 1990 4964 1694 4179 3197 245 3466 1015 4867 4221 487 3951 3118 109 2746 3148 2340 4390 3778 4027 3663 4471 582 112 4063 4056 3916 44 193
941402,3136 424 3946 4727 930 4292 4471 3062 3502 3651 3813 3554 2340 4560 3675
889004,1321 2583 2831 900 245 2034 268 112 3925 4317 420 4357 2921 4471 1788 1990
3553808,3916 4168 4587 3499 3951 4964 1015 4221 4727 4320 2034 3778 3109 3116 4179 1356 1694 245 2188 4390 2137 4871 450 387 3875 305
1722080,1337 112 895 4021 4357 4867 245 4987 2921 151 2992 4053 4116 3036 962 4285 4317 4131 361 4179 1307 2034 1701 3116 3242 2583 1321 2831 4160 2668
1969121,3276 2728 4558 2837 4658 974 2278 2528 3651
1973622,2625 4871 2123 2565 1742 1749
2876982,4964 4791 245 3951 1015 1990 450 3300 4587 3778 3916 4471 4179 1694 3675 4320 2565 4221 2146 3185 4871 2431 4289 3116 1992 3499 1516 109 714 1798 1757 3136 1321 2583
1991547,2034 3951 4587 4964 245 3916 1990 4727 4385 1694 4027 387 4168 1015 3675 4471 4558 3136 1356 3148 3778 450 487 3197
3201297,1321 2583 1701 2445 1337 1417 2594 2328 2950 787 2921 1430 4021 4471 4357 3951 268 361 2992 962 1446 895 2188 3116 1788 3969 4867 245 1990 4987 3675 4317 4285
2248572,4727 4558 2034 4587 3148 4027 3916 4871 1356 3136 2340 302 3951 1015 4168 245 44 3499 4964 930 1694 4385
3248757,1535 3951 4493 1464 1990 962 3333 1430 2431 2583 2685
2487766,1321 4987 245 4494 1883 1788 1493 2034 2921 847 268 931 4587 3042 112 3536 3969
3862437,424 3136 3651 3946 3587 3813 866 930 3062 4727 2297 3478 3554 4850 4292
2670579,1321 4317 1307 2831 4021 895 2583 420 4318 3782 112 900 4471
2681082,1321 4317 4021 895 420 2583 2831 4471 900 112 3782 3675 1990 4867 2034 245 4587 1788 4987 1446 3406
1723169,112 900 1321 3062 982 875 424 4736 4357 3277 430 3946 4317 4987 2831 4292 2983 136 3478 420 4850 895 3136 4302 2586 1414
2125613,245 2034 4587 1694 4964 3969 3136 4987 1990
2305583,1364 4313 362 1879 2644 2658 358 3485 1968 1536 4876 5005 4964
146991,245 3197 4357 4179 2034 4964 1694 2188 4221 4168 582 900 3116 4587 112 2831
1387869,875 4317 787 1701 1337 1321 3242 4053 268 3062 4494 3675 3772 3478 3136 2138 3946 4736 900 420 368 3782 361 1450
3548766,2087 3009 1133 4624 4554 3675 3651 2340 866 4292 431 2278 685 4850
1306541,3136 368 1321 3675 930 1404 4471 4758 4587 3554 3478 1450 4727 900 3946 3651 4292 1788 112 2025
1466508,112 895 2992 2008 4357 4938 151 4987 361 2029 2138 4053 2099 1307 4179 2921 1337 297
1643321,112 1493 2034 2831 245 2099 3197 3524 900 4053 4357 1990 3198 3918 3925 4317 151 3386 3495 4027 3867 4179 4987 2599 4160 4221 2029 4565 1042 3778 4587 4664 268 2992 4494 895 2719
2582305,4727 302 4558 3574 3148 3450 4027 4871 2728 3404 3136 2340 3478 2099
1322605,4558 4871 2728 2425 930 1742 2659 3574
1538337,4727 4558 4871 3574 4168 4587 3499 3404 3916 4478
285644,4554 4624 424 4850 4585 3675 900 1133 4292 3062 4903 763 2087 62 3371 3489 3146 3478 3009 2565 4302 315 1450 2728 982 867 3651 1136
2079079,4317 2831 2320 1321 4021 420 900 2034 1493 245 3198 3925 4987 112 3782 223 4131 1990 268 2921 1788
1644106,424 4850 3813 3946 900 3062 2297 1099 347 571 4302 3587 2586 3554 2340 3136 982 781
1061052,2831 112 1493 4317 4021 245 420 2034 3198 4987 1321 3782 900 4053 4357 2099 1307 3524 2029 895 2921 4116 4450 151 3197 268 4131
2058864,1321 895 1701 268 787 3242 2921 4494 4317 2418 361 1337 3062 1307 1788 4021 875
2252854,2831 112 4317 1321 1493 4987 3131 420 1307 900 245 895 4021 3198 4450 268 2034 4357 1042 1354 3782 4053 1788 4736 136 3406 1337 4938 2029
546055,112 3478 900 268 2831 1321 4317 245 4541 2728 4027 4987 368 4727 3136 2424 3867 2099 2921 2034 930 1493 4357
3470761,875 4541 3136 3062 870 2025 3478 930 3946 424 430 571 4494 268 2837 368 2008 112 3085
2625012,71 1742 1596 367 1199 315 4871 2565 2328 1749 4811 2219 2122 4791 245 3308 109 1990 4437 3778 2407 2146 3675 2593 2921 1337 361 2992 1167 714 1015 3925 3365
2929737,1321 268 112 1701 4987 875 2921 1788 3478 245 4494 4938 3675 361 4053 3242 3969 787 1493 1337 4357 4317 930 3136 2025
3596465,1318 2047 2345 535 4094 1226 2030 2992 1337 2801 564 1629 2852
1762168,4554 1133 866 2278 112 683 424 4541 431 1321 14 4357 4240 1788 4758 974 420 1404 4292
709593,245 487 2034 4471 3197 4587 2188 4964 4221 1015 3951 4168 1694 4179 1990 4357 109 4987 1446 3466 1516 3136 3778 1798 714 3116 2594 3675 4318 2583 1321 2733 701 2423 582 3011 3916 526 3946 387
2792839,3877 2108 1028 705 4382 588 116
319280,245 1493 4357 1540 112 2921 4565 268 4179 2831 151 1694 3524 2992 4987 3983 2034 4053 4664 3197 4587 4221 361 4160 4811 4450 4867 193
1073974,3294 1450 1788 1321 1026 2395 4172 4758 2565 144 3675 3062 1972 3990 3277 3773 1388 847 3055 378 4560 2335 4585 62 2165 3224 3969 4142 4318 3985 625 547 4183 4584 676 3081 3476 4844 3121 4896 1248 4460
484660,4587 3916 1015 1694 3951 4964 4471 4168 1990 450 4871 116 2431 4727 4558 3136 3499 245 3778 1167 4221
1044310,3197 245 2034 4964 4179 3951 4357 582 4221 4587 4317 1798 4987 112 4471 2831 3116 1694 4168 1990 420 109 3925 193 151
3370283,3146 424 4624 866 3651 4292 4850 2278 3062 1251 3675 867 2196 2087 3478 3773 352
113578,268 4494 1701 2921 112 247 3242
131683,112 2831 245 900 2034 1493 4357 3197 2099 4987 151 4317 4053 1321 3198 3524 4021 420 2992
1340254,900 245 112 2034 2831 4357 1990 4471 1321 4587
2332229,900 4357 2095 245 4867 4471 3951 4179 4987 1990 2583 3197 2188 4221 3925 4964 4587 3778 2034 193 3036 3116 2594 895 2992
2405030,3136 4471 3478 4727 3675 4587 4758 4027 1321 930 368 1990 867 2034
2189288,4317 2831 1493 4027 2099 223 420 2034 3917 3198 4131 3524 2599 3925 245 3867 268 2029 3782 3197 4053 1990 829 4987 1337 112 3386 924 3918 151 3131 2921 1395 3495 4450 2320
2715644,3197 193 4020 2320 4179 4221 381 1608 4357 4471 4987 3778 3406 4867 245 3524 315 4285 4964 3925 2803 151 1225 2863 2146 3917 109 2729 2063 2034 4926 4450 4027 2814 829 967 3163
1443997,2728 3574 4558 4027 302 4727 1180 2425 3148 2340 2100 3917 44 3450 1596 4587 3478 4168
3539488,3499 4791 4587 2260 4964
1626624,3951 4964 4471 2034 3916 4385 714 4168 1990 245 4587 1167 387 4641 4318 3650 1252 4570 4478 3499
1481238,424 3813 3946 2340 2297 3062 900 4471 1099 4850 4560 571 368 4302
1218,1133 3675 4554 3651 3371 3009 867 4292 4624 709 4289 3146 4471 431 2837 245 305
2871740,1321 268 3478 4317 3085 2831 112 1307 787 900 2488
3620674,2972 2508 1935 1574 3945 116 449 3722 6 4089 523 1152 3396 2853 4855 1652 4934 984 3958 4879 684 490 3883 1578 2595 1538 216 2697 1033 515 4347 3916
823478,4317 2831 420 3198 4021 3782 1493 2034 4987 1321 4131 112 2099 223 1612 268 1042 1307 4053 900 2029 1788 4450 245 3925 1990 2599 3131 4736
824199,4964 245 3951 2034 1990 4587 3778 3116 4168 4179 3109 4221 4471 2188 3916 3197 1694 1015 4987 193
3296059,2728 4727
2030635,90 3793 3075 4162 709 3450 248 1742 4697 1268 4641 1356 3883 967 4727 1576 3985 1015 4541 515 3916 3452 3158 4292 2837 4390 4613 1990 3807 1170 2351 2402 3951 3136 2278 387 4587
2518112,4554 1133 3675 3489 424 4585 4624 2402 2087 4292 3009 3773 4850 3121 315 1248 4106 1928 3514 3062 3371 62
1799696,3148 4587 4727 2034 4168 4558 1015 245 2340 4027 3916 4964 4390 487 3951 4221 3499 1694 305 1356 3136 3778 1990 3450 1404 368 3776 3197 4179
1225720,2053 2992 4388 2382 1185 2921 285 2414 3036 4179 1337 546 1544 151 3109 1947 1701 2692 3983
3578086,4624 4554 3651 4850 2087 4292 3675 1133 3146 431 3062 3946 424 3478 866 4302 867 2340 3009 4585
1747519,3136 4727 930 3651 2837 2025 368 2340 424 3561 3776 4587 3478 24 2659 3554 3675 4541 3148
3305595,112 4021 2831 4317 895 4987 420 136 1307 1321 4357 245 4053 2320 4450 900 4867 1493 3782 3406 2034 2583 1337 2668 2029
482030,424 3946 2340 3813 3062 2297 1099 4727 4302 4850
1903069,2831 112 4317 2034 245 900 2099 3782 151 420 3036 2029 1307 1990 4053 3925 4116 223 4357 3197 4847 4565 4987
1511461,4027 3148 2728 4587 245 4727 1293 4558 2425 112 2034 2340 3478 4541 2099 3917 3386 2831 4168
2353711,3276 4658 974 4558 2278 3651 2528 2837
351028,4587 900 245 424 112 2034 1694 347 3136 2340 3478 2831 1015 3466 368 4727 4850 1844
997316,1133 4624 3675 431 3651 4554 866 3009 2278 4292 3121 315 62 2196 4857 3371 2033 1781 3894 3062 1095 4585 4289
516600,3778 1742 3925 1990 4871 245 2034 4727 1596 4587 4027 4471 462 4964 4318 3574 3951 487
1505818,3946 3062 424 4292 3136 982 3277 4758 1321 3502 1450 4850 4302 2586 3675 900 3587
2767481,4587 3136 2659 930 4727 245 2956 1404 3478 1321
2648773,3675 2439 3371 4380 4907 4487 578 4289 3514 4471 566 2431 4106 1133 1095 3010 4611 62 2789 4320 910 1510 2402
842304,90 3793 4162 967 1268 248 3985 1742 3075 3883 1576 3450 4641 1356 1990 3452 378 1170 4697 3951 487 515 2780 709 3807 1252 2034 4292 3136 4385 3778 2697 2278 387 1015 4587 3101 2402 4727 3810
3701835,2431 4855 1808 353 3396 566 1576 515 1731 2303 2153 4289 4611 3101 3675 3793 2697 2725 2977 918 2914 3371 62 116 2780 3121 3810 4900 1252 4222 3355 4471 4264 212 1268 2919 1083 2508 1170 1577 1891 1349 3098 1176 4142 2137 3773 2853 4347 2150 490 1450 3033 3301 2317 2036 4837 2534 3062 757 450 487 4106 2900 248 3159 2583 4560
2960527,268 4811 1493 245 1540 2488 4357 3146 1572 2921 1701 2992 361 4179 532 151 3983 4664 4587 1446 112 4556 3696 4541 4791 3756
3025744,112 245 2034 1694 2831 532 2099 2728 2155 4027 3782 1493 4053 4317 3085
3853602,424 3946 3813 3062 900 4850 2297 4302 347 368 1099 571
889624,3197 2095 109 1337 4179 151 315 193 245 4867 3036 2320 2831 1990 4221 3925 4317 3917 4964 2328 2992 4357 1701 2921 4053 582 268 4496 361 4987 4285 3524 71 223 4131 2099 2863 2599 3863 420 2583 4494 112 2188 4471 2034 3242 3951 1446 2594 829 2950 4565 1742 900 2582
1281051,2728 709 3136 2837 4727 930 4558 2659 3146
2204627,302 3574 4558 4727 2425 2728 1293 2099 391
2574737,112 2728 4541 2099 4727 268 3478 4558 3136 930 786 55 4027 3867 245 1501 2029 532 4539 302 2659 2425 3386 2831
3805370,4493 1464 1535 3333 1430 2685 1990 962 1825 1544 705 2431
3822079,4558 3574 302 4727 4027 3917 3148 4871 2340 2728 3450 2425
1683124,4857 3675 1133 3009 2439 4554 315 4624 3371 62 1781 3489 4289 3121 2196 431 1388 3651 1095 4585 4292 2087
1701649,112 2034 245 1493 2831 2099 3197 4317 900 3198 4053 4587 4027 4357 3524 3131 4987 268 1694 3386 55 1990 2029 3778 4938 151 1404 3867 3478 3136 4221
2277370,2921 3917 1694 4027 532 245 2728 3085 2099 1844 268 2831 1395 1493 112 4541 4964 3386 2034
1561629,245 4357 4987 3116 4179 2034 4221 112 3197 1430 962 4587 2992 900 2583 4471 4889 4269 1990
31761,1440 3865 4306
288706,4587 2034 1015 245 1694 3951 4964 3916 3499 1990 4871 3778 3466 1757 4320 4791
1080430,4382 1131 1544
648425,2425 1596 1180 4539 3574 2728 4558 2099 3917 4027 4871
1397240,3136 930 368 3675 4541 867 3651 3478 2025 4727 900 4292 424 2837 3554 3587 4758 2297 3946 4302 4471 1450 1321
819212,245 1493 4987 2034 3197 1694 3524 2831 1540 112 2921 4357 2008 4317 4964 361 3925
47967,112 2034 900 245 4357 2831 2206 1493 895 4587 4053 2099 1321 4987 3197 3951 1786 1430 2583 3925 4494 4317 962 3918
735867,1095 4857 3564 4216 792 4985 1480 1198 1431 2941 2710 1195 5007 3061 3275 2108 4471
997412,3951 450 1990 4493 4964 2431 962 3333 2660 1430 1535
1100303,424 3946 3062 4850 3813 2586 3136 2297 1099 3587 571 982 1321 4302 4292
1425710,1990 2992 2053 1544 2685 4388 2382 285 1430 2921 3440 1464
2148491,532 3917 1694 4027 2728 4732 4539 1844 245 630 3386 4664 2034 3889 3495 2831 112 2746 361 4964 1493 4053 2099
89302,112 4357 245 900 2034 2992 4987 4269 2188 4179 3642 2831 3197 2099
2458637,3782 112 245 895 2034 2921 4987 2831 4357 4317 4053 4565 2992 1337
921508,1990 3951 450 3778 4471 4587 4867 2034 245 4964 2431 2095 3197 3925 2583 2188 1430 3466 4221 193 3383 4179 962 2894 1694
3774049,4554 866 431 3675 1133 4292 3121 3651 3062 4113 1781 2196 4624 2087 424 4183 2728 378 59 3009 3371 1589 2278 62 2033 4758 1095 305 867
3581068,4558 2728 4727 709
3269115,3276 974 4658 2728 2278 2837 4558 2528 4554
27888,112 2831 900 4317 4357 245 2034 3036 1321 197 3197 2099 4987 151 4269 420 4471 3925 4565 3782 1990
530183,1596 630 2099 2728 532 1742 499 1701 4664 4027 4871 4539 3867 3085 4053 4225 1180 112 4116 4727 3495
2386932,1701 268 630 2921 1307 4053 361 245 4938 4587 3198 112 2442 2034 4541 3867 1694 1337 1568 3085 1990
315715,4554 866 424 3651 2087 4292 3146 1133 2278 3675 3062 2196 4850 4624
1572501,3951 487 1990 701 2431 2034 4471 3778 2423 245 4587 3466 1474 4964 1015 3197 4926 1694 197 4385 2781 2320 3011 387 222 4318
1617092,112 1321 2831 4357 4987 245 900 4021 268 2034 1307 4317 895 1788 2921
2136740,2831 4021 4317 3198 1493 112 420 3782 1307 2099 4131 2029 245 2034 4987 2921 1321 268 2668 3524 4053 4450 4116 900 151 3131 1337 223 3925 2599
3199682,4727 3148 4558 2340 4027 4587 3574 2034 4168 4871 3136 2728 245 3916
1412962,1321 2565 3969 2328 1742 1788 2583 2431 3675 4318 1972 3778
959965,4871 4587 4558 4168 44 4027 245 4727 3916 3574 1596 4390 1694 1356 3778 1015 3499 3148 4964 2746 2340 1180 4221 3450
2493105,1339 4382 588 2108 1234 2648 1741
3207614,2425 4558 2728 709 4541 3137
3580430,245 4357 4987 2034 2992 3197 197 4565 3969 4221 4179 4964 193 1694 895 112 3116 3524 4116 4053 3642 847 3107 2863
1777590,2728 2425 4558 302 4539 3574 1293 2100 4027
1377427,4964 245 3197 1990 2034 4471 450 4179 3951 3116 582 2188 3778 4168 4587 4221 1694 4320 2146 4889 387 3925
811139,3136 1742 4871 4587 3675 1757 1015 245 3985 930 2565 3651 3146 4471 1694 866
2899390,245 1897 3197 301 4357 2034 4987 4964 2431 197 3116 1694 4179 1516 4852 4471 470
2222885,4292 4554 3062 3675 4289 424 3371 1321 4471 2196 305 1928 1450 3277 4302 3146 4758 2087 248 2501 368 2745 3773 709 1133 1973 930 2402 866 751 3554 1788 4727 701
415129,3062 424 3946 3136 875 1321 368 4292 930 2008 3502 2025 2586 1450 3478 4560 430 4758 4471 571
1078054,3136 4727 930 3651 424 3561 2025 3587 3554 368 2837 2340 3450 867 3478 3494 3776 4292 4541 24
2982092,2034 4727 3951 245 4027 3675 4587 4385 1990 2728 112 4558 3925 2583 4471 900 3916 2831 462 1252 3136
1881196,112 2831 4021 895 1321 2921 245 4317 2583 420 2034 4987 900 4357 4116 962 1307 1493 3198 3036
3800160,4382 2108 3564 588 2156 2710 4216 50 1234 4985 3427
2384134,3136 4587 4657 2659 930 4727 2837 4235 2728 3146 3499 4558
2602332,487 1990 3951 3778 2431 4964 4471 2034 245 3466 3197 3925 701 4221 1694 4318 2583 4587 4320 398 4385 4867 2188 2423 193 3969 4179 1015 2516 1568 778
470919,2831 1493 112 2034 245 3198 4053 4317 3197 3524 2029 151 2099 4027 4987 268 420 4357 3867 1990 900 3495 4021 1354 297 4450 3782 1337 3131 2992 3925
1029591,4357 2992 4269 112 3036 4987 895 3642 962 4179 900 4116 245 2034 3116 4053
969316,112 2034 2831 900 4317 1493 1321 1042 245 4357 4987 895 420 2099 3782 4053 962 3925 268
1600103,875 900 3478 571 3587 112 930 4053 245 3277 4357 424 368 2728 3651 4987 3136 3554 1321 3085 4317 787 4736 2034 3675 3198 1059 24 4664 4494 3062 1701 2831
2872008,4357 245 112 4987 4179 4221 151 3197 2992 900 2034 4867 2831 3116 1493 3642 962 4053 4116 3036 4269 895 1990 4285 4889 4565 3524
1953886,3675 2439 1133 1095 3121 62 4216 998 3111 763 1781 454 1388 1964 32
3706799,4587 2034 245 4027 4727 3136 3148 4964 1990 4558 3951 2340 1015 3916 2728 4168 112 1694 900 1404 930 4471 1356 44 3778
3266041,3675 3121 4855 2919 4289 454 3009 2165 2087 566 515 2780 1149 62 3371 3773 3136 4106 3985 673 1248 3355 3883
2156144,4317 4987 3197 4357 245 2034 420 1321 4471 112 4179 2831 3925 4587 3951 875 4964 4221 4021 2583 1990 1798 1788 582 2320
3762682,4587 3951 4964 3916 2034 4168 245 4027 387 4727 1990 1395 1694 1015 4471 1356 4558 2340 3136 4385 3466 4390 487 1167 450 2746 3675 2733 3148 3197 4179 4320 2146 3499
3401128,900 3136 3062 3651 875 3675 2921 4292 1321 4317 430 424 3478 3946 4987 4736 4302 368 3277 112 4758 2008
1206305,3197 3524 245 4357 4987 301 4450 2921 847 4964 4317 4565 2034 2445 1337 3925 2320 4131 1493 2431 2831 1694 3707 193 4160 420 4179 895
1217044,1321 4357 245 2583 4471 3116 4179 4867 4987 2831 4317 895 3969 1990 2445 4221 3951 2921 2992
950138,4871 4727 4558 3404 3574 2104 4168 1596 2260 1167 4478 4587 1628 3916 2732
1040887,4587 112 245 2034 4727 3148 2728 4558 3499 3951 4168 1015 3916
1807435,4021 2583 2814 1321 895 4471 4867 2921 2431 1307 4987 2320 1430 962 4116 4889 1446
3576479,2034 3916 3951 4027 4587 3148 4168 1015 245 4964 1356 1694 4558 2340 1395 4727 1990 44 2746 112 3197 109 4179 4390 387 2831 2188 4221 3499 2728 3778 900 3466 487
1648611,3865 4306 1544 2487 3490 4441 2382 2685
955026,2728 112 3478 4541 4027 786 4539 2029 2099 2831 1180 3867
1877383,4727 4558 2728 3574 3136 302 2659 930 3478 3148 2837 2340 4027 4541 4587
1882871,424 4727 2340 368 900 3946 4587 112 4850 3587 982 3136 3478 2297 930 4302 571 4471 3554 3813 3561
11993,2921 2728 4539 532 4027 4541 3823 3085 3917 4494 3696 2029
3117083,144 4183 698 1388 1095 1133 2948 1431 4216 4142 76 4816 542 4758 4315 3675 4857
2865527,3675 3121 4554 1133 62 4624 3371 4292 315 3009 2087 2196 4585 4289 3773 3062 3651 378 3489 4142 1450 867 4302 4850 4106 1388 424 2402 684
433193,3675 1928 3121 62 315 4289 3773 4380 1133 4292 3371 2402 4142 4554 3489 4106 3062 684 4857 3471 4585 2087 3514 4471
3632583,3651 3009 4554 1133 4624 3675 2087 2340 866 2278 2837 1308 2728 315 4292 2033 3121 3371 305
2498335,4587 3951 4964 3916 2034 4168 245 4221 387 582 1990 1015 3197 4179 4471 450 3116 3675 3778 4320 4385 1694 1356 3499 487 3136 2188 3148 109 4727 4027 2746 3109
1429177,4871 1990 2534 450 1596 3778 1742 2034 245 4168 4587 2104 3925 4964 3450 387 1628 1167 3574 4471 2732 3951 3197 4221 4027 3916 2188 116
2995622,424 3062 3946 4850 3813 3136 900 1099 4302 2297 3502 4292 4471 2586
2547711,424 4000 3651 866 4850 3136 4727 3946 3813 4302 3062 347 2340 3587 3561 1099 900
985797,2049 4770 2573 4857 4972 566 792 221 578 4611 4681 2439 3094 2957 970 4855 3129 4095 1782 3829
1918738,3062 875 3675 3136 3946 4292 1321 3651 930 900 3277 368 1450 2586 3478 4903 424 4758 430 4317 1788 4987 571 2025
852408,1493 2831 3131 3198 223 3524 4317 2029 420 2599 268 2034 3867 924 1990 829 2099 662 3782 1325 151 4987 3386 245 4027 4207 3917 3925 4131 3197 1307 3778 4021 4539 4053 1191 4450 1337 2668 3495 3707 1042 4938 271 297 112 3918
1996689,3574 4558 4727 4871 1596 1180 4168 2425 4027
3478033,2927 2276 3450 4727 1914 346 4906 3368
500712,424 3813 3062 3946 4850 4560 1099 4471 3136 3554 781
3892339,4587 4987 3951 4471 245 1990 3916 3136 3778 4964 3116 2034 4221 2431 1321 3675 1694 4168 4357 4179 3946 1015 1798 1788
277477,4471 3951 4964 4587 245 2034 3916 4168 4179 3116 3675 387 4221 1990 4385 1252 4727
478280,112 2831 1493 151 3524 245 2034 4317 3197 4285 4053 4357 900 3198 2320 420 4987 1337 297 4867 2099 4021 3131 2029 4450 4179 223 109 2599 1354 4736 1990 2668 268 3782 4565 4221 3707 582 4587 136 3925 4496 922 3778
394193,2992 1990 2053 1544 2382 2685 3036 285 4490 4179 1331 1430 4388 3490
3376664,2034 1321 4471 245 2583 4318 112 3951 1990 2831 900 4587 4385 2431 1788 2733 3675
3559012,112 1307 4938 3867 2029 895 1701 4053 3235 268 3198 2030 4116 4539 3242
1004974,216 2431 4964 2697 1244 3101 4471 449 1252 4385 2611 487 4855 1652 3778 4583 4660 2146 3471 3810 4686 3159 257 829 1349 2853 4319 1322 2153 450 684 757 1574 1474 193 1990 259 4606 2137 4347 3829 4475 3793 1083 4096 2188 523 4570 4320 3916 470 3020 1898 4889 116 3371 3383 3571 3185 2895 4900 2111 3951 4460 2387 2502 4790 4162 1306 387 2583 1810 1015 4221 3689 4841 3265 253 1430 602 3536 1388 2508 779 2565 3702 4142 4926 1142 3675 2733 1694 2495 2977 3195 2351 2034 515 1320 4008 1671 3136 109 1742 3197 2320 1636 3925 4318 1208 62 2006 2366 3863 566
1166551,4727 3499 4587 4558 4168 3148 3916 1015 2034 245 305 1356 3951 2340
417739,4871 4587 44 4558 4027 3916 4727 245 1694 3574 1596 4168 3778 1356 4964 2034 1015 4390 3450 3148 3951 2746 1990 2732 1167
2687729,3148 4587 4727 2034 3499 44 4027 1356 4558 2340 1404 245 112 3951 3916 3136 1015 1990
1133570,245 112 2831 4357 4021 1321 4987 3197 420 2583 4317 2034 1788 4471 962 1307
170807,930 3136 2728 4587 112 3146 4235 2837 245 2025 4727 2921 4494
3086657,3574 4558 4727 1180 2728 302 4027 4541 2425 3404 4871 1596 3478 3450 4174
608022,3955 2661 4471 3732 4576 1580 1582 4912 1653 1237 3806 1954 2744 3079
2235503,2992 3865 2583 245 2053 4987 4357 4306
3416537,4736 112 900 4357 3619 1786 1321 3707 816 4587 136 3495 297 3969 420 4317 2034 532 2831 4450 4207 424 2337 3851 3925 2320
685743,245 4357 3197 112 4179 2034 3524 4221 4987 151 2831 2320 3778 2099 4450 582 4053 4116 1337 2992 4317 3036 4964 4565 1990 3925 2188 4148 3198 4664 1694 1493 4160 3707 3116 223 900 3782 3918
2959296,4727 3136 2340 930 424 3776 4541 24 2728 3494 4558 2837 3478 3651 4587 368
1696323,2728 532 2425 1540 4027 630 3917 4558 2099
719874,424 3062 3946 3136 3813 900 2297 1099 3554 4850 368 4302 3587 4292 1321 4471
3386324,538 2022 118 522 2609 1162 1580 4930 221 4434 4216 2710 989 4071 3389 386 4242 3328
905240,2831 112 4317 4357 245 4847 900 2034 1990 4987 151 420 2099 1321 3782 1307 3036 3197 223 2320 2583 3925 4471 4221
1106216,245 4357 2034 3969 4987 2921 1321 112 895 4964 1694 301 4587 4926 4471
2826926,24 424 4736 3587 2983 3619 4259 3347 430 3851 1414 571 2025 3776 4207 4727 297
3794476,3574 4727 4558 302 2099 3148 2728 3478 4027 1293 2425 3450 4541 4539
2064746,4541 2921 930 875 3478 2008 3651 2025 3136 2424 2728 268 2837
2515754,1321 4987 1788 4357 245 4758 112 4317 223 2831 3946 368 4302 2025 3778 900 2320 4450 4736 420 4471 4148 268 2034 3197 1446 3478 1450 3277
3265989,4727 4587 4558 3916 4168 4871 3136 3450 3499 1694 1167 1015
3105179,2921 268 4541 1307 2328 4021 4317 3131 1321 2814 2407 2831 361 112 4987 1446
1309984,112 1307 4938 1321 3642 268 895 4357 2992 1701 4021 4987 4116 900 787
1847101,2831 112 2099 151 2034 245 4053 2029 3198 3197 1990 4027 4357 4317 900 3524 55 4987 4539 3782 4565 4021
1888199,424 866 4727 4554 4292 2501 930 486 3651 4758 2278 305 2340 24 3146 2837 3554 3675 1133 2433 368
3724760,1321 4317 1337 895 4021 1307 420 3406 361 2328 787 2008 2921 268 2445 1701 875 4987 136 2831
840832,1576 4855 2153 2451 1172 2721 3571 951 253 1635 3948 4162 515 73 449 3995 2431 1574 3101 3793 757 1149 1252 2780 4727 3689 3519 487 3916 490 387 2853 2977 2725 4587 4471 1268 915 566 3810 1694
1277307,245 1321 4587 4987 4357 2583 2034 2921 268 4471 2431 112 1788
1728305,3855 4463 4061 3480 2929 2124 4820 3501 3658 2576 4163 1280 4343 1012 2245 2250 2927 585 3914 4721 658 261
3872462,900 3478 112 4541 268 930 2728 3136 1321 2831 245 368
2842189,1321 2583 4318 4987 1430 3969 2431 4471 4357 2565 1788 2992 4926 2921 526 245 3675 847
3263640,2992 2053 1990 285 3109 3036 4179 1544 2382 1185 4388 1430 3951 245
2979139,4964 4587 3951 3499 245 2034 4791 4179 1015 1694 3185 3916 3279 4871 1990 3116 3778
2618357,1544 285 2685 2992 3865 2382 2053 1990 4441 2921
2167640,2603 2921 1581 2352 4607 4583 4171 2685
1952307,4541 930 3651 2921 875 3478 2008 2025 3136 2837 2424 818 268 3666
2919394,4727 4179 4587 3946 1694 4964 387 44 1252 112 900 3778 2034 4357 3197 3951 4471 4221
3319285,4938 2164 736 1307 1549 2030
3533528,4554 4624 4292 867 3651 1133 3146 866 3675 2087 1522 3478 3561 900 4183
192912,1321 112 2583 268 2206 895 1788 1307 900 2034 1786 4987 2831 1430
3339583,4558 709 4791 3137 3146 2425 2340 3136 1694 268 2728 4727 4587
2840041,2728 4558 2425 709
3472464,2831 2034 112 1493 245 900 1321 4317 268 3198 4987 1042 2206 2099 3925 4450 1354 4357 4053 1788 420 1990 2583 4587 3197
1509164,424 3062 3946 3136 4471 3813 4292 3554 2297 1099 900 4560 4850 2340 3502 368 4727 930
897546,4727 4558 2728 302 3574 4027 2340 3148 709 24 4587 4174 3404 4871 3136 4168 930 3916 1596
3188430,4587 4027 3951 3916 1356 4964 2034 3778 1990 44 245 4558 3148 4871 4727 4168 4179 2746 3499 1694 4221 1015 802 3109 3197 2340
3702544,3951 4471 2034 4587 4385 4964 1990 487 245 387 4318 3925 3466 3675 3136 2733 1252 1167 3916 2583 4027 4727 1694 450 3197 2431
2864138,112 2831 1493 2034 2099 4317 900 3198 245 3782 268 2029 3131 4053 151 1307 4021 420 1321 4987 3524 1042 3197
873180,424 3946 3062 4560 1099 4624 2402 982 2332 763 3075 4373 3773 4292 1960 4180 4613 352 4585 3843 4850 1588 286 248 3277 1450 3587 930 368 3813 648 781 2432 673 3833 3570
1780377,2728 4558 2425 4727 3574 302 3136
798522,2034 4587 3951 1990 245 4964 4027 1694 3778 4385 4727 1015 387 3466 3197 4471 3916 3675 3136 487 450
722873,1337 2328 4131 2099 4285 4987 245 1990 4053 2831 3131 151 4496 2320 2992 2921 4317 3197 2668 4867 4116 3524 4021 4179 4357 1701 662 2034 420 3778 4565 3707
2798500,3136 4292 930 2837 3807 3946 347 424 648 430 3776 2025 867 1450 3062 3478 3494 3587 3651 24 4727 3146 4850 4624 2659 4711 368 3476 4560 2278
1004737,2992 4179 3109 1544 2053 3036 2921 3116 245 1990 285 4221 3778 2382 4357
1332029,4471 4964 1990 4587 3951 4179 3116 450 2431 2188 2034 4221 3778 1252 4889 245 4867 3109
1130682,2439 4972 431 4778 305 1133 2033 4907 3675 1628 3505 3450 3371 2793 2278 3062 2280 3856 766 1095 866 1781 1273 4857 4727 4585 4142 4292 2196 4440 2625 4554 2402 4289 4558 2537 3773 4583 3194 4302 3458 1668 3121
1211094,2565 3675 1321 4471 3136 3969 1788 4758 3081 1972 895
1321829,1133 3675 3489 4554 4585 4624 4292 424 4850 3121 315 3009 3773 1136 2087 1248 2402 347 763 4113 4903 3371 982 3894
2299338,4558 4871 4168 4587 3499 245 4221 1694 3916 994 3574 1356 1167
308022,3062 3946 4292 3277 4317 875 4736 1321 424 900 982 2983 3136 223 2025 4758 4987 430 1450 3675 4357 3502 4302 368 4850
738197,424 3136 982 3946 4292 3062 866 3651 4850 4727 2297 930
3790338,112 1307 268 4053 1701 895 4987 2029 787 4938 4357 1321 4494 136 3642 3242 4317 3867 2831 1337 4116
2451074,1180 2425 4558 4541 2424 2728 3574 2099 1596 3478 4539 4027 2298 786 4727 3404
974630,4912 3801 1864 4266 2643
3560092,3121 1480 2741 4583 3675 121 2439 4216 1133 1781 378 4972 62 3813 3894 1388 1248 3773 866 2651 1031 1198 4142 432 3371 4907 3979 2362 3514 1814 4585 1782
2200357,4558 2728 2425 302 3574 4727 2340 2100 3137 2099 4539
2719765,3951 4964 2034 4587 245 4168 3916 3116 4179 1990 3109 1694 387 4471 4221 3197 4027 3499 4727
3733109,3062 62 1133 4292 3121 3675 578 2439 4896 4106 1095 2402 2087 866 4585 3371 1928 3773 2196 378 315 4624 4554 4857 1781 4380 4289 424
2291998,4871 4558 3574 1596 4727 4027 1694 4587 44 1167 2732 4168
3003067,3866 4311 3667 2193 2905 3776 1034 4027 967 3685 1473 2899 4727 1349 2728 4006 1017 4000 3420 900 3211 2211 1230 1257 4424 44 2423 4139 4565 4029 3951 4130 3899 3443 2337 4056 4641 2704 4926
2719533,2921 2944 2445 2442 1533 3666 3235
128785,4168 3916 3951 4587 2034 4964 245 4727 3499 1356 44 4027 1990 3109 4558 1015
1989536,4871 2260 4478 3574 1628 4168 4558 2732 1167 4727 3916 1596 2351
1964673,2728 4558 2425 3574 302 2100 4539 1596 3917 1180 4174 4027
2732835,2992 1544 2685 2053 285 1990 2382 1430 2921 1464
19259,4558 4727 4871 2425 3574 2728 2340 1180 4168 4027 44 1596 3148 3137
685472,4727 3148 4587 4558 2340 245 2659 2034 3499 2728 4168 3478 930 3136 4027 1404 112
1858769,216 3829 684 779 4855 315 3159 1538 259 449 2508 829 3825 4289 3371 4964 2146 3916 62 4627 4841 3571 2387 2697 71 328 3675 4320 3985 1574 3863 4011 2611 3308 2137 4385 1322 4471 1252 3471 4008 3778 3121 4900 2431 3136
2567237,112 2831 4317 1321 900 245 3198 4021 268 2034 3782 2099 4987 3478 1493 1307 4357 4938
3510521,4471 3951 4587 4385 3136 4964 2034 4727 1990 387 1252 4318 245 487 3675 3916 4168
1808770,4727 4558 3148 3574 4027 4871 302 2340 3136 4587 3450 2728 2659 2034
2700595,4624 4554 3675 431 1133 2087 4292 3651 3062 4850 1388 866 3146 3969 3009
345742,4317 1416 3163 245 2034 4051 1493 4987 3925 2599 4053 3197 420 3085 1694 895 4964 2831 3782 4565 4357 112 2206 3918 900 3242
3036622,4871 3574 4168 4727 4587 1596 4558 245 4027 1180 3778 3916 1015 3109 44 4179 2034 4221 1990 1694 1356 3499 2425 3951
43319,112 4357 245 2992 151 4664 4053 2921 361 1493 4987 1337 4565 1701 3642
2658058,2728 2425 4558 4539 3574 2424 4727 2100 4541 302
3603863,450 2431 2853 4471 2697 4303 3520 3863 3243 4611 3210 3675 3327 5002 3101 957 3159 3519 1208 1317 62 4289 3371 3121 4984 3471 1898 2921 4952 1083 1819 4011 4660 808 4841 259 4855 2095 1742 4270 2508 4475 4686 1652 3191 4964 3985 1388 1252 829 2112 1336 2999 2583 2644 1430 3204 684 4385
2221756,4317 3131 223 2921 2831 2328 2407 1337 315 268 151 3925 1990 4285 2320 4987 420 381 829 3917 3406 2599 2814 3197 4496 2008 4131 1191 4053 2099 4021 4541 4450 245 2992
658662,3675 2439 4907 4380 3371 1964 4487 4611 1095 4583 4471 4289 2789 432 566 2049 1133 578
777997,112 2034 2831 900 245 2099 3198 4053 4357 1493 1354 3478 2029 268 4987 4587 1321 3495
3678817,1133 3675 3651 431 1781 3276 4554 4857 1095 2278 4585 3371 62 4292 3009 4624 1388 2837 3062 4183 974 3121 2033 2196
1357371,2049 2573 3042 2588 3675 76 62 1699 2335 3121 4216 3002 2352 2439 3970 2402 4471 1095 551 2978 2901 1788 4611 2957 2106 1814 1972 4920 4460 4681 4770 1198 4857 3392 4602 1480 1883 2651 1133 3371 1388 1782
3554443,4583 2651 3979 3675 1388 1814 1095 2362 1133 4216 432 2439 701 62 4500 4585 4315 1894 4142 3371 1198 3453 1324 1781 3615 4471 923 1349 1252
990632,900 4736 1321 112 368 2025 3277 3478 223 1788 3587 2831 4317 875 4987 3136 4302 4357 4292 3946 930 245 3651 268 4758 3675 3554 3131 922 424
948988,2921 4388 1990 2992 2053 1544 2685 1430 285 2382
2205618,4357 245 3197 4987 2034 4179 4565 4964 4221 2992 3524 193 1694 112 4053 2863 4116 3116 197 4664 3969 1516 1493 1798 151 3642 582 4051 297 2831
187842,4554 3675 1133 4624 2087 4292 424 4850 866 3062 2196 867 3651 3489 3009 4585 3146 2340 4903 3371
1517354,4541 112 24 3478 1501 3776 3136 4727 709 2728 268 2099 930 424 4539 2029 55
1215870,1337 895 4021 2992 1307 4987 4053 3782 151 4116 112 4131 4317 2921 2029 3198 2831 420 4357 1701 4938 2099 2008 2668 4450
2738439,2921 4027 1694 3917 532 2728 2831 1844 2746 112 245 4494 630 2652 268 3683 3495 3823 361 1395 3085 4541 3696
1399048,4558 3574 4871 2104 1596 2260 4727 1628 4478 4168 2425 1742 2732 1167
750446,2728 2425 709 4558 3696 1540 4541
3234608,245 3197 4357 4179 193 1694 4221 4964 2034 1516 112 2992 3524 582 4565 4987 151 2831 109 1798 1572 1493 1990 4664 2921 3116 1844 3917 4116 3925
115336,2992 4357 3036 4987 4964 4179 193 245 1337 4221 2583 1990 2921 3969 1819 3197 1430 847 2095 3116
1292359,2034 4027 4727 4587 3148 2728 4558 245 3951 2340 1356 1990 900 3136 302 44 1404 112 1015 1395 3466 3925 2659 2831 3675 3916 4964 4385
2390738,4317 4053 3782 3707 1701 787 268 420 2418 1337 1042 4987 223 4938 4494 1307 2831 3198 112 2029 3085 297 3242 900 2099 3867 895 4116 3478 2921 4565 3406
1735490,424 2340 4727 3946 900 2297 3587 3813 368 3136 3561 3554 4471
770564,3596 950
3786667,4587 4320 3951 4964 450 245 1990 1015 3778 1694 4471 2034 4179 3185 714
3209057,1321 4471 3062 3675 2565 1450 2432 2583 4758 1446 3946 3969 4987 875 268 2431 1788 2445 895
2269019,3596 4549 1131 1807
2918688,1133 4554 4624 3675 424 4292 4585 4850 3489 3773 3062 982 3009 3946 4903 2402 763 1248 315 62 3121 3894 3813 4142 4106 1136 900 2745 2196 2087 347
1441208,424 3946 3136 2297 982 3062 4292 3587 3813 4850 3502 3554 4302 3651 4758 347 3772 2586 930
2532799,4554 268 3146 709 1133 245 3675 112 431 1844 867 1404 3651 2837 1493 3371
1269437,1535 1464 3333 2685 4493 1825 1544 2921 1990
3559018,1544 3865 2053 1990 3440 2382 285 2992 4441 3490
1035013,4727 4558 4541 302 2728 930 3776 24 2340 3148 112 3478 3136 2298 4587 2837 4168
1054403,2728 24 4727 2298 424 3776 3478 4541 112 3561 2340
1852263,2921 2445 4987 245 2992 4357 895 1533 2583 1701 3116 112
495377,3062 4292 1321 4758 3946 3969 1450 1388 3675 344 1788 4850 4113 1133 3277 62 4624 3146 2196 378 424 59 3773
2913614,4441 2685 285 3865 2053 2921 1544 1464
2560436,2710 4857 4266 792 4216 3518 2793 1827 2370 3780 221 591 4681 4985 2466 1753 1668 4077 4972
1440635,3675 1321 4471 1446 4318 787 1450 3136 3062 4758 2583
1614511,2965 3108 1689 1448 50 3234 529 4382 2156 3427 394
760533,151 1337 112 4357 1701 4053 2099 2831 4317 361 4664 3036 2992 3917 245 4494 900 4987 630 4867 895 4179 268 3983 4116 3242 1572 109 3524 4285
1220941,1337 847 895 3242 2921 361 787 2561 2565 2206 1321 4494 1059 1701 2445
479182,4912 3801 2643 3934 3975
759083,3283 1293 1469 4539 709 3436 391 3574
2478945,245 2034 1694 112 4987 4357 2831 4587
1630974,2034 2831 4027 1493 112 2099 900 245 3386 3197 3925 1990 3918 4587 3951 4317 3495 3478 3148 2728 3466 44 4727 1042 2206 1694 4053 532
849595,3116 245 4179 4357 4587 2992 3109 2188 4471 3197 2034 4221 4964 3951 962 2583 4679 2950
2466066,424 982 4850 3062 3946 900 781 1099 3813 3136 4302 430 2586 3587
3070559,2034 245 3466 4587 1990 1694 4027 4867 4964 1015 487 4871 3197 3778 3951 112
3082922,2921 1321 1701 787 3062 1337 268 4317 3242 2565 900 2328 4494 3675 4471 895 4987 1446 2831 361 1742 2138 1450 3969
1586823,3675 1133 3062 62 4585 4850 4292 3121 3773 4554 1388 3489 3946 3371 4142 4106 2196 4624 378 4903 1450 424 2402 248 1248 3009 763 315 2745 4471 4302
537853,2087 4624 3651 3146 3009 431 3675 1133 867 866 4292 2278 424 709 2340 2837 2196
2833359,2034 4587 4964 1990 3951 3916 1015 4385 4727 245 1356 1694 487 4558 3148 3499 4027 4168 3778 3136 3675 1252 450 2733 305 2340 4471 387
1900604,2583 1321 3925 2034 2831 245 900 1430 420 1990 112 4471 2921 4357 4318 2992 3951
1795932,424 3136 3946 900 3651 3062
1099356,3062 1321 4292 2565 4585 875 3277 4758 2937 3433 1450 3665 509 801 3675 430 1972 1788 62 982 4317 2432 2196 4987 3990 4711 583 1577 2586 4302 3946
479395,4317 895 420 2831 1307 1321 112 2206 3107 2320 3782
2894998,4027 4587 4558 3917 3148 245 2099 44 4168 4727 1395 2034 2746 112 2728 3386 1596 1356 1694 4179 3137 3916 2340 3197 4390 2831 3574 3951 4221 4539 302 55 1015 1990 2425 4541 4964 3109 109
3820204,112 4494 2921 1307 2029
3870746,112 245 2034 3197 4357 2099 2831 3036 900 4116 4987 3778 4053 1990 4179
3647682,4964 3951 4587 2034 4168 3916 3116 245 4471 4179 387 4385 1990 2188 450 3778 3675 582 4221 1015 3109 1694 3197 4320 3499
1630335,3865 4306 2487 3490 1544 4441 2382
1797274,4489 4889 2188 4926 328 3197 2635 109 3101 2863 2320 3951 900 4056 4471 2034 4179 4317 487 3011 1446 223 3656 4987 967 3925 2611 2423 4385 3608 3163 517 4964 4357 829 1990 4221 3863 1306 193 4318 1694 2258 4011 4394 3519 2733 509 3383 4565 3778 2745 1304 4867 1015 3466 3580
234702,1321 4317 4021 4357 3675 4987 4471 875 2583 3062 895 4867 2921 1446 1788 1430 1450 900
3247298,3675 3294 1450 2165 3773 3121 454 1388 4289 4471 4758 4183 3055 3062 1788 62 4585 1321 3371 3277 378 4560 2565 3985 3088
1047360,1133 3675 3062 1781 1164 4292 431 1095 4554 2196 866 4585 62 3371 3651 3121 4757 1973 4857 4183 2439 3773 1388 2033 315 1214 3009 2278 4142 4758 4850 1035 378 845 2837 3111 305 430 4289
2363880,424 3136 3946 900 368 4471 3813 3554 2297 2340 3062 4302 3587 430 4850 4560 3478 571
237552,4317 2831 3524 1493 3867 4131 223 2099 245 3917 151 3198 3197 2029 2034 268 4053 924 4027 1990 3782 2599 1337 829 3925 4987 420 662 3386 2921 112 4565 1395 3707 1191 3131 4938 4539
1477167,3951 4964 4587 245 3916 2034 1990 3116 582 4471 4168 387 450 4179 3197 3109 1694 4320 1015
3589323,2728 302 4558 4727 3574 4027 2425 1180 3478 3148 2099
2859955,245 3466 2034 4587 1990 4027 2599 2728 4867 2206
815797,4554 4850 424 4292 4624 3146 3675 4585 3651 3478 1133 2340 4302 867 3062 2087 900 571 4903 3489 3946 982 966 3561 763
1103718,2728 4558 3574 4727 2425 2100 2340 2424 4027 4539 3404 4541 3148
2471278,424 4727 930 24 3478 3136 2340 2728
2698239,2728 4541 24 4727 424 3478 2837 4539 1293 112 3136 2340
3217357,3062 1321 875 3946 4292 900 1450 3502 2586 3277 3136 4850 3969 571 4987 4317 378 424 1099 4758 430 368 4471 3675 4585 4736 1788
760152,3062 2501 3021 424 430 3946 4292 982 4302 2796 4850 2506 357 1099 248 24 2061 3277 3587 3866 4807 2262 4711 3619 2905 781 4029 3433 3851 452 2586 4554 518 368 1321 1725 3843 4377 1450 1588 930 4673 1276 352 3992 237 2432 751 866 177 431 547 3601 2196 1133 3833 763 4560 4896 4758 4979 4585 1076 3010 263 3813 4449 2671 2402 1928 471 3894 1636 2025
2445939,424 2506 3420 1928 982 4029 248 4850 2905 1960 910 24 3776 1099 781 4292 4302 1636 2501 368 315 2899 3062 2224 3946 763 430 4424 930 3675 4373 4377 3433 4926 2402 900 3587 2745 209 4489 471 4554 3021 3702 109 3843
3729018,2728 2425 4539 3574 2424 4558 1180 1596 3917 2100 179
2210601,4558 4727 4871 4587 3916 3499 245 4168 2034 1356 1694 4027 3148 4478 1015 3951 44 2728
3710570,3478 4541 3136 112 900 4727 930 3085 2831 3651 368 4302 424 4027
362226,4558 3574 2425 2728 1293 302 4539 3283 4727 3148 2099 2100 3478 4027 391
3157824,2034 112 245 2831 4357 3197 1493 900 4964 4587 3198 4987 3524 151 4053 3951 4221 4179 1990 4317 582 3116 1694 3778
3446905,2921 2328 1337 4317 315 2831 2407 245 268 3925 1990 2099 4285 3197 3131 4021 4053 3198 1321 829 4131 2320 4867 1493 2095 112 1701 2034 151 3917
392503,4357 245 895 112 4987 2921 3782 2992 4565 2034
3694945,2565 2583 4471 847 2431 4926 1026 4964 3969 1430 1321 2801 2095 4867 4987 701 2814 4318 1322 3675 2895 3471
3713134,4382 2648 588 2608 705
1623291,4027 1180 2424 2099 245 1596 2425 2728 2034 2831 4727 112 3478 3574 2921 4871 4558 1844 3925
1568337,4964 4587 3951 4471 2034 3675 3916 3136 1990 4385 245 450 1694 1015 387 4168 2733 487 582 4320 2188 2431 4179 3778 3197
2209710,4871 3574 4558 1167 4587 1596 4168 1356 1694 245 1544 4027
2960534,3136 3478 930 112 4727 900 4541 424 368 2025 3675 268 1321 4587 3651 2837 245
3046451,1321 900 2831 112 1788 2583 4317 895 2034 245 4357 4987 420 4318 4471 4021
3199246,3951 2431 1990 4964 4471 2034 245 3916 4587 1694 1252 4385 1015 3136 450 2697 116 4168 3778 387 2188 4867 3466 487 3197 1356 2583 4841
979265,875 368 4758 3277 1321 4317 3062 3136 3946 930 3587 424 4302 4292 3478 2025 4987 4736 3675 900 420 1450 223
101725,2728 4558 2340 4727 4447 44 3148 2746 4587 4791 2425 4298
3590847,1321 2583 4318 245 1430 2034 1788 3925 900 895 1786 2206 4471 2039 4357 420 2831 4987 112 962 1990 1276
3873849,1782 578 1480 4216 1198 4972 792 1781 2789 2049 3094 4309 2651 432 2617 2353
2936950,895 4987 4867 3406 4317 4357 2583 1321 900 1990 245 1337 4471 2095 962 1701 2992 197 2320 3925 420 2431 4116
2106373,2034 4587 3951 245 4727 3675 4027 3136 4385 387 4964 3466 1990 4471 2728 1694 4558 3148 2583 4318
2292481,424 135 2061 1633 763 357 2501 1720 4980 3843 2262 1725 4341
1618092,4587 245 2034 3916 4168 387 4727 4027 4964 1015 3148 1990 4471 3951 4390 2340 3136 1694 4385 4558 4221 3466 2188 3675 4179 1395 3197
1514391,3675 578 2439 4907 3450 3371 3514 4380 3010 2789 1133 4320 2431 2868 2332 3916 684 1510 4289 4292 1095 566
1613377,2278 2087 3146 4554 2728 866 424 3651 2340 4727
3726691,4554 1928 424 2278 2501 866 4727 305 2087 3478 2340 2033 4292 3776 3146 486 3651 24 4558 709 431 4000
2421601,3131 2831 4317 1337 4053 3198 1493 3707 3524 2029 420 3782 1307 4131 151 3867 2099 1701 2668 223 112 268 4987 3235 2008 297 2921 4565 4938 2599 895 2719 4160 2407 3431 245 875 924
416328,4554 1133 866 4758 1321 424 2278 1788 4240 683 59 4292 1404
3712151,245 2034 4587 3951 4179 4964 3116 4168 112 4357 4221 3197 2188 4471 3916 582 1990 387
2840436,2034 2831 112 900 1493 2099 4027 245 3478 1042 3198 1321 4317 268 3925 1990 3867
2767942,4471 3136 2188 116 2431 3916 1015 4727 4168 3951 3499 3946 4964 1990 4587
3212335,302 4558 4727 2728 3776 2425
3120760,2034 2831 245 1493 112 4317 3131 3197 3198 2099 1990 4027 900 4987 3925 4021 223 4450 1321 268 1694 4587 4964 420 3782 3778 3951
3080612,875 3478 2025 930 268 2921 3136 112 1321 2956 2659 1788
12447,4554 1133 4292 4624 424 3675 4850 3062 4585 3489 982 3773 3946 2402 4903 763 315 900 62 3894 3009 1136 3121 2196 4106 1099 2745 1928 4142 1248 3813 2087 4302 347
906051,245 4318 4471 2034 2431 3778 3675 3197 1990 4587 1321 3951 4357 962 1430 4964 2583 4889 3925 4987 450 4221 2188 2320 4179 1788 1446
1086418,4727 3136 2340 930 424 4587 3494 2837 3651 2728 2025 3148 368 3561 4027 4541 1404 24 4558
3019207,709 2728 4558 112 1562 3146 3696 1540 2425 2029
2962577,3951 4964 4587 245 2034 1990 4320 4471 3778 4791 1694 3499
3216573,424 4554 2087 4624 2340 2501 4292 4850 3675 1133 2278 24 2728
1445108,4357 245 4987 2992 3116 4221 112 4179 900 3197 962 2034 4889 1321 4116 3642
3326731,763 4334 972 1886 2262 357 3843 3632 4458 1133 4200 424 3813 2332 3928 684 3514 685 3894 4013 4850 2978 4292 1248 3111 248 3946 1095
1679987,3136 2837 930 2728 2956 3651 2025 4541 866 3146
2104402,4292 1133 3062 4850 4585 3675 4554 4624 4142 3773 424 62 1450 3946 3489 4903 248 1388 3277 982 177 2196 3969 763 4302 315 751 2565 900 3371 1099 3121 4471 2583 2188 1248 2974 378
1495174,4964 3951 4471 1990 450 2431 4841 2697 4587 3916 3778 3863 3020 1015 1252 4320 1694 245 4385 2034 4168 2095 1322 4570 4221 4852 829 4867 3300 193 778
691392,684 4964 779 315 216 3829 259 2146 3863 449 3571 328 4627 3159 3916 2137 4011 4841 829 2611 4320 3371 4385 4289 4471 71 3778 193 109 1322 3675 2697 3825 387 62
2001123,4587 2034 3148 4727 4027 4964 3916 245 3951 4558 4168 1694 1015 3136 2340 1990 4221 487 4390 3197 44 1356 3778 387 3499 1404 2746 2188
3088506,3453 1264 4583 2651 1095 2810 1337 3729 1964 1480 4585 2328 4216 151 578
2113859,4587 3951 2034 3916 1990 245 4964 4727 4471 450 4558 4168 2431 387 3675 3136 1356 4871 1694 3778 1167
20292,2728 2921 3696 4558 709 2425
3665493,4558 4727 4027 3574 2728 3148 1180 2340 44 4871 1596 4587 2034 245 3450
2144753,965 1587 817 1536 1968
2748990,2728 24 4727 2298 424 3776 3478 4541 112 3561 2340
3303580,630 4494 268 2728 361 3917 2921 532 4664 1701 1540 4027 1493 1694 552 3696 4811 112 4399
2545587,3675 4585 1133 424 4292 3773 4554 3009 4624 3489 4850 62 1248 3946 3062 763 4903 3121 2087 2402 910 982 315 1136 4106 4142 347 3813 3894 3514 3371 1928 248 3702 2196 1450 900 2745 4471 781 648
918918,245 112 4357 4179 2034 4587 4221 2099 4116 2831 3116 2992 1990 900
885670,2644 4964 2202 785 1364 3987 470 4313 706 3579 64 3421 4258 1207 358 876 1482 3539 1883 2957 3275 1974 2453 1983 4686 3692 4087 2754 4942 2134 4570 3978 1431 1992 2119 4877 1587 4852 4983 4543 1852 754 383
3006946,1293 4558 3574 4727 302 2728 4541 2425 1180 391 3478 4539 3283
1329761,3136 930 2728 4587 3146 2025 709 4235 4727 2659
2089601,424 3813 3946 3062 3136 982 4850 2297 3587 1099 4302
551008,3951 4964 4168 4471 4587 3116 3916 2188 4179 245 387 2034
968914,965 1536 1587 817 1968
2590119,1133 4554 4292 3675 3121 3062 3773 4624 62 378 424 4585 2402 4850 2196 3371 3489 4106 2087 1450 982 1388 866 315 4289 763 3946 4142 4302 4183 1099 4896 4113 3651 3277 4903 3009
120304,3136 4727 4471 4587 3651 116 4385 3371 2431 3916 930 4871 450 3675 2034 1404 4168 305 368 1694 1015 3951 4964 2137
113537,2992 2685 2053 2382 285 1544 2921 3865 4441 4388 1331 1990
3208917,3829 2153 4550 4855 3625 4570 4964 4593 1652 449 4783 3020 1854 2207 145 3861 4258 1737 523 4923 3995 470 785 157 4606 4475 3260 1151 4209 1349 3680 1674 1838 2853 4347 1252 450 927 984 2349 3633 3388 5005 4579 566 4852 216 1694 3951 2146 3580 4320 1452 2431 4078 1165
302000,4471 4318 3951 2583 4385 2034 245 1990 4964 387 2733 3925 2431 1446 3197 1321
1911741,3866 4311 3667 2905 2193 3776 4027 1034 967 3685 1473 900 2899 1230 4727 2728 4000 1017 3420 2211 1349 4424 4029 3211 1257 2423 4006 4056 3443 2337 4130 3951 4565 368 4926 4471 44 3899 4641 324 4139 2224
3279003,1321 4021 4471 1337 4987 1307 895 1788 2565 268 4357 4867 4116 2583 2921 2431 1446
3564698,424 4850 3813 3062 3946 982 1099 2297 3136 2586 900 4302 3587 571 781 4624 3554 4471 4585
327413,3739 4938 2030 1507 4936 736 40 1953 3782 2921 2668 568 3642 895 2992
573118,4587 4964 3951 4168 245 2034 3916 4179 3116 4471 4221 2188 4385 1990 3675 387 4727 3197 4357 1015 3499 582 3778 3109
604837,3062 3946 4292 3136 3502 1450 4758 1321 875 3675 3772 930 3277 368 424 378
401825,2425 1180 4558 3574 4539 1596 4871 2728 2099
277636,3453 2651 4216 4471 1198 1082 1264 1480 3233 1788 3392 4583 1133 4849 4585 4142 836 3729 1974 1150 2625 1334 1964 4030 1238 1095 578 1781 4337
1277904,4972 1814 1480 792 4985 4216 2466 3094 1781 2439 1782 578 3979 221 1108 1195 4857 2710 432 2362
485362,2728 4539 1562 3436
3017683,4871 4558 3574 1544 1167
370171,4964 3951 3916 4168 4320 4471 450 1694 1990 1015 4852 216 2034 4587 2431 3020 245 4841 3116 3675 4179 3778 2188 4570 4385 3499
1721315,112 2831 4021 245 1307 4317 4357 3198 1321 2029 3782 2034 151 420 3197 900
2046906,1321 2445 2921 617 2814 801
228821,3136 866 2025 3651 2956 930 3587 2837 1133 424 4292 4727 875 2659
1419906,3651 2087 4624 2278 3675 4292 1133 2196 3009 3062 866 4554
622811,4727 302 4558 2728 3478 3574 4541 2099 3148 4027 1293 2425 112 1180
922957,424 3136 4727 930 2340 3946 2025 3651 3561 3587 2501 4758 4302
927368,705 1339 4382 3877 2344 1028 588 2108
598180,245 4357 2034 3116 4471 1321 2188 2583 4587 4987 1430 4179 4964 112 4221 526 962 4168 900 3951
3112293,1321 3946 368 4292 875 3478 3062 3277 900 3136 571 2586 4302 930 430 424 1450 3969 4541 4317 4758 3587 2025 4850 3651 268 4736 982 112 2770 3675 2297
1485429,112 3867 1307 2029 4539 268 4053 1701 1501
976682,2487 4306 1131 3865
1946658,4541 112 24 1501 3867 3478 55 2728 2029 268 424 3136 930 4053 4727 2099 532 3131 2837 3198 2831 4539 1307 3431 875 3776
160115,4727 3675 4289 305 4554 3371 4292 2033 3062 3450 709 2087 2439 2196 248 3843 2402 1133 1035 1356 4558 424 3773 62 4560 3651 910 2340 2278 1928 669 684
1157143,424 4292 2501 3062 3894 430 4850 982 4757 3587 1973 4000 4554 1099 683 248 3277 1035 352 4727 4200 4585 1214 4029 2278 1133 1321
1016928,302 4727 3574 4558 4871 3148 4027 2728 2340 2099 44
2064428,2320 4317 420 3197 3683 3211 3925 4027 2034 816 1230 4587 2423 4020 3406 2599 1990 487 4494 136 4926 3951 4357 4471 3466 4987 4207 829 197 701 2063 2099 3524 2831 223 3778 44 3917 245 900 3782
3010113,1234 2108 4382 2344
123598,3062 4292 3675 4624 1388 1133 1450 4585 344 4758 62 3946 3773 1251 378 1321 4850 3969 2196 3121 1788 3371 4142 2586 3277 3814 3146 867 3651 352 4302 59 966 751 431 1577 875 4113 4289
340283,424 4850 3062 781 982 3946 1099 3136 3813 900 2586
2564416,3782 2029 2921 1337 3867 2831 112 1694 4053 1493 2099 361 245 4317 3198 2034 532 924
1229201,4964 3951 3916 4587 2034 1015 1990 2733 1694 4168 4385 387 4471 245 582 3197 4320 4179 487 109 1356 2188 450 2146 3778 2137 3675
3114663,2275 2921 2992 4592 4738 3168 2696 2112 3036 151 4388 1825 361 3365 2360 1337 1216 1185 2582
2963696,305 1928 709 4554 2033 431 3062 1095 486 3675 4289 2501 4727 3843 4292 751 424 2087 2439 3146 4758 1321 4415 4302
1290189,4871 4727 4587 4168 3499 1356 4558 3574 450 3916 3951 1544 1990 3778 1015 1694 802
911746,1321 2565 3675 3969 1788 4758 1450 3136 3946 1742 4318 378 4987 344 1972 2123 3277 3121
2644937,424 3062 982 3946 4850 1099 900 781 4302 4292 2586 430 3136 3277 3813
2837248,112 4357 4987 245 4053 151 1307 4221 2831 3642 4317 4021 1321 4867 3782 2992 3197 268 895 4285 1493 4116 1337 4938 297 4179 4269 2034 4565 4160
2956189,4317 1321 2831 1788 2921 268 4987 2583 3925 2320 900 895 1307 420 3782 4021
3273738,4587 1321 1788 3969 1252 245 3136 41 1450 3675 3421 4758 1404 2659 2594 4657 1972 3277 4471 4717 3951 2583 1289 3778
1256012,1321 1788 4317 2831 2583 900 4987 4471 4318 268
2249142,3829 449 2153 4783 1694 2349 4964 4570 1674 4855 1252 2207 4550 3633 4593 1854 523 1574 64 4579 4078 1652 145 1452 4923 4083 3580 1151 785 3861 4475 4258 2602 3650 1052 1838 2366 4209 2491 157 3680 1324 4347 4680 2934 2122 4988 1035 448 1538 4427 216 433 984 3951 3625 566 4167 927 2146 1349
2387807,4964 1172 470 3951 73 4471 3916 487 3499 2034 3536 3778 1990 2111 1516 2351 4276 4221 4587 1015 4280 1587 245 2188 4385 2988 1430 1252 3101 4570 1568 4179 2431 2583 460 3650 4852 3116 193 1694 1417 3463 4889 1742 1306
1537489,4382 3706 2581
1256249,3062 424 3946 3502 4292 3136 3277 4850 900 3675 4758 2297 2586 3587 4302 930 1321 347 1450 3813
1105737,4021 2831 1493 4317 2034 1321 3198 112 245 4987 900 2921 3197 268 4450 420 3131 4131 2668 1307 1788 962 2320 1990 4116 1337 3925 3778 4357 1042 3782 2583
573508,3574 4558 2728 4727 2425 3478 4541 4027 4539 2099
3518764,2831 112 1493 2099 2034 900 245 4317 4053 268 3867 3198 3478 922 786 4027 3495 2029 1042 4494 4541 3782 4987 2206 1501 55 1354 3925 532 4357 2320 3386
3805772,3780 4216 4266 1282 2713 3592 4471 2786 1915 1122 317 3094 644 1162 4857 2210 3233 1224 1686 3453 1480 2997 2200 3385 201 3061 3905 3922 4501 806 1975 3471 495
2472477,1321 1788 4471 4758 112 245 368 420 3478 2831 4727
3637561,1337 2921 2565 2992 2328 1701 1990
812591,245 4987 112 4357 900 4317 2831 2034 4221 1321 197 2992 4116 3642 151 4021 962 3197 4269 4889 2320 3036
784517,2921 4388 2685 1430 2992 2382 2445 1990 1464 2490 2053 2583 1544
1640724,4179 4964 3116 2431 245 3951 193 1990 3300 4987 3778 1516 2583 4471 4221 2992 3365 714 1819 4357 3197 1430 1322 2950 3969 1798 4791 4926 2034
2688406,588 2648 4382 2108 3877 1741 705 107 2344 1234 1873 995 116 3089 4242 441 4359
2210776,2921 2407 532 3823 2728 4027 4541 268 1694 3917 3085 1469 4494
3025190,424 930 3136 3587 4727 2025 24 3946 3478 368 3494 4758 347 3554 3561 3651
803637,4964 3951 4471 4587 1694 2034 1990 3916 245 1015 387 582 3116 4168 4320 3197 4179 450 3778 2188 4221 2431 4867 4385 2733
1409144,2728 2425 4558 3776 302 4727 3148
3098634,4357 245 4987 2034 3197 112 4867 4221 4471 2831 2583 4179 1321 962 900 2320 3116 4317 4587 1990 4889 4964 895 420 2431 3466 3969 582 2992
3760242,1293 4539 2728 3283 24 4558 1469 2425 4541 3574 302
2957134,4317 895 1321 1337 2921 2831 4131 2320 4867 4116 4021 420 1701 4357 2328 4053 3242 2583 4987 2992 3235 1990 268
1798299,2034 245 4027 4587 3951 1990 3197 1694 44 1395 112 3916 4727 2831 4964 3148 900 1356
3444880,1321 1788 4987 4317 900 2583 245 112 4471 268 1430 2831 3675 4357 3925 4021
2540179,2439 4727 4972 305 2033 431 4658 2278 3675 4558 1133 4560 2793 1095 4583 2528 1668
3324779,1544 2053 285 2382 1990 2992 4441 2921 3440 3490 4388 3865 2685
1338921,4987 2992 2583 3116 245 4357 1321 4179 3969 4926 4318 3778 1430
2365257,532 1562 630 2728 563 3977 3696 194 444
98632,3951 4471 4964 4587 387 2034 4168 245 4385 3916 2583 1990 3197 4318 4179 3116 714
2416426,245 4179 2992 4357 3116 3197 4987 4221 2921 2034 1990 3778 4587
623574,2728 4539 2425 1293
1365838,3574 1596 4871 1167 3450 1628 1990 2267 450
67580,4558 4727 2728 3776 709 3574 930 302 2837
642640,424 4850 3062 3946 3813 3136 2297 4302 2586 571 1099 900 430 3587 347 982
1085002,4964 1322 2583 3874 2095 1587 2565 4471 2801 2814 3471 3951 1430 1026 193 4867 2431 4611 2047
3716610,3969 1321 4987 4318 3062 1788 3675 4471 1972 4357 4758 526 4926 3814 3136 3277 2565 245 1450 847 4337 1133 59 3875 2992 4809 3163 3197 344 3946 801 2583 4470
2101907,302 4558 4727 2728 3574 3148 2425 2099 4027 2100 2340 3137 3917
380480,937 2407 367 3917 2728 2921 4027 1199 4107 1395 2837 2112 4539 2823 381 2328 315 4558
3164253,424 3136 3554 4727 368 900 3587 2340 3946 930 3651 3478 2297 3561 24 3813 4471 4302 4292 3062
3474281,2728 2425 4558 3436 4539 3696
947940,2728 4727 4558 3136 709 2837
2795164,4554 3675 3371 1133 4624 3062 4292 2196 62 4289 3489 1388 4850 3773 4585 3121 2087 424 1450 4903 4106
2166579,424 3946 2340 3813 3062 3136
1724927,1307 268 3198 4053 2831 1475 2008 1059 4494 2029 1701 2921 3524 2599 3131 1321 297 2719 3782 2320 1325 420 361 3235
3015882,245 2831 4317 2921 2034 2992 1493 2320 900 3197 3925 112 1990 4021 4987 151 1321 268 3198 3524 4179 4357 223
665064,4964 1252 3951 4587 3916 1587 4791 4471 245 714 1516 3499 3300 4407 1694 3650 4096 470 1568 1990 1740 3471 1322 3536 1757 1727 994
3024091,900 875 4317 4736 1321 112 3478 4987 268 4357 368 2025 3277 1788 223 2983 3136 3675 930 787 2831 1450 4053 136
1841991,930 2025 3136 2837 2728 3478 4541 866 709 3651 2659 4727 3146 24
1660043,1321 4987 2583 2431 4471 1430 2921 1788 4021 4357 4318 3675 245 3969 4867 1446 2445 962 1990 4317 895
579007,2921 1321 2008 2814
1186053,245 1321 4987 2431 4357 4471 3969 4179 4964 3778 3116 4460 4587 1788 2034 1990 4221 801
1007363,112 2831 900 245 2034 1493 2099 4357 3478 2206 268 2728 1321 4053 895 3867 4494 2029 3495 4987 3198 1042
3908912,4303 3675 4471 3371 259 3159 4855 450 3121 1652 62 3101 1252 3471 4289 566 2496 1083 4624 1248 2431 79 2697 487 4955 2516 3615 1320 3810 248 1836 3062 515 4686 2583 2853 3432 1170 1176 3033 4106 619 1322 3210 4183
294514,4985 2466 3003 2793 4216 4972 3233 1095 1659 1480 203 4778 1781 4315 3518 1668
3115418,4317 3163 1416 245 1493 112 4053 2599 2034 3085 4051 2206 895 3782 4987 420 3925 2831 1337 3242 1701 4494 361
2722407,2921 2445 4388 2583 2328 1321 1430 1337 2992 895
3169261,112 2831 1493 245 2034 4053 3198 4317 4987 900 3131 268 3197 4357 3524 420 2099 3478 1354 922 4736 4450 1990 3782 2029 4027 1321 223 3925 1307 2599 151 55 1404
1308984,4541 1293 112 2728 3478 4727 930 4558 4539 3136
194285,2921 4558 1469 1757 1015 4541 2425 4791
1023223,2087 3009 1133 3651 3675 4554 4624 2340 866 431 2278 4292 867 2837 2728 3146
2378459,4382 2941 3564 4958 1689 2108 1448 1234 3471 3427
3762563,4576 3806 2661 1932 4611 157 4109 1237 3732 2809 1207 4877 2957 1496 1194 3392 4677 4258 4003 2754 4848 3953 4704 1992 2202 2106 2458 4858 2707 1653 785 4964 2588 3262 3799 4471 1977 4044 3089 2049 1439 3275 4875 3903 1580 4602 529 1799 1486 4770 2785 3955 1482 1852 1933 1082 522 2986 538 1431 1925 1081 1382 1238 2127 4570 2299 1983
3171239,3675 1133 3371 3009 3121 4857 2439 62 1781 1388 4289 1095 4585 2196 1973 3062 3651 76 315 4554 4183 4292 3773 305 4471
3353193,4357 1321 245 112 900 4987 2034 4021 2992 3198 1788 4053 2831 875 4664
3746830,1133 4554 4292 3062 424 4624 3675 4850 4585 62 3773 3121 982 3946 2402 2196 763 3969 4302 1450 3489 378 3371 315 866 4758 248 3894 2087 3277 1099 4142
275131,245 112 4317 2831 3197 151 2034 1493 2099 3524 2992 3198 1990 4021 900 4357 4053 4131 2029 4565 1337 4987 4179 3925 2921 223 2320 3036 3778 268 4116 4450
470519,2728 2425 4558 3436 4539
2219630,2728 4558 2425 2099 302 1596 4539 3917 4541
2622456,3675 2439 4907 578 3371 4380 3514 4289 1133 4487 2789 1095 2431 4471 4106 3010 1788 4320 566 62 2402 4583 3450 910
552890,112 4317 2034 2831 4053 895 4987 900 4357 245 1321 3198 2921 3197 3925 3235 268 420 1990 2992 3107 1493 3778 3242 1042
931117,2034 4587 245 3675 4471 450 1990 1694 2431 3951 4964 3136 3778 3197 4385 3925 4027 4318 387 3916 1321
329712,4857 3276 3094 2793 2466 4972 1925 2022 1909 792 1625 3518 2710 1509 3003 4985
2291665,1990 3778 4493 462 3925 4871 787 1825 1628 2583
1445137,4357 245 112 4179 4987 151 4221 2992 900 4867 3036 4116 3116 4269 3642 3197 962 895 1337 4021
1959230,4871 2625 2565 1990 1749
3253063,2034 245 112 3951 4587 1990 3197 4357 3918 900 4727 4027 3778 3925 962 2583 1430 2099 2831
3731064,4727 4871 4558 3148 44 3499 4168 1356 4587 3916 4027 2728 2034
2494358,2831 112 245 2034 1493 4317 900 3198 420 4021 4357 4987 1990 3197 922 2921 2099 4053 3524 151 3782 895 1307 1321 4450 2029 4116 3778 3925 962
3250115,2034 3951 3916 4964 245 4587 4168 1990 3197 1694 1015 1356 387 3499 4385 3778 4221 4471 450 582 4179 1395 4027 4320 3109 4727 109 3116
2221611,112 2831 2034 900 2099 4317 1493 4053 245 3198 895 4357 268 1321 2029 1307 4987 2206 1042 3867 3925 3197 3782
3796662,1990 2583 2921 3925 1742 2431 2095 3197 4987 2582 4471 1430 2814 2692 3778 2992 245 4867 4303 4357 4179 2188 3777
2672027,4357 245 1321 4221 3116 4317 4179 4285 4987 2583 962 895 4021 1337 4867 3197 2034 2992 2188 2831 112 2594 297 4471
3094967,4471 2431 4964 1990 2034 3951 4318 778 3675 245 487 450 4587 3371 4385 1446 2583 2733 1694 2095 3778 3197 4063 2188 3136 4987
2775439,1133 4554 866 431 2278 4292 4541 424 683 4758 3651 3675 2025 112 974 1788
945519,4471 2431 1990 450 3951 4964 2697 3863 1322 4841 2095 2583 3778 4900 1252 3471 4385 3925 4587 4318 1430 1208 829 2034 3020 4011 487 3383 778 259 4889 3159 2894 2188 3197 193
2684599,4382 588 2108 2648 116 107 2344 396 705 1741 3877 2625 3089 4607 1234
2115619,268 787 1321 1701 3242 3675 3136 2418 2138 4938 112 2921 1307 4494 4987 4541
3081221,1818 1256 4936 2711 1963 2047 3739 72 4274 1403 895 2300 3234 361 4715 3267 4938 1318 736 3270 3812 3559 2030 3541 2445 1591 2583 4612 1226 2801 1629 1947 2095 1701 1337 2206 526 3909 2625 1426 4948 3115 1243 1307 1421 2950 4973 1439 1321
2724805,2728 4558 2425 709 3146 4727 2340 3776
1366380,1493 2831 2034 4027 3524 3198 223 245 4317 3386 2099 268 3867 3917 3197 3131 2599 3495 112 2029 151 1990 829 3925 55 4987 420 3782 4053 662 1694 4541 1337 3778 3918 786 924 4450 1395 3478 4207 900 2728 1042 4539 1191
1787859,2728 4541 112 3478 930 245 4727 3136 2921 2099 268 3651
1260792,4727 24 424 305 4554 2278 2501 2340 3478 1928 2837 930 3776 866 2956 4558 3146 3148 709 368
3593277,3916 4587 4727 2034 1015 4168 3148 3499 3951 4964 4558 3136 245 1694 4385 4027 1990 2340 1356 4390 387 305
1108119,245 4587 3116 4221 3951 2034 4179 4168 4471 4964 3197 4357 3916 1990
1810010,3243 450 2644 2696 3168 4611 4964 3519 3976 1819 4984 3520 1430 4471 4570 1359 957 2992 3365 5002 2921 1544 2360 1587 1742 3863 3327 2305
777175,2053 2992 1544 4388 3036 2921 2382 1185 285 3109 3032 630 1990 2360 546 2414
212197,112 4027 2831 245 2099 3198 3867 4053 3478 3085 2034 2728 4539 2921 3386
3270919,1990 1825 1464 1544 2382 2053 3333 4493 2583 2685 2921 3036 462 1430 2992
2343800,4964 3951 4471 4587 2034 450 4168 2188 3916 1990 4385 3116 2137 2431 4221 487 3778 4320 245 3650 3020 398 1568 3499 714 116 4179 4318 1015 4852 1694 4570 4042 4841 3109 3371 193
3419068,424 3946 982 3587 3136 3062 900 2340 2025 4850 4727 2297 3561 4302
2650756,4317 4987 1321 112 900 895 875 4357 1307 4053 3062 268 2831 787 1337 4938 136 1788 2008 245 3675 3782 2921
97202,424 3946 2340 982 4727 3062 3587 3136 4850 900 3561 4302
637440,4624 4292 3675 3062 3651 424 1133 1388 3146 867 2087 2196 4850 866 431 3773 1251 3807 1005 3946 2340 2278
2883010,2123 2625 4871 2531 1440 1749
2396046,2108 1234 4382 3774
1083503,2921 2445 1321 895 3085 1533
200140,3675 4554 1133 3121 2402 4106 1928 3062 3489 3773 2087 4292 4624 62 3371 424 4585 4289 315 378 3009
3493784,4590 71 2728 3197 315 3210 4964 3925 1990 2095 1611 3863 2112 4471 3951 3471 2582 3917 259 109 193 245 4221 4179 2320 2146 829 4303 1199 4867 2704 4494 4027 1742 3675 2599 2565 2431 2611
3849407,3696 4791 4587 4558 436 3137 268 532 3146 2728 709 245 1596
2638003,424 4850 3813 3946 3062 4302 1099 3587 2297 3136
3470262,2487 2792 3202
3117316,847 2565 1337 895 361 1321 3242 1026 2206 1701 2445 1226 2814 787 4494 3864 2583
963572,2831 112 2034 1321 245 900 1493 4317 3925 2583 4987 4357 1042 268 4021 2320 3198 1990 1788 962 420 3197
2659269,3478 2921 875 2025 268 787 4494 1321 112 930 3085 870 430 3242 2008
1091420,245 2034 4587 3466 4867 1694 1990 1493 112 4964 4317 2599 1015 3163 4027 4871 2206 3197
3350205,424 4554 4727 2340 866 2087 2501 2278 305 3478 486 1928 2033 3146 3776 2433 4292 930 24
3363371,2050 3396 2972 2508 4700 3793 1574 2391 4203 2469 4258 116 4304 1559 3149 1705 3689 3393 3536 3389 449 364 4855 2697 4320 2725 4011 1935 3916 1143 2553 1937 1355 4796 967 3519 216 566 490 4078 222 3139
1951151,2831 4317 1493 3198 4021 2034 420 3782 112 4987 1307 268 4053 2029 1321 245 2099 223 3131 4131 3524 4938 4450 3925 900 1990 1042 3867 297 2599 2668 1788 4736
3890187,578 2681 1928 709 1532 4874 323 3450 2439 1399 684 3675 424 2501 566 3833 2332 4667 2402 3010 3514 4727
3418508,112 2099 2831 900 2034 1042 4053 3867 2029 1493 3198 4317 895 3478 245 3782 3495 268
106510,2439 1928 2681 3450 3675 1399 684 566 1532 4907 4874 3129 3010 1510 2508 4106
1246955,475 4972 4216 432 1095 4985 1814 221 1133 4471 2710 1668 1781 2362 3675 2439
1347535,3062 1321 4292 1450 3946 875 4471 900 3136 3675 368 1788 3277 3969 4317 4585 4758 2565 2586 268 4850 2328 378
430645,3675 1133 3121 3371 2439 4857 3009 62 1781 4289 1095 315 4585 1388 2196 3773 2402 4554 4106 4292 3062 3111 305 3489 3651
3161549,424 3632 3946 2636 263 4334 1133 763 4850 1912 972 1408 43 4142 3514 1960 1725 2262 1633 2900 3894 2278 2501 3570 1918 1286 3648 3776 3843 4613 2157 4789 4292 982 648 4585 3675 352 4029 4698 1248 1273 209 347 1777 3272 3143 4624
2106,582 4964 4587 3916 3951 2034 4168 245 4179 4471 1015 3116 3197 1694 4221 1990 387 2188 3675 2733 109 1798 4357 4867
2016287,4727 3450 4027 4558 368 3136 3148 4587 2340 3478 3776 1694 930 387 302 4168 4471
2626611,1990 3925 2583 1825 3778 2034 1430 2188 462
551297,3440 1544 1464 1990 1131 1430 4493
3874795,424 3946 982 3062 3136 3587 2340 4727 2025 3561 4302 4850 2501 4292 930 3813 2297
2255885,4587 112 245 532 2921 4558 1562
666800,4554 1133 3651 2278 866 431 4292 2837 2340 3675 3146 424 4727 4235 2196 3009
3449092,4317 223 1321 4987 900 3136 268 3675 1788 4302 368 420 3946 4736 2831 3478 2921 4758 112 1450 3277 3062 4357
3284761,4021 420 2831 4317 112 4987 2320 1321 3131 1307 2034 245 3197 4450 3198 2583 4357 1788
2627442,1321 4317 2921 4987 4021 787 268 3675 895 3242 875 3062 900 1337 1450 2328 1788 2008 1446 4736 112 4357
993598,1321 2431 2583 4471 1446 3969 4318 4987 895 2565 1430 4357 4317 2445 245 3951
1179559,2034 245 4027 1990 4587 2728 2831 112 2099 3148 900 1493 3925 3951 3778 3197 4727 1844 44 4053 2992 4964
1233420,3732 1237 1954 2811 1653 4576 2661 3955 1580 1582 3680 4471 3079 4348 1190 1448 3471 2127 4912 2844 4242 731 2981 1174 4704 3953 2744 4958 3094
2097428,4558 2728 2260 709 4727 4447 1757 2837 4791 1740
1988310,424 4850 3813 3062 571 900 3946 1099 430 4302 866 3587 2297
1752084,4541 2728 2596 268 2837 4539 786 1469 3867 4494 3136 3478 3146 924 2921 709
3378060,4964 4471 1990 450 1694 3951 2034 3916 4587 4385 245 4841 2431 4168 2894 1015 582 2697 3675 4320 4221 1568 3020 4889 3863 193 2137 3778 2146 2733 3471 4570
810198,2728 2425 2956
396754,4558 3148 4727 4027 2340 4587 2728 3916 302 1356 4168 44 2034 1015 4871 3574 2746 175 3499 3917 3951 245
848908,4558 302 2728 2425 3574 4727 2099 2100 4539 2340 3137 3148
1165587,1897 245 4357 197 4987 301 3116
1827513,245 1694 4587 1356 2034 3109 44 4027 4221 4871 193 802 3466 3951 1990 4558 4179 3197 3916 3778 2099 2746 1544 1596 4168 3574 1844 1167 2728 2146 3925 3917 3036 450
3894259,2831 420 4317 2921 1493 268 3198 112 2034 3867 245 3478 900 2099 2029 3495 3782 1042 3085 3925 4053 4027 895
2745551,2831 4317 4021 2921 245 112 1321 1493 4987 4357 2034 3197 268 4116 3925 151 3198 3524 420 4131 900 4179 4450 4221 1307 2668
3493103,4558 2340 2728 2425 4727 1526
3668913,3776 4727 709 930 2728 3136 4558 3146 2837 2659 302 2956 3574
1654198,4964 2351 3916 3185 73 3499 3951 1252 4570 1474 4471 3536 4611 470 116 4587
1781089,2921 3085 532 1694 112 3242 2099 3867 1533 4494 245 4027 630 2034 1844
643054,2992 4357 4987 3115 3969 736 3107 895 2711 3642 245 3116 2515 4973 1629
1452201,1694 245 1015 2034 4964 3951 4587 1757 3916 4791 1990 3197 3499 3148 2746
238223,2728 4539 2425 1293 4541 3283 4558 1469
987084,3396 4611 1808 2431 116 3301 4855 1731 321 1176 3033 2999 2137 2153 566 2977 4289 4347 1430 2853 4876
3040164,245 4357 4179 3116 112 3197 2034 582 4221 4987 4964 1798 2950 962 4471
1703519,112 268 1307 3867 1321 4053 1701 3478 787 4938 2029 900 4987 3198
1885416,4871 3778 1990 3925 245 2034 1742 1596 4587 3574 4727 462 4964 1628 3951 487 2188 4221
804708,4727 4558 3148 4587 4027 2340 2728 302 3499 2034 1356 4871 245 3136 4168 44 3916
1365280,2831 1493 3198 4317 2034 2099 268 223 3867 112 245 3782 2029 4987 4053 3524 4027 3131 3197 1990 420 3925 4131 3386 900 3917 1307 2599 3778 4450 4021 151 1042 4938 4539 1694 662 3495 829 3478 924 3918
573882,4727 3136 3776 2956 2025 866 930 424 2837
658505,2921 2685 2992 1990 1430 4388 1825 3925 2583
57132,1540 245 4587 1493 2921 1694 112 4179 532 2728 4027
2388437,268 1701 3242 787 2138 1337 1307 4494 1321 2921 2418 895 112 1059 3085 4938 4541 361 900 875
3265781,2214 4875 3196 3302 2022 3099 3965 644 1138 874 2281 522 1753 1668 3212 3481 4242 1518 2756 3068 1925 3082 741 1431 2961 4338 4471
3614836,2921 4388 1313 1321 2685
601169,3197 112 4357 4987 2034 4053 4021 151 245 3642 4317 3707 4221 3778 4867 4116 2831 4269 2992 4450 297 900 3116 3406 1321 1042 2320 4565 420 197 1337 3036 895 3782 1493 1788
1665204,4964 3951 4168 3916 2034 4587 245 4471 3116 3499 387 4179 1990 2188 4221 3197 1015 1694 4385 714 4320 582 487
1949195,4554 1133 3675 4292 3062 424 4624 4585 4850 3773 2402 982 2087 3946 3121 3489 62 866 763 2196 378 1928 1450 1099 4903 3969 4106 4302
3542416,895 4317 4987 1321 112 900 2008 4357 2320 4867 3969 4021 2583
3501068,3360 4181 2242 1198 2127 1487 1341 3931 1681 4755 2509 4379 4242 2994 3933
2173019,895 2583 2921 1321 2992 1430 1990
3056595,2921 1321 1307 2583 1430 4116 895 2431 4471 2992 787 4021
906691,3499 4791 4587 4558 1757 1015 1252 714 3300 3136
2717702,1549 47 4279 2471 736 1403 4938
3630701,1321 4317 2921 895 4021 420 900 4987 1042 2328 59 2831 2445 4471 3131 3062 1788 4357
443230,112 2831 3085 4317 900 1321 3478 245 4053 4116 2034 268 1307 4357 4987 895
2845702,4471 4587 1321 3951 4964 3116 4357 245 2583 4987 4179 2034 1430 3197 4168 1990 3916
1134227,4587 900 245 2034 4867 1990 3197 112 4471 4179 3778 4221 4357 4027 4964 3951 2188 1694 1446 4317 2831 3116 1015
3174444,245 112 1694 1493 4357 2034 532 2099 2728 630 4664 4027 1540 4565 4587
3252544,1544 2685 4306 3865 1464 1990 2992 1535 2053 3490 2382
526479,3574 4871 4558 1596 4727 4027 1180 44 3450 4587
564452,4471 1990 4587 4964 245 2034 3951 3778 3197 4179 2188 4867 3675 1446 2431 450 3116 3136 3109
1675992,487 3778 1990 4471 245 2188 3969 4964 3951 2034 3197 2431 4357 3925 4221 3466 4179 900 4867 701 4987 2583 4587 4318 197
3619328,1430 2583 2431 1464 1417 4318 2685 4471 1990 3440 1825 962 2053 2921 3951 1208 1321 1544 3865 2697
1669456,2921 1337 4388 1701 1307 2992 2328 4938
3044263,3259 3596 1107 2921 2832 950 534
1695145,522 2022 2214 874 1668 3196 3099 1138 4875 1753 4242 3302 538 741 1925 1431 2469 1162 3650 2710 1252 1832 3247 1694
2570630,1001 4906 1861 2927 1219 2928 3830 4139 2272 1281 2250 2879 548 129 4934 2611 4514 2470 3914 2907 44 4632 210 1260 3067 1463 238 1010 3542 2952 193 512 2880 2137 1342 2629 4511 4298 4245 826 1199 2657 4895 4215 2716 4014 2712 3931 4027 3945 3705 3685 1066
2052939,630 4664 151 3983 2921 1493 112 1337 2099 532 245 1596 4811 2992 4160 1844 2831 4053
1965365,900 895 112 197 4357 245 4987 2992 4116 3778 2034 2831
118120,268 1321 112 3478 900 2831 4987 1788 3675 4317 930 4357 4758 1307 368
747174,1990 3951 4493 4964 3333 802 450 1535 3916 2660 1544 1825 3778 4871 4168 962
1411888,3062 3136 3946 424 3502 3813 4292 4471 1099 1321 900 3554 4850 368 2297 4585 982 781 4758 1450 2586 352
1847703,2818 3559
1836939,112 4027 245 2034 2099 2831 900 3197 3386 4053 3198 1493 2728 3925 55 151 3524 4357 3917 1694 3495 1990 1844 4664 3918 4587 3478 4987
1899032,2921 3976 3365 2644 4471 450 3243 4444 3863 4388 2583 4611 1430
1041234,1293 4727 4558 2728 24 302 4541 3776 3574 2298 2425 3478 3283 709
1283235,4587 3776 4727 2728 3148 3146 930 2340 3136 4558
2873127,4587 245 3951 4964 1015 4791 1694 2034 3499 1990 4221 4179 1516 1252 714
843201,3136 930 4235 2659 2728 3146 4587 709 2837 4727 4657
1022578,487 3951 1990 2423 701 4587 2034 2431 3466 4471 3778 1015 245 4926 44 4385 387 197 3197 1694 4964 816 4318 2781 216 2320 4277 3683
2830915,847 2814 2863 197 2583 2696 361 4494 895 308 2320 2095 3969 2431 1430
662301,866 4554 424 2278 1133 431 4727 4292 2033 305 3651 2087 2340 3146 2837 4558 3675 2501 2196 1928 486
498279,3739 2367 4936 1507 4938 4657 3136 40 2030 245 1404 568
176980,4587 2034 4727 245 930 3136 4027 4964 368 3951 112 1321 1404 4168 4471 900 4558
492845,245 4357 4987 2992 3116 2034 2921 4179 112 4269 4221 4565
163247,245 4357 112 4221 151 4987 4179 2034 3197 4269 3642 3116 2992 900 4565 2831 1990 4160 4053
2707272,4554 866 1133 4292 2278 3651 431 424 3675 4758 3146 2837 305 2033 2196 2501
1756642,2425 4539 3283 2728 3574 1293 4558 3436 391
3006784,3062 3946 4302 3651 3136 3277 3587 4292 1133 875 424 4850 648 4624 3502 4758 4317
2442801,268 1701 1321 875 1337 3478 4494 4053 787 4317 4541 2921 361 3242 2138 112 2418 1307 3085 900 2008 2831
1428880,3198 112 1307 2029 268 3867 4938 2831 4053 2099 3782 3478 2034 1493 3131 1701
3778881,2801 1321 2583 3874 3116 2921 526 1825 1701 1026 4987 2328
3648447,4964 3951 4168 4587 4471 2034 387 245 3916 1694 2188 4179 1015 3116 3197 4385 1990 4221
1312434,4964 4471 245 3197 2034 582 1694 2733 3951 1990 4385 2146 387 1446 4179 4168 2583 3116 3925 3916 109 2831
488732,4964 3951 2034 1990 245 4587 4471 4385 3116 3916 1430 3778 2188 2583
2430419,3210 3863 4303 2921 3168 3976 2360 1533 3204 1317 3365 3714 967 3683 3243
2384851,3136 930 424 3494 3651 4727 3776 2837 3587 3450 673 3561 368 648 867 2025 3554 4758 2340 4292 4302 3946
1333324,2034 245 3951 4964 3197 4221 4587 3116 4168 4179 1990 3916 3778 4357 1798 4987 3109 2188 193 4471 3499 1694 4570
3452544,1321 2831 245 4471 112 4317 4357 1307 2583 4021 420 4318 136 1788 1430 2034 4987
3043873,2728 4558 302 4727 2425 2340 3776 1526 3148
19052,245 2034 2831 4027 1990 900 4587 112 1493 2921 4964 3925 4471 1694 3197 3778 3951 3136 2099 420 1844 2728 3478
1297712,3062 3946 3136 3502 424 4292 1321 4471 900 368 1450 3554 875 4585
2820149,24 3776 4807 2262 2501 3843 3894 2278 424 3143 3479 4000 4667 3021 4400 1976 248
1135155,112 895 4357 4053 4987 2992 3642 4116 900 3782 1307 245 1701 4317 2029 197 2099 151
3679963,3406 4317 420 1321 4987 2831 4021 1788 2320 895 112 1493 4867 136 4357 4450 2008 900 245 2583 3782 1042
3257741,245 4357 2034 4221 4179 112 3197 4987 4587 3116 4964 1694
3291661,424 3062 3813 4850 3946 982 1099 3136 4585 4302 781 3587 4471 3554 900 368 2297 571 4292
673531,4266 4216 3801 3233 4912
1513175,900 112 424 245 2034 4587 2831 3478 3136 4850 347 4987 1844 4357 4471 3554 3946 1321
90210,386 1364 3565 456 698 3392 4071 1133 1974 2242 3987 2202 4471 3471 2106 4171
3632080,1701 268 4494 112 1307 2921
2687115,4317 420 2831 1321 3131 2320 4987 112 4021 3406 3925 223 1307 2034 1788 900 3782 2206 136
314231,1431 538 874 706 4981 1095 839 4471 4570 3910 3116 4964 1600 3471 4852 1992 1207 4875 1568 245 2908 3106 3079 1255 1537 4315 1388 3196 193 358 2034 1925 529 4220 3020 3233
841131,2831 4317 1321 112 1307 420 900 2583 3782 4021 4471 245 4318 2034 3925 4116 895
481010,4554 3478 4624 2340 424 900 4292 3675 4850 3651 1404 3946 982 3146 1005 3969
3310306,470 3536 4471 965 3778 1252 3916 1727 2351 2034 4964 4096 3951 1990 1172 116 4877
3270914,4906 4139 2459 3379 3850 1001 1463 4514 1861 2927 4727 1970 3368 2879 3776 2272 4423 3450 44 2396 210 900 2611 4014 2716 2880 4558 2074 2519 824 1563 1632 2250 1914 4298 1257 3899 2075 4641
3331745,900 2992 2921 245 112 4357 895 1321 1430
2219454,2831 1493 2034 3524 245 2099 112 55 151 2029 4053 3867 3198 4027 3197 3495 2599 3131 268 3386 1990 4565 4317 3917 3782 4987 109 3707 4539 662 4160 223 1694 3925 4541
3532913,2921 2583 2600 2685 1990 2992 1430 3365
1579763,2034 4987 245 1321 4587 1990 3778 2831 3197 3925 2188 1788 4357 4471 3951 3675 900 112 2583 4317 4964 4027 420 4221 4021 1404 4318 3466 1493 1430 487 3136 268 4727 3198 922
3857080,112 2831 1321 900 2034 4357 4987 1493 245 420 4317 1042 895 2583 1788 3782 4021 4450
3372905,2112 2992 285 4388 1990 2360 2753 3036 2053 2382 4317 151 1544 2095 1337 2414 3197 4587 3925 2921 3109 245 1701 2328 4964 3707 4179 4494 4053 3951 3778 2692 4131 315 962 2950 3983 4459
3368417,112 900 268 3478 1321 2831 4317 3867 4053 4494 1042 2728 786 245 2034 4357 2099 895 3495
1367731,4587 3916 4964 3951 2034 4168 387 1356 1694 245 3675 4727 3499 4385 1015 4558 3136 2733 1990 4027
474562,245 4964 3116 4179 4221 4587 4471 3951 2034 582 1990 3197 4357 4867 4168 4987 3916 3109 2188 3778 1694 4889 2583 962 2431 1798
2306540,112 2831 900 2921 4317 268 245 1307 4938 4357 4987 4021 2099 3782 2992 151 3198 1321
1004877,2728 4539 112 4027 2099 2425
1642849,4736 4317 875 2831 223 268 3478 112 900 2025 4987 4053 930 3782 3707 1321 2983 1042 4541 4847 4357 368 3131 3198 1493 420 1788 3277 1337 424 2668 3136
1805840,3574 4558 2425 1180 2728 4727 4539 3283 4871 4541 4027 1596 3404
3075661,1133 3675 3489 4554 4585 315 3121 424 4850 4624 3009 4292 3773 1248 2402 2087 4903 3371 1136 1928 763 3894 4106
3003259,4357 4987 197 245 3116 2992 3969 4221 2034 4179 4565 3197 526 3642 4116 3875
106200,2921 2992 2685 4388 1430 2382 3036 1535 1464 1990 285 962 2053
320274,268 1321 900 4317 2921 112 4987 3675 420 3782 3478 2831 895 875 930 1788
1807244,2108 1234 3774 4382
163760,4471 3951 450 3916 4964 2697 2894 2431 1990 4587 116 4841 1015 387 3863 3371 1252 523 1694 216 515 4385 3471 4168 2034 918 4162 4889 3580 4320 829 4790 1322 1356 2137 3136 2977 449 4900
1515247,3101 2431 4583 3778 4471 2320 4964 2863 1430 2583 3969 4867 1608 4357 4987 3197 4801 2445 4686 487 847 1321 2188 3163 193 2083 4926 526 1216 4221 4460 4179 1252 895 1244 139 4029 1788 3195 4889 3925 4317 245 3406 1701 2895 2111 3524 3510
61287,4554 4292 1133 4624 3675 3062 4850 3651 3478 4585 4302 1450 867 1388 4903 3489 763 59 3277 3946 900 3814 2586 3146 2196 966 982 1321 3969 571 3371 347 4424 424 4758 177 4113
2063015,4587 4964 245 3951 2034 1694 1015 3466 4791 4179 1990 109 3197 3916 3185 3279 3499 4867 487 4390 4871 3778
3356782,2565 847 1337 1321 2921 787 895 4494 3242 2445 361 2206
1448416,2921 420 1321 895 2831 4317 3242 2583 787 3925 3085 268 3107 3235
694917,144 1095 3675 4142 1133 1388 62 4315 1013 4758 378 3773 3121 4183 1321 966 3371 76
142459,2053 2992 2382 1990 4179 1544 3365 4388 2685 1185 2360 2921 2950 285 2832 3109 2600 3036 2583
2345223,4727 4558 3574 4871 4027 1180 1596 2728 4587 2425
3717170,3675 1133 4554 4585 4292 3773 3062 3489 3371 4850 62 3121 424 4142 1388 2196 3946 4903 3009 4471 4624 248 315 1450 4289 763 2402 2188 2583 4106 2087
1701320,2697 4089 1574 2508 4817 1066 129 276 1001 4471 2611 829 2626 1260 684 3931 4027 222 2245 216 1860 3119 315 2657 2900 523 2788 2595 1538 2755 3470 2787 326 2432 3919 2387 4136 4926 2146 4092 1636
3805789,2831 3131 1493 420 4317 3198 2034 223 4987 268 4450 4021 245 3778 112 900 1042 1990 3524 4736 2668 2029 1354 3782 3197 2599 2099 3925 1321 4027 1307 4131 1337 4053 922 3478 4938 151 3107 4285
3501788,2034 4471 3197 1990 3778 3675 245 2431 3951 4964 778 4385 1446 4867 4987 2583 2733 487 2320 3925 4587 4318 1694 315 4317 1252 701 3466 420 4221
3802775,3951 387 4385 4471 4964 2034 1990 3916 245 4587 4168 1694 487 1167 4727 3197 4318 3136 2146 3925 3778
62059,4317 2831 3675 1694 420 245 1321 4021 3131 3136 4471 1307 2034 361 787 1042 1337 2921 3085 112 1446 3782 2099 900 875
3225237,2921 1701 1337 151 361 2831 2099 112 4494 3198 4053 245 3242 4131 4285 3131 4867 2992 4317 2599 2328 3235 268 3085 4179 1059 895 3917 3524 4357 2138 630 3036 4116 4021 4664 875 1844 900 2034 3782 1990 2029
3332028,2728 2425 3696 4558 4539
1226274,4607 2208 2344 107 2644 88 4352 2238 396 4415 817 3911 3091
3497616,2214 2127 1198 2022 2793 3014 1341 741 3965 1668 3196 1909 1753 874 522 4875 2756
125563,4317 4736 2831 1321 4987 3782 420 268 1493 3707 4450 1042 112 4053 1788 3131 223 2668 4021 3198 4357 4938 297 895 2034 875 3524 1307 3235 900 3107 1337 4847
1715421,4727 3574 4558 302 3450 4871 2340 4027 3148 44 2728 1180
3919553,4317 1321 420 2831 1307 4021 112 895 2583 3131 4357 2206 3782 2034 1042 4318 3925
857504,4317 2831 1321 420 895 2583 2034 112 4021 2921 245 1307 3925 1788 4116 900 4131 4471 1493
2618864,4587 4471 4964 2034 3951 1990 3675 450 245 387 4320 487 3197 3916 582 3778 1015 2733 4385 1694 3136 2188 4318 4179 4168 3116
3026177,3574 4871 1596 4727 4558 1180 4027 245 3651 1628
1520108,1321 3478 900 4317 2831 112 875 4357 368 4758 420 1788 4987
946923,3136 424 3651 930 4727 3587 3554 368 3561 2025 3478 3946 4292 900
3167397,4554 4292 866 3675 1133 3651 2278 4758 3062 305 424 3371 2196 3554 3146 2837 4727 2033 2501 3277
3833514,3136 930 4727 424 3651 2340 2659 2025 3478 368 3561 2837 900 3494 2501 3450 4587 3946 867 4758 4302 24
2037787,3502 4318 1321 1464 4471 1990 3440 1430 3136 3675 1417 2583 3946 2963 2431
6811,3453 1814 4583 1095 1133 1964 4216 1781 1480
755039,2818 3706 3183
2620962,245 4357 2034 3197 4221 3116 4179 4987 4964 197 3969 1694 4565 193 2992 112 4587
2662774,4317 2831 420 3131 3782 223 112 1307 1321 3478 4053 4847 2668 2029 2034 4938 4987 900
811606,3951 4471 4964 245 3116 4587 2034 1321 4179 4357 4221 1990 4168 2188 3197 2583
604867,2992 3865 2685 4388 1331 3490 2382 2053 2583 4441 4306 1990
3682911,4027 2728 1596 2425 1180 2099 3917 4539 3574 4558 44 532 2424 4871 3137 4727 3495
1990826,4554 2728 2278 2087 3651 866 3276 1133 431 3146 3009 2340 2837 867 424
1340176,4554 866 1133 431 2278 4292 424 2501 305 3651 4758
3051604,3916 3499 4964 4168 3951 4587 2034 4385 4478 1990 4727 1694 1356 1015 387 305 450 245 3650
950065,4857 2466 3276 4972 2793 4985 3518 2710 1108 1909 3094 792 1095 3003
3548096,792 2573 4972 4857 591 3094 2049 674 221 4216 1480 1195 578 1814 4681 2617 2439 2710 2466 1108 4985 3933 2528 1264 2362 4266 566 1753 1341 4030
3222955,2034 1493 245 3197 2831 1990 3778 4964 4027 4450 4317 4987 3925 112 3524 223 3198 3131 268 3951 3917 151 2099 4357 4587 2188 1694 829 1321 900 922 4736 109 420 4021 4179 2599 2733 4221 487 3386
2480751,112 1321 2034 900 2831 245 4357 1042 3925 1493 4317 268 895 4987 2583 2099 2320 2206 4053
1466940,112 2583 1321 4357 526 1818 2950 1216 4938 4587 1430 4679 3642 1421
3296794,1028 3653 2813 4999 995 1514 677 705 219 1440 4958 4611 1974 3475
1950904,2728 3696 2425 194 1562 4539 4322 4558
287622,1321 3969 1133 875 4758 1788 4987 3136 2432 3675 3062 4292 1450 245 4357 3277 268 2921
897464,4727 302 2728 4558 3574 3136 4541 930 3148 2340 2837 4027 2659 3478 4871 2425
20220,424 2340 4727 900 3813 1742 3946 4471 3136 368 3561 4850 3062 2297 3478
3889098,424 982 3136 900 3946 3062 4850 4292 2297 3813 3651 4302 1099 3554 3587
2223617,112 900 895 4357 245 2831 1321 4317 1493 4987 2034 420 4021 1042 3197 3107
384400,4388 2992 2053 3365 2921 1337 151 4734 2692 1185 3983 564 2382 4124 2328 3036 2950 1225 1845 2583 1701 4403 4179
2486382,112 4938 1307 2030
3806295,3136 3146 2921 1321 268 2659 709 245 2956 875
3160069,2728 709 4558 2837 3136 930 3146 4727 2425
236909,2921 2728 4541 2424 1469 2008
65154,247 4053 112 1102 1701 1562 1337 151 4664 2992 1095 4466 1493 3983 4587 1018 4443
2608164,2921 1321 2431 2583 895 4116 4021 4867 4471 1430 4357 4987 1337 962 361 245 2445 1307 1701
950155,2034 245 2831 112 1493 1321 4987 4317 1307 268 4021 3131 3198 900 4357 3197 3782 1990 4471 4938 2668 1788 151
2384,866 4554 2278 424 431 2033 305 4727 3146 1133 2837 3651 4292 4558 3675 1928 2340 486 2196
2583336,1544 2382 2053 2992 1990 4441 285 3440 3490 802
2826090,3675 4292 3062 3121 4554 1133 1388 1450 3371 378 2196 867 4758 3946 4624 62 4142 3651 4289 4850 4106 1321
1367159,245 4357 4987 2034 4221 112 2992 900 3197 4179 3116
823214,4871 1757 4791 1742 3499 2660 1990 714 1015 2600 1727 994 4587 245 3722 3778 3916 4964
2145590,112 2034 4727 4587 900 245 3478 4027 2099 3148 4357
2247456,1990 4871 462 1825 3925
1436954,245 2034 3197 4987 4357 1694 4565 2992 4221 4964 3969 193 197 112 4179 3524 3116 4053 1990 4471 4116 2921 3242
2381100,4317 268 223 1191 2831 4541 3131 2921 1493 3198 3478 420 3782 3675 4987 900 2008 1337 4027 245 1042 2599 2099 4938 3867
544483,112 1216 245 4587 4357 1742 2583 268 4541 1818 3300 156
1917578,2053 2382 285 2992 1544 4388 2921 2685 1990
3825601,2831 4317 3198 1493 268 420 2099 2029 3782 223 4021 2034 3131 3867 4053 245 4131 112 1307 1337 3524 4987 2921 2599 3925 4450 4027 1990 2668 151 3197 829
3312677,2034 112 2831 1493 245 900 3198 4317 2099 1321 4357 1990 3197 2029 1042 268 4027 4587 4987 1354
3417811,112 245 2831 4357 900 2034 3197 4987 1321 4317 1493 4053 268 4867 4221 420 895 1990 1354 136 922 2992
999151,4554 4292 1133 4624 3062 3675 424 4850 3773 3489 4585 2402 982 62 3946 4903 4106 2196 3121 4113 2087 1450 378
2474091,245 2034 3197 582 112 4357 4867 4964 4221 2831 4587 1694 4179 151 4987 109 1990 4471 1015 3951 4168 3116 3466 3524 900 3916 2733 1493
156416,4554 866 1133 431 3651 4292 3675 2278 2837 2196 424 3146 305 4758 3371 3062 2033
1911073,151 245 1493 2921 4664 2831 361 1572 112 2992 532 630 4357 1701 3917 1844 1694 4179 268 1337 1562 2328 4053 3504 3524 3386 2407 3256 193 3197 2034
2561968,424 3062 3136 3946 4292 982 2297 4850 900 3813 347 3554 4302 2586 3587 3651
2544555,2573 644 3094 118 3481 2049 4681 2135 4471 1795 1695 1580 4755 2786 1387 4266 4947 3353 4242 4434 230 2003 684 1824 1156 992 2661 1625 1162 1195 4985
457903,424 3946 3062 3136 3502 930 4758
2637709,3062 3946 4292 3136 3277 3675 875 1321 424 2586 1450 4758 3502 4903 900 3651
819649,2728 4558 2425 709
2426887,2565 2583 2814 2801 1026 1417 4964 1587 2431 1742 1430 3874 4471 4686 1322 3449 1321 2039
3435300,1307 268 4053 2029 3198 1701 4494 1059 297 4539 875 2008 2831 2719 3782 1475 1325 2921 2599 924 2138 2992
1295105,2583 1321 2921 2565 2814 2992 847 2445 1430 4987 1337 4357 2603 3969 526 3036 4318 2594 1701 2692 2431 4021
3547,424 982 4727 3946 4850 4000 3062 3587 1099 866 2340
484982,3574 4558 4871 4727 1180 1596
2908455,1562 3943 247 3977 194 1220 2315
2270070,709 4539 3283 1469 1293 2029 3436
1487970,3146 3062 866 1251 3651 4292 3675 2196 4624 1388 3946 3969 1133 4850 424 3773 4302
1922315,4964 2431 4471 2583 847 1474 701 3197 3951 3969 1430 1990 4987 4318 197 4926 2095 3863 2320 3925 2034 3683 245
1215208,424 3062 3946 3813 4850 2297 3136 982 4624 1099 4471 2586 900 3554 3587
1176652,450 3951 4471 4964 1990 2894 2431 4320 1694 2697 4587 3863 3916 2034 4385 2137 3778 3116 4179 802 2095 3675 4841 387 4221 918 4318 2188 4889 3020 829 2146 487 116 1015 582 3471
3156261,3587 3478 930 424 875 900 571 3651 3554 3136 2728 4727 24 2298 112 3277 866 368 4541
633465,3217 1215 941 538 3726 4607
3402305,1990 450 3951 4471 3778 2431 2034 4964 4587 2095 4867 245 3925 3383 3197 2894 1430 2583 2188 4221 1015 962 193 4841 1694 829
2260908,4317 875 3062 1337 2328 4053 2831 1701 3131 4302 4494 112 3478 4285 4987 1321 2921 3146 1307 1446 3277 3946 315 3651 787 4021 223 4148 4357 881 4164
471808,1321 4021 4987 4357 2921 895 1337 3116 2445 3969 245 1788 112 2583 2992 3946 1307 4179
2255795,1133 4554 2278 1781 3276 3675 3651 974 1095 431 3894 866 4292 2837 1214 3371 3009 2033 2728 4183
2610925,4587 245 2034 4221 1694 802 3951 193 1356 3109 1990 4871 3466 4179 3197 3916 44 3778 4168 4027 450 3499 4964 1544 2146
3354841,2837 930 3136 4657 2874 2078 2728 3776 3146 4727 3651 3478 2659 709 2025 866 4292
3010261,3916 4587 4168 2034 4964 1015 1356 3148 3951 4727 245 3499 1694 4390 4558 305 3136 2340 487 4385 4221 4027 1990 3778 387 4179 4871 2746 3450 3197 2188
2315855,2921 4494 3242 1321 268 895 1701 361 2445 112 847 787
1648648,4554 4292 3651 4624 867 1133 3675 866 3146 1522 3478 2087 875 3062 1173 4302 900 4183
800436,4317 3782 420 3867 1493 2831 1042 2029 3235 924 4053 268 3198 3707 3524 2099 4847 1307 3431 2034 4494 895 1337 112 4987 297 2719 2599 3242 3107 3131 3495 3925
3031163,4727 3136 930 2340 3651 3776 3494 424 2837 3450 3561 4541 867 3554 24 1858 2025 368 4587 3478
78665,4727 3776 2728 2837 709 930 3136 2659 4558 3148
3162657,4871 4727 3574 4168 4558 4478 3916 2260 4587 1167 1628 1356 1990 1596 1015 3499 245
1319038,424 866 4554 2278 1133 3651 4292 2087 3146 2340 431 4850 2728 3062 709 3776 683
1159150,2160 1307 3235 4938 1701 3198 3867 2029 3782 1337 4053 268 3107
1365172,4727 2439 709 3450 4558 3776 1928 3843 2537 424 305 578 2158 1399 566 4955 3675
3148748,3651 930 4727 3136 3478 2298 2728 2025 4541 424 3561 1858
1129115,2992 151 4357 245 1337 4053 3197 1990 4987 2831 2099 112 3036 4867 4179 3524 4131 900 4664 2034 1701 4565 4317 4221
153791,1133 4554 4240 866 4758 4292 1321 4880 3277 431 1788 2278 3675 4757 420 2025 14 1251 2456 972 424 4541 1214 751 3062 59 683 2586 4113 4926 3651 1781 430 4542
3536775,1990 3951 2034 487 3778 245 4587 2431 3466 1694 1015 4964 1356 4471
271398,1493 151 112 2831 4021 245 3198 4317 3524 1337 4285 2034 2668 3197 3131 4987 4357 4053 268 2029 223 2992 297 4450 4221 4867 4160 2099 900 3782 2320 4565 4148 4938 1307 4116 4179 2599 4131 962 1990
870947,3131 4317 1493 2831 3198 420 2029 3782 4021 223 3524 2668 2034 4131 4450 3867 4987 1307 2599 3235 1042 268 4938 1337 4736 2099 3107 924 3707 4053 3778 1990 1612 1325 3925 112 297 245 2719 3431 3386 4027 151 1354
147654,116 3877 432 4242 1873
2287756,4317 2831 1493 3131 223 3524 3198 2034 3782 151 245 4987 3197 3917 4053 2029 4131 420 2099 3867 1337 2599 1990 268 112 3707 3925 4450 1694 924 1307 3386 829 662 4021 2320 3778 297 2668 3235 4027 2719 4207 4285 4938
3019311,1318 1117 2852 4274 1436 3930 2921 999 632 1216 3267 1337 1701
1037141,2202 1560 2651 3471 1974 4071 157 3392 4602 2754 4471 107 1238 1046 2948 4708 4964 2095 4816 2049 162 2644 2809 4849 4611 4858 2660
2678619,4964 470 1727 2660 3951 4611 916 1883 2502 1516 1992 3116 4852 3185 4877 4791 4221 1439 4179 1587 1430 1990 3300 3536 714 3778 4280 3463 1798 245 2111
3139196,4027 4558 4727 1596 4871 3574 1742 1180 4587 2425 2732 1167 245 2034 3478 2728 3386 2099
2179801,112 2099 2728 1493 245 2034 3867 3478 268 786 4541 2029 2831 900 4027 4539 3495
163201,3045 4955 2980 145 3632 684 4653 2153 3265 1072 3689 919 3075 1384 2592 2626 2900 490 1810 4307 4613 154 566 4378 4277 1268 4471 763 3145 276 43 1717 1712 263 248 1510 639 3675 220 2978 2932 2087 3280
1432466,4471 4460 4964 3471 2431 684 259 3675 1322 1252 4320 3829 1568 3383 3778 470 1990 1474 3863 2502 4852 4790 4142 216 2565 3011 2146 3300 62 4385 222 779 1142 2111 245 4926 2594 193
3506979,2108 1234 3774 4382
3259202,1133 3675 62 3062 1095 3121 1781 2439 4758 4113 3371 4183 1388 4292 1321 4142 2196 1972 378 4415 4289 4585 4857 1450 1788 1577
1946238,44 4587 4871 4027 4558 4727 4168 3916 1356 2746 3148 1596 245 3574 3778 2340 3499 1694 3450 1015 4390 4221 2034 4964 175 3109 3917
1460959,431 2278 2033 4658 305 4972 3938 4727 4558 4560 3276 2793
1015536,2583 2431 4926 4471 1430 1417 2039 4510 1321 2801 4987 4964 3969 4734 3951 1587 4357 3116 526 4503 2095 245 3874 2445 2992 2950 4587 1252 962 4179 4679
3683206,3776 4727 930 709 2837 2728 3136 2659 2956 4235 3146 2025 3478
1958586,2660 2600 1990 1825 1440
2244589,2728 302 4558 3574 2425 4727 4541 1293 4539 4027 2099 391
110453,4292 4554 1133 4850 3675 3062 4624 3651 424 3946 1388 3478 3121 1450 4585 1251 2087 2196 966 866 867 4302 378 3489 4758 3277
3712769,245 4357 4987 3116 2992 2034 4269 3875 4221 112 526 4179
2128469,4292 424 2501 3946 1928 3062 4850 24 248 1133 4554 1636 763 982 1099 3675 4585 4302 315 3277 2974 430 2402 781 4029 3894 62 3587 109 751 368 2025 930 352 3478 4758 866 2506 4180 177 4471 1173 3851 420 2745 4896 2963 3969 1761
709261,4964 4587 3951 3916 1015 1694 4471 1990 2034 450 387 582 2746 4841 1356 245 2431 3863 4168 4385 3136 4027 3466 487 4179 109 1395 4221 2697 3778 4320 216 829 2733 3675 4390 2340 4900 2146 3116 4867 1252
3344619,2425 2728 4541 2921 268 4558 709
2088952,2831 112 4317 4987 2034 4053 245 900 1493 223 3524 3782 2099 4357 3198 420 151 1990 3197 297 3131 2029 3707 4021 1321 895 4131 1307 4565 3778 1354 3925
2019905,112 4587 245 1216 2583 1404 4357 1321 1430 2034 1786 526 4179 2950 4964
3379488,450 3243 4471 2431 1430 2853 4964 4611 3863 3519 4984 2999 3675 3191 4852 5002 2644 1731 808 3033 2697 1252 3449 4289 2583 4841 86 3365 2921 4385
2608533,3197 245 1990 2099 4179 2034 3917 3036 2992 2921 4053 151 3778 4131 2831 3524 630 4964 3925 4027 193 4587 1493 4221 1694 112 582 1337 4539 4357 829 3109 4664 4116 4565 109 3951 4317 315
1216826,522 2022 4558 1668 644 1162 2528 3003 538 4985 4216 874 3233 1753 3276 1909
1554956,112 2728 4587 2921 4541 245
2269590,4791 4587 245 3499 1694 4964 3951 3146 1740 1015 1516 4179
3153118,2921 1337 4131 2831 4053 2099 3198 4317 1493 3867 1701 3782 112 420 2029 1307 3524 4116 268 4021 2668 895 3235 2034 3917 4938 245 4987 151
1684636,807 1384 1336 684 829 2697 71 2153 2431 4011 3829 2611 259 4471 4475 3537 3675 3121 2853 1320 2146 4855 4289 4964 3159 449 1252 315 1742 3471 2565 1860 4950 1083 2137 62 1322 450 1652 4787 3958 3191
2576045,1293 4539 3283 3436 1469
2211894,3062 1321 3946 900 2586 2328 3136 3969 430 4987 571 875 4850 424 3277 2992 1337 4624 3478 4357 2297 2565 4317 1450
679411,3951 4587 4964 2034 245 1990 4471 3916 4168 450 387 4179 4385 3116 4987 4727 3197 3925
2471591,424 3136 3062 3946 982 4292 4850 3651 3813 2297 866 1099 4302
2307541,2972 1935 116 2853 1574 3396 984 449 2366 6 2508 257 1652 2153 515 157 4837 4879 450 2977 490 3045 1675 684 3327 3945 2146 4420 1705 1731 4855 3722 3354
1415059,4972 2793 2466 912 4857 203 1095 2278 4778 3675 2033 4010 3276 4767 3673 1133 431 3632 4376 3177 1214 1668 4807 305 866 2439 3094 2044 1480 2090 3277
1026015,424 3136 3946 4292 3062 982 3587 930 3813 4850 368 3502 2297 4758 4302 3554 3651
1595312,4871 3574 4727 4558 1596 4587 1180 4168 4027 245 3651 1628
768485,216 3825 2508 449 4627 1538 3829 779 315 3159 4320 3916 829 2146 4964 3863 2137 684 2697 1574 3371 4841 71 259 1304 4011 4385 4289 4855 1322 3675 2387 915
51830,2487 2792
2388074,3675 1133 866 431 3062 4554 305 2033 4292 3651 1095 2196 3371 2278 2087 4289 424 4758
915764,2831 112 2034 245 1493 3198 4027 3495 2029 55 2099 3478 4539 3867 786 268 2728 3386 4053 3524 4541 151 1990 1501 3197 3917 532
2138432,1867 684 4857 2439 4907 4334 3675 4972 4930 1824 566 4874 3121 1532 1241 1133 118 2681 2049 323 4380 1254 1782 3514 4755 918 3253 3450 1964 62 1399 2508 1095 496 3129 2573 3265 792 3308 1480 3829 739 4289 432 4862 3013 3371 709 1162 2725 3773 578 4611 1264 1324 972 3010 1574
2364399,3062 1133 3675 4585 4292 378 547 4850 3773 62 4624 3946 3121 4758 1388 982 1450 424 2402 4113 3969 59 763 3277 4554 4142 1321 1972 4183 2196 1136 4302 3570
568567,112 4357 245 2034 3197 4221 4987 4179 2831 151 1493 900 4565 2188 4053 3116 2992 3642 3524 1990 582 962 4664 4587 1798
1916413,4987 3969 3875 1321 4357 3675 59 3002 3421 245 4964 3042 1133 4758 895 2921 4179 1430 4318 1788 197 4471 1972 3197 3814 3778 2992 2565 3946 3116
2904053,3951 4964 1990 2034 4587 2733 3916 245 4471 1694 387 4027 3778 4385 1015 1446 3675 1356 450 4558 3197 2431 4727 2583 4168
3374668,268 4053 787 4317 1321 3867 1701 112 3478 4938 3782 4987 3675 875 2025 900 4494 1307 368 4736 930 4541 3242 2831
11428,112 4357 245 900 2034 2831 3197 2992 3642 4987 4269 1493 151 895 4565 4221 2099
614693,24 4807 2262 3894 248 3143 3843 2501 3021 424 4850 237 3776 2278 347 2432 4667 489 3479 1886 1633 4000 3946 4292
1533591,4871 4587 3916 4168 3499 4478 4558 4727 245 1356 1015 1694 3951 2034 4964 3148 1990 994 4390 301 450 3109 3650 1167 802 2260 3574 3778
238299,4317 2831 3782 2029 420 1307 4053 2099 3867 3198 112 3131 2034 223 3707 2719 3235 268 4131 4938 2668 3925
2706194,424 4727 2340 3561 24 2837 930 3136 3478 4541 1858 3651
3484722,4727 4027 4587 2034 3148 44 4558 1356 4871 3916 3951 245 1990 387 3778 1694 4964
2604294,4554 1133 866 431 2278 424 974 4541 3651 2837 2087 2728 3276 2340 1404 3675
2729493,2728 2424 4727 4027 3478 4558 2425 4539 4541 112
2402369,4947 4680 1977 3625 4830 1052 4876 4258 5005 159 3829 1138 4083 1090 613 4409 1694 4427 1431 2349 4570 1252 4964 1068 1625 1151 3061 1854 1802 3087 681 2353 349 3183 4672 1674 4209 2957 984 157 4433 1925 1737 317 523 785 2785 2835 651 3171 1207 4877 2644 2602 1452 3533 846 64 2202 1144 2401
2252085,4964 2034 3951 3916 4587 4385 1015 245 4168 487 1990 4727 1694 1252 3499 4471 4558 305 3675 1568 3136 2733 1356 387
3260485,1015 4871 4964 4791 4179 3778 4587 450 3951 2146 216 3499 3300 245 1990 3383 4841
858249,4587 3916 1356 4727 4558 4168 3951 4871 4027 4964 2746 3499 3148 44 4221 1015 2340 3778 4390 387 1694 245 2034 4179 3109 4320
3471851,3951 4964 4471 611 4221 245 73 4179 470 1742 2431 4587 1252 3471 2039 3650 487 259 305 2565 4867 3536 1990 1372 4570 1591 398 3499 2146 3116 4280 3197 2582 193 2950 3916 116 4276 1587 1322 109 3675 4096 2095 4791 1727 714 2583 3925 462 1167 2034 4987 4478 1925 1417
3429384,2022 2710 1753 792 2528 1668 4985 4558 118 1909 4216 522 4266 85 3518 4857 4242 1108 2793 2466 3276 1695
3711849,193 4964 245 4179 4221 4357 4987 3197 4471 1990 2992 3116 1516 2583 1798 2095 2431 3969 3778 2034 582 4926 4490 1424 1819 2146 4365 3925 778 109
613471,4317 315 2407 2921 151 3925 3131 3917 2831 2328 223 1337 1990 829 3197 381 268 4027 2599 2320 2099 420 245 4496 4987 2008 4541 1191 4131 967 4285 2992 2814 2728 361 3406 4053 109 4450
68930,1321 4758 1788 2583 330 3675 4926 1026 2921 2328 526 2801 4987 3081 4471 3136 4318 3116
252573,3675 4554 3651 3009 3371 2837 1133 1308 2758 1781 866 3121 4292 2278 2033 1035 2196 4289 4857 1404 2087 3894 772 378 2728 2340 305 867 422 4471 3316 4758 3554 3062 3773
279672,4317 2831 112 245 1493 3198 4021 2034 2099 2029 3524 151 4053 4131 3197 1337 2992 4450 900 2921 3782 1990 268 223 2320 4357
85089,2034 245 4964 1694 4027 4587 3466 3197 1015 1990 1493 4867 2599 109 112 487 3951 2831 3925 4179
315063,112 4494 1307 1701 268 2921 2029 4938
1511920,424 3946 3813 2297 3062 1099 900 2340 4850 4302 3587 368
179300,116 4871 4493 4382 2260 450 2267 705 1727 2660 1990 2344
3216219,245 2034 4471 3197 1990 4587 4221 2831 4987 3675 900 112 487 4964 2188 582 1321 4867 3778 4357 223 3466 4179 3951 2583 4317 1694 2733 1015
3627581,2728 4027 4558 4727 4587 2425 2340 3951 2034 3148 245 3916 3386 1990 1356 1015 3917 2424 2894 3675 1395 302 3574
2288745,112 3198 2831 2099 4053 3867 2921 2029 2992 4539 268 1493 900 245 2034 630 3524 1701
1606102,2583 245 1920 4587 112 4987 1321 460 4357 4318 2034 4964 1430 4471 4179 526 4221 3951
1192983,2728 4027 4727 4558 2424 3574 4541 3478 2099 112 3148
431426,684 315 3829 259 216 3159 4627 62 2137 779 4964 3825 3371 4289 4320 2146 829 3675 2697 1538 3916 4011 3571 4385 71 4900 449 2508 193 3778 3471 2611 1322 4471 4841 2431 3773 1252 4903 3863 3121
1816176,112 245 4357 1493 4987 1216 4053 2992 2034 3782 2831 4565 3642 4221
3869182,4871 1990 4964 450 523 3916 462 4168 2034 3951 1167 4478 2660 4587 3925 3574 3778 4221 245 802 1628 4471 2732 1596
2573130,245 4587 2034 4027 4964 3778 1990 4871 44 1694 1596 3951 3925 3197 4727 487 3916 2431 4471 1356 4318 387 450 1446 3450 4558
512268,2728 2425 4558 4539 3574 4027 4727 2424 302 2099 1293 2100 3917 3478
1063057,4727 424 930 3587 900 112 3478 2728 3651 245 3136 2298 875 571 3494 24 3554 4587 4541 3561 866 368
2163017,4554 1133 3675 3371 866 1781 3651 3009 4471 3121 2087 2196 4292 431 3062 1404 378 2278 1388 4113 3554
1112888,3776 3186 2913 4027 3368 1199 471 472 3707 4558 4727 3850 2849 800 44 4207 2193 1861 4906 420 430 2061
3206015,4471 3951 4385 4318 387 2034 4587 2583 1990 4964 1252 487 1321 245 3675
2522595,566 2439 1928 3450 578 1532 1399 684 709 2681 2508 4857 3308 2789 934 970 674 490 4955 4879 4907 3013 62 3675 4106 292 4874 315 23 4289 1543 3159 4380 1510 3829 1867 1095 3843 4197 3045 3010 792 3129 4573 1538 4611 4972
1507113,3675 305 1928 4554 3062 424 4292 1095 3371 4289 4727 4471 2439 2033 709 866 1133 578
3289532,4736 3478 112 4541 875 2983 1414 24 2831 2025 4317 900 2728 3277 424 3776 223 930 4357 4029 2099 4987 4053 1321 4027 3587 3131
2584175,4035 3596 4549
2589748,2992 1337 4179 4357 4987 4964 3969 3116 2583 3739 4973 4867 3365 2047 2711 2445 2921
3118135,424 3946 3062 3813 4850 3136 3587 1099 2297 982 571 4302
365255,1293 4539 4541 4558 2728 1180 2425 24 1469 3283
3480643,4317 895 3707 420 2921 4131 3107 1337 2831 2561 3242 4987 4051 4565 1042 3235 4021 1059 3524 3131 197 1321 2320 2668 4357 3047
361400,4554 424 4624 4292 2087 3675 4850 1133 900 3062 3489 4903 4585 2340
3445366,1293 2728 2425 4558 4541 4539 4727 112
841936,112 2030 4357 245 1493 1226 4053 151 1701 4565 1337 2992 3642 3782 4664 895 1307 4973 2160 3983 4867 1421 686 318 4179 361 4116 4987
154228,3829 2349 4783 433 4680 4593 2153 449 523 1151 4209 2835 3680 145 2207 1674 1252 1452 2462 1574 157 4579 4855 4078 2602 1854 64 3625 984 3633 1144 1694 3193 4475 4083 2088 785 681 4570 3580 4409 1052 584 4923 448
3604328,4587 4727 1015 3916 4168 4558 1694 2034 3499 1356 4964 245 3148 3951 4027 2340 3450 44 1990 3136 3778 2746 305
2427142,2728 4558 4539 4727 2425 2099
1843813,424 4850 982 3062 3813 3946 900 1099 781 3136 4302 866 2297 3554 3651 2586
3739472,2921 2992 245 3036 151 2099 1337 3197 1701 193 4053 3778 1990 4357 630 361 3917 4179 4116 4867 4131 2095 3109 4388 2831 2692 4987 112 315 1185 4664 546 1742 3925 2950 4221 268 2328 2414 2034
2202176,112 2034 245 2831 3197 582 4357 4587 4179 151 1990 4168 4964 4053 1694 109 4565 4221 3951 2188 4027 1015 2099 3036 2029 3116 3466 4317 900 4987
1716137,2034 245 112 900 4027 1694 4587 1493 44 2831 4727 3148 1990 3951 3197 2099 4964
3258248,424 3136 4727 3554 2340 368 3587 3946 2297 3561 3651 900 930 3478 4471 3813
926288,4727 3148 4558 2340 3450 302 4027 3776 4587 3574 3136 4871 930 1356 44 2837 3478
218020,3946 3062 3136 1321 3277 424 930 3502 4292 3675 4758 4987 2025 4471 875 4357 1788 4736 1450 4317 1446 3587 4302 3554 3651
2938040,4027 2831 2034 112 2728 2099 245 1493 900 3386 3917 3197 1395 3495 4539 4587 55 786 532 1990 4541 3918 3148
3003959,2466 2793 4972 1480 4985 203 4857 1753 3094 1909 912 2022 4010 1668 2710 4216 4778 3277 1224 1095 4636 3437 4376 1108 4266 1781
1370336,2053 1544 285 2382 1990 2992 3865 3440 4388 4441 2921 3490
1994795,4727 4558 4587 3450 1628 3499 3776 3136 2340
2651404,2728 4558 2425 302 4727 3574 4539 4027 2100 2424
3108612,2644 1364 2202 4313 358 4964 3579 785 1482 3421 3987 64 706 3539 470 3692 4686 2453 1974 4258 362 4876 754 1207 2134 2727 3275 876 2957 1587
3705563,4317 420 2831 1321 3131 4987 895 2320 1493 3406 136 2008 4021 4736 4450 112 3782 1788 900 223 2034 2668 4847
2241742,2431 2999 3033 2153 3675 4988 4855 4471 2697 3396 4611 1176 116 2620 1252 1430 4460 2508 2583 199 4289 4142 450 1788 1731 1349 3020 3191
597000,1321 2583 245 4987 4317 2831 900 1788 2034 4021 2320 4471 112 3925 1430 1990 4357 3197
1666309,2351 450 4727 4855 523 2158 3916 3371 4289 3951 3450 4390 4162
2696279,2921 2328 1337 1701 3131 2407 2442 3198 4053 268 361 1307 2138 2831 3085 1059 4388 4131 3235 4494
1215547,3574 4871 4558 4727 4168 1596 2260 1628 4478 1167
2664747,1731 2697 3355 2431 2153 1176 2853 3393 1252 3033 2725 4855 450 566 4471 684 4611 3675 2919 2516 2534 918 515 1585 1578 1808 3121 2502 1630 3695 1810 3396 1652 490
2775981,2831 1493 2034 245 112 55 3198 3524 2099 4027 3131 3197 4053 151 268 2029 3867 4450 4987 3495 4317 3917 4541 1694 3386 2599 900 4736 109 1990 4357 3778 3782 3925 3478 223 4587 2728 4964 3707 4938
2096500,4317 1337 1321 2921 112 4021 895 2668 2008 136 2831 900 3131 875 3062 361 4285 4867 4987 1307
555798,2095 4987 3197 582 2692 3116 3675 4394 4179 4471 245 4357 450 1990 962 4867 1742 2034 4303 1430 3925 4221 688 1798
1760001,245 1493 112 1596 4027 4541 2034 2921 2099 2728 1844 4587 2992 3109 4558 1694 2831 2425 630 3386 4053 1990 786 3917 268 3197 151 4179 4168 3495 3925 4539 4664 1180 109 532 4871
969077,1990 2600 4964 714 3778 2992 1430 2583 1742 3951 2431 4471 2053 3275 245
856103,3574 4871 4558 4727 3450 1596 1628 44 4168 4027 4587 3778 3916
2970317,3136 424 3062 4292 3946 3587 2297 347 4302 3554 3813 3502 930 3675 3277 4758 900 1321 2586 1450 368
156601,4357 245 4867 2034 4587 900 112 4221 3778 4179 1990 3197 2831 4471 1321 4987 1446 2188 4317 3969 1694 3116
1826083,424 2501 2262 763 2061 4807 135 357 3843 1725 816 3587 4980
2014323,4964 2034 3951 3916 4385 4587 3136 4471 245 3675 1990 1694 387 4168 1015 4727 2733 3499 2431 1252
962058,2439 3675 62 4857 3773 1095 1928 3371 2681 684 4955 1133 4106 3450 4907 4289 3010 3121 4142 1532 2402 4471 1254 4585 2196 4292
1248853,2034 4727 4587 4027 3951 3148 245 3916 4964 3136 1990 387 4558 3675 4471 4168 1694 1015 4385 2733 3778 3197 1356
3611236,3121 4855 3773 3675 2868 4624 62 2439 2196 566 4106 3883 2780 3371 248 3009 3985 1912 2919 515 1268 675 378 3159 2087 1248 684 4585 454 1408 1133 263 2900 4471 4292 3810 1577 490 1170 4289 3946 1450 3632 4142 4790 424 752 2451 3355 619 1576 4264 3062 4162 3570 4063 2303 3843
723576,2728 4558 4727 4027 2425 1180 4871 1596 3574 4587 2424 4168 245
2835291,2992 2921 1990 245 3778 3036 4587 4179
317950,1321 1701 787 1307 112 4053 895 3242 3085 268 4494 4317 2831 1337 4987 1059 4357
660718,4317 2921 4131 1337 2328 2320 2831 4021 1321 4116 895 3925 3131 2099 4494 3782 420 1701 4053 4987 4450 967 3707 2599 1990
798101,578 4972 2439 1480 566 1781 2789 4380 4907 3675 1133 2508 1782 792 4216 684
1552450,4554 3675 4624 1133 4292 3062 3146 2087 966 4850 3651 3489 4903 2188 3371 867 4964 1388 2196 4183
2836234,2831 1321 4021 112 4987 245 4317 900 4357 2034 1788 2921 2583 1493 4116 895 420 3198 4131 268 4221 1307
2564283,4871 4558 3574 4587 3136 3651 1694 4727 3450 1167 2728 4027 930
2884022,900 112 2099 245 4664 3085 3036 4357 2034 2992 4053 2921
769538,3136 3062 4292 368 3946 424 930 4585 1321 875 3554 3651 4541 900 4471 3502 3478 1099 4758 1450 430 2565 4850 3813 3587 3277 378 4302
3241712,424 866 2278 2501 4292 2087 3651 486 4727 3554 1133 2033 4702 4458 930 24 3813 3476 4758 3675 4302 982 4554 3587
2650000,1321 112 895 2921 900 2831 1307 268 2583 4987 1788 4021 4116
1833688,4587 1252 3499 3951 4791 245 3916 1015 1757 3136 1990 4964
2090105,4964 4587 3951 3499 3279 245 3116 2034 4179 1015 1694 3185 4871 4791 1990 4320 450 3916 3778 3466
2522693,4317 2008 2921 1321 2814 3131 3406 2328 2831 875 900 268 3478 223 4494 4987 368 1788 420
2512028,3946 3062 424 4292 3136 3502 982 4850 3813 4758 1321 2586 2297 1450 3587 1099 3277
3262634,4317 2831 3198 4053 2029 3782 420 1307 1493 112 3867 1337 3524 3235 268 4938 895 1701 2099 3131 2034 3707 2320 4987 3925 2668 245 151 4131 2160 924
1930681,2382 2053 3865 2992 4674 1544 4779 1331 4306 4441
1510606,245 4357 582 4179 4987 3197 112 3116 2034 4587 4221 4471 4964 2188 4867 1990 2733 1321 2583 2831 4889 962 4168 109 526 900
252557,112 2034 245 1493 2831 4357 900 3197 4987 4317 3198 3524 2099 4053 3782 4179 151 268 1321 2992 1042 2029 4221 1990
1997312,2583 1321 2328 4987 2921 3675 1701 245 2950 4357 3116 1446 2565 4926 1742 526 4471 3136
1990937,1321 895 2583 2921 4021 2431 2445 1788 1430
3050812,4871 4558 709 1694 1167 3574 245 4587 2728 1356
3822031,1321 1788 895 900 4317 4021 268 2583 2831 112 2431 3925
2649248,3116 4357 197 245 4987 4221 1897 3969 3197 4179 2034 2992 3875 4889 1430 526
363318,4554 3146 424 3651 4292 4850 867 4624 3478 3675 2340 2087 1133 2837 4302 4585 900 3561 2278
930431,3379 44 3853 1694 4027 4056 1201 4139 4587 3197 109 2276 3776 2611 829 3118 2927 3386 193 4390 4179 2175 112 1269 2880 582 4000 4221 245 3685 2034 3211 4906 4964 3466 1860 4298 2746 2340 4404 2728 3148 3951 2337 800 900 3119 3917 2831
2653569,2728 4727 4541 4558 3478 2837 2425 3136 3574 4539 1293
2525244,112 900 4317 2831 245 2034 4867 2099 151 3197 1990 4285 4450 4987 4357 2320 2029 4053 4221 4021 1321 223 3778 297
412167,2034 4727 4027 245 4587 112 44 3148 900 2099 4871 3478 2831 1990 4558 3951 3778
2538237,709 4558 3146 4587 3499 4727 3136 1252 2260
1764391,2831 2034 1493 112 3198 4317 245 420 2099 2029 268 3867 900 4027 1990 3131 1042 4053 3478 3495 3524 3782 3925 3197 786 223
730006,2831 1493 2034 112 245 3197 151 2099 4027 55 3917 3524 2029 3198 3495 109 1990 4539 1395 4053 3386 4317 1694 3925 3918 3867 829 268 223 900 2599 662 3118 4179 2728 4450 4987 4357 4221 4964 582 3778 4565 193 3131 924
994344,4587 2193 2423 4027 1990 1404 900 3951 3778 3211 3443 3667 602 3466 44 2899
3053390,2711 2992 4973 2047 3267 4179 1818 1436 2345 1226 1337 3983 1421 2950 4964 297 2852 4357 1629 444 2030
2884057,361 4160 1701 4357 112 3524 4450 4317 895 1337 4053 2921 245 1493 2445 3242 4987 4131 4494 4664 4051 3707 420 847 2831 4565
3295840,2260 709 4447 2655 4727 4558 3499
1791876,1694 1035 4027 216 3863 4964 3379 3683 829 2611 4056 44 2746 2122 2146 193 1860 3917 1142 4587 2266 3197 4791 684 4471 3951 2728 2387 1066 2034 245 3386 4385 1395 2508 3383 3101 2431 109 1474 1990 1015 449 3916 4221 1574 3136 1335 3011 487
392937,245 2034 1694 1990 1544 4871 4587 4221 193 3925 2921 2099 3109 3197
1916402,4624 424 4850 4292 3651 1251 2087 1133 3478 3146 3675 3062 2340 3946 866 2278 3894 1404 1388 431 867
3017145,4583 2651 3453 4216 2362 1964 3675 2948 1349 1133 1095 2439 1894 1388 1814 1334 432 3979 2625 4585 4315 4471 62 1781 2922
916996,3478 900 2728 930 875 424 3587 571 3651 24 3136 2298 4541 112 245 3085 368 4727 4317
3109963,2900 4583 3101 4855 90 4790 1252 43 2626 315 263 4142 4471 3946 684 2328 3810 1268 2083 515 2657 216 3163 248 4585 1636 4027 4029 829 2146 3468 2101 4180 3793 109 2697 2320 566 487 185 3829 1608 4850 2303 3883 1349 2215 3406 62 4964 4698 3159 1066 2150 4347 2858 176 4319 3849 2611 1273 2432 3985 4521 4385 3195 1538 2887 1286 4162 816 3778 449 2431 4245 4817 3075 779 1912 387 253 4136
1435076,3121 1133 3371 2439 3675 62 3514 315 866 1781 2528 4292 3111 4289 1095 3773 4585 3062 684 3489 4857 2402 3009 1264 4583 2196 4972 4907 3013 1214
2204053,1321 2831 420 1788 112 900 4317 4357 2583 4987 4318 245 4471
2161626,2831 112 2099 245 2034 900 4027 3925 4116 3198 4053 3867 1990 4317 3036 3197
695860,112 3867 268 2029 1501 4541 1307 1701 3198 4938 4053 630 4539 2099 3431 55 2160 3136 924 3478 245 3235 4494
393904,112 245 4357 4987 4587
2087772,2728 4558 2425 1526 302 4727 2340
2113433,2583 1430 1990 3116 3874 2992 2685 2950 4679 4179 4964 1544 3951 4471
3468856,424 3062 3946 3813 3136 1099 3502 4292 4850 4471 982 4560 3554 4585 930 781
3096479,3776 2501 4727 24 424 709 2728 4558 3478 3146 4554 2340 2837 305 930 2278 2087 1928
3262451,2728 4558 3574 2425 302 4727 4541 3478 4539 112 2099 1293 1180
3711693,4972 2793 2466 4216 1668 792 1480 2710 1814 2439 1781 4030 4727 2033 3094 2573 4558 431 305 1133 1341
399097,4382 2156 2108 3427 1234 441 588 3564
250067,4587 4471 4727 4318 2034 3951 3675 245 3136 1321 4964 4385 3778 1990 3916 2431 4758 4987 387 368 4871
1441989,1293 2728 4558 4727 302 4541 24 3776 3574 3478 2425 2298
3865432,522 2022 2214 1668 3196 874 4242 1753 4558 1162 1138 644 2469 4216 3247 4875 4985 3014 1341
89736,3136 4727 2837 4558 930 4587 2659 4871 3651 3148 2034 1694 3450 2340 368
998650,4727 4558 3450 4168 3148 4587 3916 3499 1015 2340 305 1356 4871 3136 3574 4027
3212807,424 4292 1133 3062 3946 4850 4554 3675 2501 982 763 1928 1099 24 4302 2402 4585 866 248 62 930 3277 4758 3773 2196 4896 352 751 368 2025 781 315 4106 3478 3894 430 4624 1173 3121 3587
3915009,4587 3499 1757 4791 4447 1015 4558
728493,900 112 2831 245 2034 4357 4587 2206 2099 1493 1321 3925 268 3197 4317 2583 922 1990 4053 4027 4987 895 4471 2320
57374,4554 4624 424 4292 3675 2087 1133 3062 4850 3489 4903 62 900 3651 3121 3773 4585 3371 3009 2196 3146
1199590,3916 4587 4964 2034 3951 4168 245 1015 3499 1694 4727 3148 387 1990 3136 1356 4558 4179 4221 4390 4027 2188 4385 4471 3778 3197
3888453,4541 3478 2728 112 268 3136 930 2837 3867 3085 4727 786 2099 3675 245
1409873,2034 4027 2831 4317 1990 1493 420 3778 245 3925 223 900 4587 268 3131 3198 4987 3197 112 4727 3136 3675 2099 4450 1395 3951 3917 1694 3478 44 3386 1321 3148 2599 3918 1042
2463485,2728 2425 4558 302 4539 3574 1293 4541 4727 2424 2099 4027 179
3525847,4317 2831 3198 268 1493 112 2099 3782 4021 2034 900 245 2921 2320 1321 2029 223 1307 3131 4053 3925 420 4987
3532438,4973 2921 2992 1337 3739 3267 895 3107 4094 2030 361
1605762,424 3062 3813 4850 982 3946 1099 4302 900 3587 4585 571 2297 781 368 3136 3554
2990758,4494 3136 3242 1701 930 112 1321 268 2921
4414,431 2439 1095 4972 3276 1133 2033 3675 4857 3371 305 2508 2278 4289 1764 1162 4315 1668 4907 1814 4658 4558 684 3471 2793 4142
1838561,424 3062 3946 3136 3813 3502 2297 4471 900 4292 368 2586 4302 4850 1099 4560
1264,3062 3136 368 4541 930 4292 3946 900 1321 875 2328 2921 268 424 4471 4317 3146 3478 3651 2565 1337 4585 2008 1450 1742 4494 3675 361 3277 3085 509 1446
1022418,3675 3062 4289 4554 1133 2196 4292 3371 3651 2087 62 2439 2033 3121 305 3773 4758 431 2402 1450 4183 378 1388 709 1788 3277 866 4302 1321 248 4727
10639,4541 4558 1293 3574 4727 3283 4539 2728 3776 2425 24 709 302 3478 2099
8291,112 2831 1337 4317 4357 4867 245 900 1321 4053 151 4987 2328 895 4021 2099 4450 2034 3969 4494 2992 297 4285
975969,424 3021 2501 2506 24 3420 3619 2796 982 3062 4850 1099 2061 3587 4000 781 1725 4292 866 1928 4302 3946 4673 430 4979 930 4554 1636 2192 4980 248 1803 2402 3776 4586 4449 518 4029
883119,3865 1544 3440 285 2053 2382 3490 4441 1990 4306 2685
371252,112 245 2034 4357 900 2831 3197 4987 1493 3778 4021 151 4221 1990 4179 962 2992
3472788,2992 2053 3036 1990 2382 1544 4179 1185 2414 3109 3116 285
812962,3136 930 3776 2837 4235 4727 4657 2659 4587 2025 3146
3173015,2921 1337 2099 630 4539 3983 1493 3867 2029
3153248,1562 2921 3983 2728 1436
3748594,2034 112 4027 2831 2099 2728 900 245 1493 3478 3148 3495 3918 4587 2206 4727 3386 1786 1990
16913,1321 112 2583 4318 1788 900 4727 3478 1786 4471 245 1430 368 3136 895 2034 1404 4987
1236217,4727 4558 3916 4587 4871 3136 4168 2034 2340 3148 3499 4027 245 4964 1015 1356 3951 1694 1990 3778 3450 3386 4390 2659
524587,424 2501 4292 1928 4554 248 3062 24 866 2402 3675 1133 910 3776 4850 2087 763 315 4029 4302 3946 982 930 1099 62 3420 1636 3587 368 4585 3489
1057477,3776 4727 709 930 2728 3146 3136 2837 2659 4558 3574 302 3478 3148
2338034,424 4624 3146 866 4292 1251 3062 2196 1133 3651 4850 3773 3675
2147748,4871 4558 4587 245 1694 3574 2034 1167 4027 4221 3651 3136 1356 4727 4168 930
2130970,2033 866 1133 3675 431 305 2278 3651 3009 1095 3062 2439 4292 2087 4554 3371 4727 1781 2196 4558
3448946,792 3564 4972 4857 4985 4266 4216
3692614,3062 62 3675 1133 3121 1095 3371 4292 4585 378 1388 1577 4289 4554 3969 4183 2196 3773 1450 2439 4758 1781 4471 4106 2998 2402 4624
1644008,431 2278 2033 4972 3938 305 1133 4560 4727 4658 866 4558 2779 3276 4767 2537 2793
539155,4964 4587 3951 4168 3499 4471 1694 3916 3116 1015 1990 582 2034 4320 1798 2188 450 4179 487 245 2733 4221 109 1356 4385 3109 1516 387
594564,3499 2260 4791 4587 1252 4447
1660080,4972 2793 2033 2439 431 4778 1753 1668 2573 305 4857 4907 2528 2466 4920 2278 2306 1133 4727 4558 2022 1095 1480 2625 3094 866 3276
3140512,3136 2837 930 2728 2659 4727 3146 709 4235 2025 3651 4558 4541
2363942,649 3510 1084 4679 1591 4274 1618 3025
2243885,2921 3210 3365 1533 3204 847 3168 3863 2445 3714 2360 3925 2992 4388 4303
2768577,4292 3062 3675 3985 2837 4317 3414 3121 578 420 4987 3371 3265 4471 4585 2402 1788 62 352 1173 2332 2501 3146 1133 2745 930 866 1321 1450 315 3013 3514 1540
679350,3675 1133 3121 4554 2402 62 4292 3371 4380 4585 2087 3773 3062 4106 3489 315 2196 4289 3009 4624 1388 4142 4850 1928
1713965,2565 1026 847 1321 1337 2583 895 2801 2445 361 2206
1911061,1321 59 3062 3675 3946 3969 4758 3136 4987 1788 1450 4318 1972 1133 4471 3277 3773 424 2565
1834794,245 3197 3524 4987 4357 2034 301 197 4964 4450 1694 4317 4565 4160 3925 2431 2320 895 1493 193 2445 1897 4131 2921 4365 4179 847
2032659,424 4850 781 982 3946 900 1099 3062 3136 3813 430 4302
3354968,4587 4027 2034 4727 245 1990 4558 3951 3136 1015 1694 1356 3675 3916 4385 268 2728 4541 4471 112 3778 3148 4964
1890024,245 3116 4987 4357 4221 2034 2992 2921 4179 112 526
1983643,3136 930 3651 4727 368 3554 424 2837 4292 3478 900 2659 3675 3946 2025 3587 4758
3329612,4471 3675 1990 2431 4318 2034 3951 1321 1252 4385 245 4964 4587 2583 487 3136 1788 4987 2733 2769 3371 3778
83062,4987 895 245 4964 4357 2034 2583 2921 3116 3969 1321 526 2992 4926
523879,4611 3951 4964 1474 3185 4471 2431 4320 2095 3383 1990 714 1322 3778 1516 470 3969 3675 450 1430 2853 3197 2583 1568 398 487 3863 2146 4867 199 2502 1578 4221 1539 4926 2034 3471 916 2039 1252 245 2111 4179
2876584,424 3062 3813 3946 4471 900 4850 3136 2297 4560 4585 1099
488305,268 3478 4317 4736 900 1321 2025 930 368 2831 112 875 3136 4938 4053 4541 1788 4987 3675 3782 3198 1042 223 3131 4494 424 420 3867
2275358,4292 3675 4554 1450 3969 1321 3062 1133 62 4758 2565 3478 3651 875 3371 378 3121 3946 1788 3146 59 3277 4029 344 4850 1388 4585 4302 1404 4289
1585485,4727 4871 4587 4558 1694 4168 3136 3916 1015 3450 3778 3651 3499 3574 1628
1344613,4317 2831 4021 1493 223 420 4131 4987 3782 2320 268 3198 1321 2921 3524 112 2668 2034 245 1337 4450 3925 4053 2099 3197 2029
3605364,4727 302 4558 3574 3148 2728 2340 4871
3310639,4558 3574 4871 1596 1180 2425 4727 4027 2732 4168 2260 2099 2104 4478 1742
3180060,3675 4554 4289 305 3062 3371 709 4292 2196 2033 2087 248 1928 3277 4302 1321 3651 4471 1133 1450 4758 431 701 1788 4727 3476 62 486 3951 4183 3489
2153445,3675 3121 910 3773 1248 3514 1133 62 3062 4292 3489 1928 2402 4585 3371 4106 4624 685 4554 1136 315 378 3009 982 2087 4289 4896 248 3813 1035 424 4850 3010 4380 352 3894 4613 4142 1450
2719696,3951 2034 3916 4964 4587 4168 245 1990 4570 714 1694 3499 1015 3650 1356 4221 387 802 4727 4471 450 3109
1874794,216 3825 3829 2508 4627 449 1538 684 779 829 315 3159 3916 4320 2137 1574 2697 2146 4964 3371 4011 4385 4289 3863 4855 3571 4900 2387 259 3675 3778 71 1304 1252 4471 2431
2239669,112 245 3198 2034 4357 1307 900 268 1493 2831 4021 4938 1321 4053 4587 962 3197 4987 2099 2583 1701 2029 2992 151 3642
2201309,4624 4850 4292 424 3651 3675 2087 1133 1251 4554 3478 3146 3946 866 3062 2340 1388 867 2278 1404 966 3894 1450 4585
2109737,2439 4857 62 2789 4380 315 1133 3450 4585 3675 566 4471 3009 4289 684 1095 4907 3916 3308 1112 3371 2402 3010 23 4106 4320 1195 1356 3121 4790 1162 3894 3829 1538 1254
98133,847 197 2320 3714 4357 308 2095 2583 4303 2696 1416 3210 3197 3252 2863 895 3925 4116 4057 967 4051 4425 3969 1533 3242 4867 2275 4494
3131998,424 3946 3136 3062 4292 982 2297 4850 3813 3502 3587 4302 3554 347 4758 3651 2586 3772 930 1450
1063204,2921 1337 895 4317 2328 2831 4131 420 1701 3925 2008 4116 3406 2099 361 1990 4987 4494 4053
1184128,424 3776 24 3420 2506 930 248 3021 1636 2905 982 4029 2899 4850 2224 3843 324 781 1928 430 2501 4489 1473 3587 4302 2969 3433 209 1725 368 4000 1099 518 4194 3946 4130 4424 2798 4586 4648 763 4377 3277 3163 4980 4431 1960 3851 3478 4373 3619 910 4292 2025 3678 471 4560 3075 2548 4641 4979 3833 1761 4341 843 2402 2433 315 4926 573 4180 2192 4471
824377,2034 4587 3951 4964 245 1990 3916 4027 387 3197 4471 4727 1694 1395 4168 3136 1356 450 3675 4385 487 1015 3778 4221 2733 4179 3466 3925
2141633,3101 4889 3951 487 3519 4471 259 778 1446 398 1417 4385 3925 248 2188 4318 1990 3383 1774 4179 3709 3011 2697 1306 4221 3020 2137 2034 3424 714 4641 2111 3091 3471 116 1450 3197 1322 4276 2611 1430 1252 4697 3172 829 3916 3466 1015 2583 3778 4011 2853 1349 3149
3650065,4558 4027 4871 44 4587 2425 1596 4727 1180 245 3574 1742 2728 2099 3386
1971304,431 2278 4658 2033 4558 305 4727 4972 4560 3938 2537 3276 1140
890382,245 4587 2034 4964 4168 3916 3109 3499 3951 1990 1694 4179 4478 4871 1356 3116 4558 4727 3197 1015 3778 4027
3655277,3062 3502 1321 3946 4317 4292 3772 3136 3277 875 1337 3675 1450 4758 895 4736 900
1681027,4727 3136 930 3651 2837 24 424 709 3146 4871 4541 2728 2340 3561
1400360,112 2728 4539 4541 3478 2921 2425 2029
1201830,112 268 3478 4541 900 2728 3136 3867 4053 930 1501 2831 4987 2099 1321 2025
2471255,2153 4984 4179 259 2137 3020 4339 4964 4811 2146 4587 450 1694 2611 3471 3863 2122 4876 3135 2746 109 3916 1274 4611 3011 1384 1015 4011 4056 582 193 3109 1304 829 358 3396
2012858,4727 3776 4558 2728 424 2158 4217 4690 2278
3163967,2445 1321 801 2921 1788 895 847 4987 787
3001968,4317 1321 875 3478 112 2831 4053 420 4357 268 787 4987 900 4565 4938 223 2034 368 3782
2512302,2831 1307 112 4317 3782 4021 2029 420 3198 1493 268 1321 1042 895 2099 2921 4450 4053 4987 900
2562496,2053 1544 1990 2992 285 2382 1430 4441 3778 2685 3490 3109
343665,2992 245 1990 900 2034 4357 2921 3778 4987 4179 2053 1430 3197 112
1358195,2831 112 1321 420 4317 4021 4987 3406 136 245 4357 1788 900 1493 2034 2320 2583 895 4450 4867 1354
2279680,4216 4266 4857 2710 221 1827 4985 3780 4944 2370 792 3061 591 3233 4972 3518 1195
1840182,1321 268 4987 4317 4471 875 1788 4357 3969 900 1701 3406 895 1450 787 4867 4494 4021 2583 3062 1446 420 2921 112
1460438,895 2921 4317 1321 3406 1337 2445 2320 420 2583 1701 2328 4987 4494 4867 2206 4116 3925 900 3242 2008 4021
2614899,2932 4307 4666 3857 414 496 3215 3143 125 4334 351 2788 684 3894 2224 1072 972 4613 4900 438 4653 1777 4120 145 660 237 332 2153 3192 3045 2128 763 4209 3632 347 4566 2657 1170 2919 2611 3450 216 3843 4955 2626 464 1384 424 2978 1510 167 1872 2534 3265 2789 248 3829 4947 70 2235 1960 3497 2262 3873 4384 490 927 3625 4471 2278 1621 3942 4373 3675 566 3673
1276628,4471 2431 2583 1990 3116 1321 3197 4179 3951 1430 4987 4357 2188 4867 245 2095 4964 3925 2034 3778 450 4587 4221
1448622,1581 3596 950 1215 534
3830474,3596 4549 1807 950
2606699,1364 4313 2202 2644 4964 785 1482 3579 64 358 4876 984 4258 2727 2957 754 5005 1587 3421 4686 4087 3275 3692 2754 1252 2134 470 1207
30756,4987 2095 2814 1321 2921 4867 2583 4471 1430 3675 2992 4357
2661525,245 112 4587 4357 1321 1404 930 2583 4987 3136 3478 2034 1430 1216 2728
1427269,112 245 2034 1493 2831 3197 151 4357 2099 3198 4221 900 4987 3524 4179 3778 4053 1990 4587 4317 2992 2029
1999567,2921 2992 2053 1331 1430 4587 4388 1742 3136 2583 424 2565
1064093,1133 4857 3675 62 2439 431 3009 3121 315 1095 2278 4292 4554 3371 3489 4585 1781 684 4624 2196 2033 3651 3276 4289 1254 3450
3913864,3951 4964 3916 4587 4471 3650 1990 4168 2034 1252 245 2431 3499 4570 398 523 1694 4221 1015 2188 387 3778 4385 450 714 73 3011 3109
420111,4554 2087 866 424 431 305 3651 4292 2278 486 1133 2033 4727 2340 3675 3146 2501 1928 4624 3478
585009,112 2831 1493 2029 3867 2099 3782 1042 4317 4053 3198 268 2034 900 3495 420 245 1307 786
715433,3062 4292 1133 4554 866 3675 4896 62 4758 2196 3946 4880 3121 3773 431 424 4850 1095 4624 4113 972 1781 1076 4585 751 1450 1388 1803 378 4302 2501 3969 4979 3277 2087 352 3514 966 1321 875 4142 4540 4183 2402 3371
2845727,112 1321 245 2831 4587 2034 3478 900 368 2328 268 4541 4471 1701 4317 4357 1337 4053 4867 3136 4027 2583 1990 3951 895 361 1307
3410824,2245 658 3914 2124 238 3067 1001 2927 2113 4089 2611 745 1443 585 2880 2250 2459 4817 1260 3480 2276 2341 2963 1564 3097 2270 523 3931
1523910,4727 3651 1628 3136 3450 3776 4558 930 2837 3146 4587
3481720,2728 4558 4727 2340 3148 1289 44
1170149,1321 4471 4318 2432 3969 2583 2431 3062 895 1788 4021 1430 1450 4357 4317 4987 3406 3946 4758
542760,1535 4382 705 4493 2344 3333 1247
1715171,197 2034 4987 4357 245 3197 4471 487 4318 900 4221 3778 3211 1404 4587 1321 3466 2831 2583 112 4926 2432 3925 2211 2423 3683 420 4179 4317 3969
1859126,900 245 487 1990 3778 4357 197 2034 112 3197 2188 3925 3969 4221 4964 4587 4179 4471 2431
1443452,2431 1990 116 450 4871 4471 387 3916 3951 3675 4727 3778 4587 3136 2137 4305 2188
203291,4727 4558 3148 4027 302 2340 3916 2034 4587 2728 4168 112 3574 245 1015 4871 44 3386 1356 3136 3951
3748550,112 245 2034 2831 3198 4357 1493 151 2099 4053 3197 900 3524 4021 4221 2029 2320 3782 4317 4160 4987 4179
2889679,2728 4558 709 3436 3696 1562 2425 4539
1210462,1321 1307 4317 2583 895 2831 4021 4318 420 112 1788 1430
1119495,2728 4558 709 3146 2425
3306722,1431 1095 874 538 4315 706 3116 4471 4981 839 245 1388 1600 4964 1992 2908 2034 4220 4852 4570 3309 4875 3471 76 1568 3079 32 1207 3106 3196 2802 3910 193 4183 1788
1174559,1990 4179 3951 2382 4964 2992 1430 3036 3109 2053 3116 1544
757332,4027 4727 4587 4871 4558 2034 2728 44 3574 1596 245 1180 4168 3148 2425 3778 1356 1167 3951
1972303,245 2583 1990 4471 4964 2431 2992 4179 4357 3116 714 1430 3778 2594
246036,2034 1493 2831 245 3198 3131 112 4317 2029 268 3197 4021 2099 4027 1990 3778 3524 1694 223 3867 4450 4987 151 4587 420 3386 2668 3917 3951 1307 3782 4964 922
3165888,4357 4987 4867 895 2992 4179 245 3642 4221 3116 112 4116 4269 1337 151 1321 4021 4889 962 297
2121553,1321 4357 245 112 4987 3116 900 4021 2034 2583 4179 4587 1430 526 4317 4221 2831
3642864,4357 3116 4987 4269 245 112 4179 4221 3642 2992 962 4867 3036 4116 895 151 4889 1307 1321 526 2583
1530100,3675 1133 4857 1095 431 3651 4554 2278 2439 3009 4624 3276 3371 3744 62 1781 3121 2033 2196 4292 3489 4585 2837
3263256,1596 630 3867 4027 2099 3085 4225 2425 2424 1180 361 532 1701 1742 4539 4466 786 268 112 4541
2614633,4871 1628 4478 3574 4168 2260 2732 3916 1167 1990 4587 1596 4558 1015 2351 1694 4727
536601,3450 4727 4587 245 4458 368 3778 1742 4302 2034 1628 487 3651 4027 2916 972 237 3476 3148 4558 2025 4221 4758 4390 2865 2340 3478 4871 4168 918 2188 3197 4471 3776 3136 1015 1990 1694 2769 3946 1596 112 4218 1788
2759107,4987 4021 4317 1321 4357 3406 4867 895 2320 3197 4471 1788 197 420 3707 1042 1307 4450 112 2583 4221 2831 297 245 900 3778 4116 2034 1430 2992 1337 4053 151 3969
707616,3574 4871 4558 1596 4727 3450 1180 4027 44
3685399,4554 1133 3675 3651 866 2087 3009 4624 4292 3371 4289 305 2196 2033 424 3062 1781
2740210,2439 4972 2508 1480 3675 1782 792 1814 1133 578 2617 684 1095 1781 4907 4857 566 4380 3121 2049 1399 1195 432 3010 23 3979 62 3371 415 4289 4142
1719141,2087 4554 424 4624 3009 3651 2340 1133 866 4727 2278 3675 4850 4292
972379,424 3813 3946 3062 3136 2297 4850 1099 3587 2586 3554 866 4302 4292 571 3651
668786,3478 4541 2728 900 930 268 2831 112 786 4027 24 3495 245 2025 3136 875 4317 2424 2099 2298 3651 2837 3867 55 2921
163134,3524 2211 4494 2008 2831 2599 381 245 2921 3386 1493 4317 3917 361 4496 4027 4450 3707 4053 1475 112 4357 2863 3197 2814 1701 2320 1990 532 2665 151 4029 4987 2728 847 420 2099 2034 1611 875
2559555,2728 2425 179 4558 709 4539 391 3283 3436 1469 3696
1596923,1540 1493 112 4494 245 2831 4053 136 361 3782 3918 2099 1701 532 4664 4160 4466 2599 3524 2029 4450 2921 4357
263776,2728 4539 2425 1293 4558 3574 4541 3283 3478
3002367,1493 2831 3524 3198 2034 223 4317 245 3131 2029 4987 3197 151 3782 1990 2099 112 420 2599 4053 4021 4131 4450 297 3867 662 3778 268 3925 3917 3386 2668 3707 4938 1337 924 4207 829 4285 1694 4027 1325 4221 3235 4736 271 1612 1042 2719 582 4539 900 55 1307 922 1354
1970987,4554 4292 1133 4624 3675 3062 424 4850 2087 3773 3121 4585 62 3651 378 2196 3969 3489 866 1450 982 4302 3371 2402 4183 4903 900 3946
1246316,4987 4357 4021 4116 245 112 4317 1321 1337 895 4285 2921 4053 4867 2992 2831 4221 4131 3406 151 297 2583 4179
3523310,2685 1544 1535 2382 4441 1464 1825 285 3865 2992 1990 2921
576668,4964 3951 3916 245 2034 4587 4168 1990 1015 3116 1694 3109 3778 4320 3499 2188 4179 582 3197 4471 4221
96042,268 4541 3478 112 2831 3867 4027 1493 245 2099 2728 3198 900 786 4317 4987 3136 3495 2034 1501 922 223 2029 3386 3782 2424 4727 2025 930
2317040,4972 1480 1781 1133 1814 2439 4985 578 3979 792 2466 1782 4216 1195
3253682,112 2034 2831 245 2099 2029 4027 4053 3197 1990 1694 4565 151 4317 900 4587 4357 55 3198 3524 3148 3951
1179038,268 2921 1321 1337 1701 361 4494 787 4317 2328 895 2138 2831 3242 1307 2445 1446 875 2565 1788 4987 3969
107073,2992 2832 2382 4388 2053 1990 2921 1544 2603 2600
3023744,424 4727 2340 3587 3561 900 2025 866 3478 24 930
1713398,2728 2425 4558 4539 2100 3574 2424 302 3917 4727 1293 4027 2099
1431183,3499 2260 4791 4587 1740 4447 2655
3858405,4558 4727 3574 3148 302 2728 2340 3450
567049,2431 3197 193 4471 847 4964 2863 1430 199 3925 2583 2320 4867 4988 4987 3778 4179 4611 1322 450 2095 3969 3033 2258 4570 1142 321 1788 4221 109 1321 2814 2153
427202,4554 866 1133 431 3651 4292 2278 2837 424 3675 3146 2196 2340 305 4727
399288,4558 3148 2728 4727 4027 2340 4587 245 4168 2425 1015 3574 3916 3137 4871 44 2034 4541 1180 3917 1356 1596 112 3386 1694 1844 3499
2281930,424 2087 4554 2501 4624 3946 3062 1133 866 3675 4292 4850 4302 518 2196 3570 1928 4727
965392,2728 4539 2425 1293 4558 2099 4541
481401,2831 112 245 2034 900 2099 4317 4357 3197 1990 3036 4053 151 4565 420 223 2029 3782 3925 3524
488048,4471 2431 2565 2583 1430 4926 3969 4964 1321 847 4987 1424 2095 1742 4867 3197
2846663,1493 2831 3524 4317 2034 2099 3867 3197 3198 4053 245 2029 223 112 2599 3925 268 420 151 924 1990 3782 3917 3707 4027 4987 3495 3131 1337 2320 829 4450 3386 297 1042 3918 55 4565 271 4131 2719 900 1694 662 1395
2847241,3136 424 3946 3813 3651 3587 3062 866 2297 3554 4292 930 4850 4758 1099 2196 2586 4302
2580275,3916 4587 2034 3951 4964 245 4168 1694 1015 387 3148 1356 582 3197 2746 4320 4179 4027 1990 4727 4221 4390 3499 44 3778 3116 3675 2188 4558 1395 3109
3023170,431 2278 2033 305 4560 4972 3938 1133 4658 4727 4767 2779 4558 866 1140 2044 1694 3062 2793
992249,3596 1807 950 4549
1672444,1133 3675 4857 62 4292 3121 4554 1095 2439 4585 3371 431 3009 3489 4624 1781 315 2196 3651 3062 2278 1388 3111 684 2033 4289
2333278,424 2340 3946 3813 4727 2297 900 1099 3062 368 4850 3587 4302 3561
405648,4871 1015 1742 605 714 470 3499 1727 2261 3722 3249 4877 450 2625 4791 3778 1757 994 3300 2565 1990 3675 4587 3916 2123 3383
921581,930 3136 2025 3478 2837 2659 3651 4541
832663,1252 3951 2431 4471 245 4964 4587 1990 714 3778 2039 1321 4318 701 3300 462 1172
762448,1659 2948 839 538 4987 1568 1745 4471 3233 3079 1095 3729 2588 1925 245 3908 1883 3708 1431 876
3781226,245 4357 3116 4221 4987 4179 3197 197 2034 2992 3969 4565 3875 1798 1897 4889 4964
1065358,2900 3101 4855 4583 566 2626 515 43 90 315 4790 1252 3946 1268 4471 4142 684 263 3468 3883 3810 4347 3793 176 2101 1912 4585 1538 216 2083 2150 4029 3829 3159 4850 248 4319 1286 1009 2887 4180 490 353 253 62 1636 3985 3045 2146 1608 352 829 2303 2328 1273 4027 4698 2780 982 779 4136 1202 1408 2657
3213139,1321 112 268 900 2831 1042 4317 4021 1788 1493 895 420 1307 4357 3782 4987
688236,112 1493 3198 2831 2099 2034 3131 245 268 2029 3867 151 4053 4027 3524 3478 55 3782 4317 4541 3386 1307 4938 1694 1990 3917 1337 223
2141571,2728 2425 4539
2072557,2921 1990 1694 4388 245 2992
2666310,2050 3396 3793 2508 364 2391 4258 3689 2972 1574 2469 1559 4855 116 1937 3149 4203 4304 1143 3536 291 449 1935 478 1705 3519 2725 566 2502 3139 3393 1924 3389 4952 490 4700 523 450 3169 2553 4923 4276
3514113,1133 3675 1781 3121 62 3009 3371 1388 4554 1095 4292 4857 3894 2196 3651 4585 966 3062 76 378 3773 431 866 4183 4624 3111 4289 1214 3979
3747777,4471 1238 2948 538 4583 1431 2651 4964 3233 522 4071 3523 2588 4570 3074 1082 3471 3653 2958 839 1925 3692 4313 287 3903 1252 2661 4611 871
3367833,4558 4871 4727 3574 4587 4168 1167 450 1694 3916 1356
3794055,424 24 4761 3619 3776 4311 3587 430 4727 900 4736 4000 1414 616 112 4207 930 3851
2427476,4727 3148 4027 4558 302 3450 2340 3574 44 2034 4587 4871 3136 3776 3386 2728 245 1356
2818012,1180 3574 1596 2425 4558 4871 4027 2728 4727
1268833,3062 424 4292 24 1928 2501 4554 3946 3021 866 2402 1133 2087 4850 431 3675 248 2196 4896 62 3010 3843 4029 3773 930 1636 4585 751 982 4302 1099
3826667,245 4357 112 4987 4587 1493 1540 3197 4179 4221 2034 1694 1516
82392,1742 3778 1990 3925 4318 1628 2034 4871 4512 1321 245 4758 2188 462 2565 4493 3951 1596 787 1825 918 450 4471 387 2534 368 2583 4587 1788 487 1446
2998288,2053 2921 2992 4388 2583 2685 2382 3365 2600 1430 2832 1990
2989550,3136 930 3651 3587 4727 424 2025 3554 368 3561 4292 3478 867 24 3946 2837 3675 3494 4758 3776 2297
3496882,424 4727 2025 2956 866 3478
2178404,2728 4558 302 4727 4027 2425 3574 3148 2340 3478 2099 2424
1065425,4624 3946 4554 4292 3062 3675 1133 424 4850 900 4903 3146 3773 2196 3478 4585 3969 1450 3651 2565 2297 378 4142 3489 3561 4302
3756245,4964 4611 1990 3951 2660 714 1992 2502 3300 2431 1516 1568 1539 1798 3275 4791 4179 3778 4471 4221 4852 3116 4570 1015 3916 1439 1727 3185 2146 4587 3650 4320
2476268,112 1493 4317 2034 245 2206 2831 3163 2599 4053 3782 420 1701 1321 3466 900 4867
1656436,112 1307 895 4357 4116 4987 900 1321 4021 2831 2992 2921 3642 268 3782 4938 4053 245 2030 3198
3302109,4539 4558 2728 1469 4541 2425 2029 4727 3867 532 112 3283 2099 3917
2485759,1321 2921 112 4494 2583 245 268 4357 2445 526
2311802,4587 3499 3951 245 1694 4964 1015 2034 4791
1997106,2992 4179 3365 245 2053 193 4357 4964 1185 1990 3036 3116 1798 2583 2802 582 2146 714 4124 4987 1516 1819 4490 2360 4221 3778 3197 4811 3109 2950
1822392,4727 24 424 2501 305 2278 2340 866 4554 2837 709 486 3146 930 4558 3776 1928 3478 2728
3111706,1321 2565 1742 3969 3675 1788 2583 3778 2123 4318 714 1430 4987 2625 245 3300 4587 4717 1587 2111 3136 4809 4758 4357 1990
1878682,1818 2921 361 895 2445 3242 1226 219 4607 3708 9 1337
3165761,2728 4541 3478 112 4027 2424 2099 786 4539 4727 532 3495 4558 2425
1639907,3089 1873 2882 4242 116 3567 4359 777 3877 2108 4958 3061 107 4576 1162 1741 529 588 2448 4168 432 4848 1977 3300
2772533,2921 2445 2583 2328 1990 2992 1430 1701 1337 1321 3925 3036 3778 3951 962 4388 2431 2692
1008856,2793 2466 4857 4972 3276 4985 3518 1909 3094 792 1108 2710 3003 1668 1095 2022
899288,2728 4541 3478 112 2424 4027 3136 2425 4727 4558 786 930 2099 4539 245 900 268 2837 2831 2659
476437,3136 4727 3651 2340 930 1742 3450 4587 368 24 2837 3587 3478 3561 3146 424 112 3776 4302 4541
1145060,3533 4947 3171 4830 1052 4680 4258 2785 4876 4083 1431 4964 4427 1977 613 3625 1674 1138 2957 349 1207 2353 681 1086 3844 1030 4877 64 4570 1694 1068 157 1452 4433 159 1252 2349 4783 5005 1854 4672 3829 785 2401 846 706 4052 2602 2521 4553 1925 1151 2601 984 4579 651 1625 2202 317
326516,2034 2831 245 1321 112 2583 900 4471 4987 420 1493 1990 4357 1788 4587 4317 3197 962 3925 3778 4021 4318 922
1457242,3136 1321 4292 3675 3062 4987 3946
2728235,424 982 4850 3946 3062 900 1099 430 3587 4727 571 2340 781 4302 3813
725365,424 4554 2501 4727 4292 3776 930 709 1928 305 3146 866 2340 2087 2278 2033 24 3062 368 3587 4302 2433
1866993,268 1321 2921 900 3478 787 112 2831 420 4317 3242 895 245
2204724,245 2921 875 268 1493 1694 112 4987 4964 2034 3197 4357 2831 4317 4450 3163 4494 4565
2756037,2083 1608 4583 3101 3812 4357 4551 4471 1321 3163 2188 2328 2432 2583 526 2337 2963 3946 3406 1252 88 4142 177 56 2950 3784 109 2565 847 4387 96 690 4686 1636 4926 1446 1622 1417 2320 263 4964 4179 4019 3969 2814 4987 2477 4585 1322 193 965 817 2863 816 2095 4285 4711 539 3778 3197 3028 1349 3421 4221 14 3277 4850 139 452 3925 1430 3323 4867 4679 4274 90 801 3541 4855 4801 2146 2445 1587 1701 487 361 3851 4029 895
2080620,3062 3946 3675 875 1321 4317 4292 3136 3277 3502 1450 4987 930 368 2025 900 4758 4471 2586 223 4736 424 1788
1188983,4471 1990 4964 4587 3951 245 2431 2034 4179 3778 450 2188 3116 3675 3197 1446 4867 4221
3761451,424 3062 982 4850 3946 900 3136 866 3813 1099 4292 2586 781 4302 3554 2297
3532042,2831 900 112 2034 4317 895 245 1321 420 4987 4357 2099 4053
300423,245 112 2831 2034 1307 4471 4357 3116 4179 4317 1321 3951 3197 2583 4168 1990 4021 4587 1430
1941969,4471 4964 2431 3951 2583 2095 259 1990 4867 3197 4926 3925 245 4221 487 2565 3471 2895 2582 4179 4987 778 3969 193 1742 2039 2320 3675 1322 1252 1430 847 3116 2146 398 4318 3863 470
1810430,3136 4727 930 3651 2837 368 3450 4587 3776 2025 3675 2340 24 3554 3561 424 3478 3148 2659 3494 867 1404
32114,424 3946 2340 3062 3813 2297 900 4727 3587 4850 3136 3554 1099 4471
68942,2831 1493 112 3198 245 3524 2034 1337 2029 2099 2921 151 1307 2668 4021 420 4987 4053 3131 4317 3867 4938 3197 268 900 3782 1990 4131 3778 4357 922
3010427,1321 2583 2431 4471 4357 245 895 1430 1446 3969 4494 4987 1701 4318 2992 3951 3136 2921
2116383,245 112 4357 2034 3197 4221 2831 4179 3036 151 2992 4987 582 3524 1990 1493 962 4964 3778 4565 3116 900 4053 2921 4867 4131 4587 4889 4116 3925
2941400,2921 4317 2831 1321 268 900 420 245 4987 4021 1788 112 223 1493 1337 4131 3198 3782 4053 3675 2034
1388198,1321 3969 2445 4987 2583 2921 847 3163 4926 895 245 1788 2206 4471 4318 4357 2992 1430 2034 3197 3242 420 526 2431 3116 2565
1763479,4554 1133 866 2278 424 683 431 4292 3651 1214 974 1781 2728 1404 2837 3146 14 4758
1682143,1596 2425 1180 4027 2099 4541 4539 3867 1742 3085 786 4558 2424 3574 245 3478 55 630 112
1561151,1001 4906 1861 3830 1219 2927 4139 2879 2928 4514 512 2611 2712 3914 4895 1281 2272 1342 2880 2907 193 2952 4934 210 3067 1066 2470 3542 238 4298 44 4632 3705 129 2250 548 3685 4511 4504 1862 2137 1010 1463 2657 1266 1199 3945 1260 1860 185 900 523 2 4215 3368 4027 4245 745 1574 3931 2764 826 3713 169 3386 1336 2519 1632
710641,324 3776 2880 4423 3678 24 3843 3619 2061 1895 1001 930 4000 1260 3368 1725 3119 3850 1473 2899 2626 3021 129 302 4817 368 210 471 553 3621 3470 4727 745 2766 2276 2245 2483 3494 4586 3420 2969 1928 3919 3914 4027 1636 1960 3587 238
2530934,4942 3421 2644 2119 2957 3579 785 3539 470 3692 4258 1364 1482 4686 1974 3540 2202
2294183,2728 2837 3136 930 4727 3776 709 4558 2956 2425 2025
276169,2728 4539 4541 112 2029 3478
1772152,3148 4727 3136 3450 4587 368 2340 930 4168 3478 305 3651 2034 4558 4302 4027 4221 3875 245 2837 4758 302 3587 1015 3499 867 3776 487
31392,4871 4727 1167 1596 4587 245 1990 4558 3651 3574 4168
1690169,606 1190
811916,424 3946 3062 3502 3136 4850 982 3813 4292
462487,4727 4558 4541 302 3136 3776 3574 3478 2837 3450 24 3148 2728 930 709 3146 2340
2843855,424 3587 3136 4727 3561 2340 2025 930 3554 3946 24 3651 900 866 368
3654826,2603 2600 2992 2921 2565 1990 2583 2445 1321 1742 2328 1430 3365
3813734,4277 1349 1095 4471 157 2439 4183 4791 1574 4216 4677
2141564,2921 112 3136 4938 3085 268
1820335,1525 830 547 4781 4557 4567 1972 1133 2183 59 3435 3221 3136 2525 4560 1666 4486 3675 424 3875 76 4758 1251 1450 3946 866 4542 1321 3773 4337
2950628,3675 1928 1133 2087 4554 4292 3121 3773 2402 62 3371 3489 4289 3009 4857 3514 4106 315 4380 4471 4585 4142 2196 424 685 684 4624 1136
3316627,245 1694 2034 4027 4587 1167 4871 4558 3466 3925 1844 1596 1356 1990 3951 3197 44 4221 3136 4471
3050529,4382 2648 2608 588 705 4958 3614 2344 1569 1429 1028 1339 2260 741 4576 522 3692 995
1047797,4027 1596 2728 800 1742 1844 2425 2921 532 2099 630 4558 245 4587 4541 3917
916562,2728 112 1562 630 4494 247 3696 709 532 3146
3220648,709 3651 3146 4554 431 2837 4727 1133 1404 4558 2033 2728 3675 305 867 2278 2528 2340 3009 245 3371
1246626,4727 4558 3574 302 4871 3148 3136 2659 2340 4027 2728
2858481,2852 2030 3983 4973 2345 361 535 1436 4094 1337 3267 1318 564 1307 2047 1243 1426 2488 1845
91648,2921 1321 4317 1307 895 2831 268 2583 420 4116 1788 787 4021 3925 112
271654,2921 1337 2992 4388 2053 630 4053 3524 546 3036 151 3235 112 1701 361 3242 4131 2668 1990 2414 2692 245 895
1668848,4727 4587 3148 4027 2340 3136 4558 4390 2034 245 4168 930 1015 3916 347 1694 302 3951 1404 387 4298 3478 1356 3776 1395 487 3778 1990 4871 2188 3675 2659 1167 4964 368 3494 44
2109232,2644 4313 2202 1364 4964 358 4876 3485 984 3579 5005 785 362 613 1587 64 1482 3165 4258 4354 3692 754 1252 2727 4686 3275 1068 1879 3829
1417613,4357 245 112 900 3116 4221 4179 4987 2034 4269 2188 3642 4889 962 2992 1321 526 3197 2831 4587
2668380,2351 3499 1742 4727 4558 709 3916 2340 1015 3136 3450 1740 4587 4390 965 4221
1168529,112 900 2831 2099 2728 3478 2034 4027 268 1493 2206 3867 4541 245 4494 786 4053 3495 4317
1572716,424 3136 3946 3554 3062 900 368 3587 2297 4471 4292 3651 4302 3813 930 4850 3478
2162625,2202 2049 2127 3094 4602 2573 4681 2809 2307 4770 2754 2106 3389 1341 871 4258 651 4704 1198 4044 4434 792 1695 4195 2957 1559 2167 4242 591 4825 590 4411 2469 4858 3829 3933 557
2661431,424 3946 3062 4850 982 900 3813 571 2586 347 3587 3277 1099 3136 4302 2297 430 4292 3554
2753191,245 3197 151 829 2992 1990 2099 2831 3917 4027 4179 193 2921 3524 3925 2034 662 4317 1493 112 1694 1395 900 4053 4131 2320 1337 3036 582 4539 223 3778 3198 4964 4221 109
1880069,424 3062 3136 900 4292 2921 3675 4317 3946 430 1321 875 3651 2008 4736 4850 4987 112
985770,3136 3554 424 3062 4292 368 3946 900 930 3651 1321 4727 2837 3587 3478 2297 4471 24 4302
3879895,4587 2034 245 3951 4727 3148 4027 1404 1990 4964 3916 112 2583 3136 3466 4558 4168 3499 3925 900 4357 1015 387 3197 1786 2728 2340 4385 1430 1356 4221
933529,424 3062 3946 4850 900 3813 571 1099 781 2586 430 4292 4302 3136 4471 3554 3277 2297
1543187,2921 895 2030 2992 112 3642 1947 3107 736 4357 3739
1082169,2034 3951 4471 4587 3675 2431 4318 1990 4385 245 1252 450 3925 2583 4964 3778 387 1321 3466 487 1430 3916 4727 778
95992,112 900 2034 2831 4027 2099 2728 245 3478 1493 3495 4053 4587 532 3148 3918 4541 1786 2206 922 3198 4357 786 3867 4727 1501 268 1354
2692900,245 4357 2034 3197 112 4221 900 4179 4987 2831 2992 962 3778 582 4889 151 3116 4867 1493 4587 2188 3036 1990 4317
3215774,1356 3951 2351 709 4727 3916 2340 3675 305 4554 4289 3499 1404 4390
129825,2921 3085 3242 2445 268 4494 3867 1533
2065696,2728 3574 302 4558 1180 4027 4727 4541 3478 2425 2099 786 4539
2388228,3062 3502 3136 3946 1321 4292 4471 1450 4585 875 3277 4758 3675
3299874,4587 3148 2340 1757 245 2728 4727 4558 4791 112 4027 1015 1404 2425
82365,44 3211 4727 1260 3788 4558 302 1672 1463
2930855,2728 2425 4558 4027 3574 302 4539 2099 2100 1180 4727 3917 3148 1293 3478
1319588,2034 4587 4727 4027 3951 245 4964 4871 387 4558 1990 4471 4385 4168 1694 1356 3916
127734,454 4010 4256 3632 1133 1095 1781 4216 1480 3009 4315 4585 3675 3346 845 4624 121 3894 4857 4985 3111 2278
2152256,4292 1133 3062 4554 1164 4757 683 1214 424 1781 866 431 3675 4880 1973 1095 3894 4850 430 4758 578 3651 4585 2501 2278
1610233,1337 1701 4053 4317 1321 875 900 112 895 4987 4357 2831 3242 787 268 4494 2099 2418 2138 2328 4541 3085 297
3880529,4871 4791 714 2534 470 301 3778 450 1742 1015 3300 2565 4964 4487 2431 245 4587 3722 1167 4852 1727 1990 1992 1516 2660 1539 3249 2122 2502 4460 3875 3185
3233053,2921 268 361 2831 112 1337 1701 151 245 3242 2008 1493 4053 1307 875 2407 4494
701485,112 2034 2831 900 245 2099 4027 3867 1493 3478 3495 3198 2728 268 4053 1990 2029 4587 4539
2299400,3136 1133 930 2659 3675 2025 4292 866 1321 3478 4758 1788 1450 982 3651 875 2956 3277 3062 3969 2837
3617593,4583 2651 3979 3675 1095 1133 4500 1388 2439 62 4216 432 2362 4585 1814 1781 4315 1894 3371 923 4142 1788 1480 4380 1782 701 2352 4985 1198 76 1972 4972
2878768,1469 3283 4539 1293 3436 709
3521739,4027 4727 4587 4558 3916 245 3951 2034 4964 1356 1990 3148 4871 387 1694 44 2340 3778 1015 4471 3136 2733 4168 112 2921 3675 2831
179632,736 3909 1629 2992 3115 3739 4987 4973 2515 4357 3107 568 2030 3642 245 1226 297 151 1947 3116 2921 4910 1403 3001 1284 3235 895 4221 4938 4565 3983 2711 1337 4936 4053 2668 112 2034
1381453,424 3946 2340 3813 2297 3062 1099 900 4850 4302 368 3587 571 4560 4471 4727
1762466,1540 2921 4494 1493 4027 3085 532 245 2831 1694 361 2008 2728 268 4317 3917
2433146,3675 1133 3773 62 4585 3489 4292 3121 3062 4554 3371 4471 4142 4624 3946 1388 1450 3009 4850 2196 315 248 763 378 2402 1248 4903 910 4289 1173 4106 2565 2583 2745 424 4113 2188 3969 3514 751 1136 4029 3813 259 4302
728431,4611 4964 3951 2853 2660 216 3185 450 1990 3722 4791 2502 2431 398 714 4347 1727 1474 1694 3863 2146 3383 3778 4320 470 1142 1015
1413607,4587 2431 3136 4471 3951 4964 245 2034 4168 1990 1252 4385 3916 1694 3675 3499 4727 368 1015 3466 487 1568 305 4221 3778
3018508,630 4494 2728 2921 532 361 4664 1701 247 3917 713 268 1337 194 4053 3983
3435689,424 2340 4727 3561 1742 3386 368 4587 900 3478
1946598,159 3439 1559 2353 798 317 651 2669 4683 4699 4971 1537 1999 1411 3792 4611 2106 4044 3829 4433 4078 27 4471 3825 4242 3 4434 1207 3945 3903 350 2202 2401 985 4437
1987921,4584 2780 515 3121 1248 3675 4855 3294 3505 3773 4264 4106 2919 2165 4714 566 4222 1576 1450 4896 3883 1268 4560 3985 2439 730 378 3062 1388 2725 1273 3740 4380 2153 4471 1585 62 4460 2150 2402 3055 4142 1149 2357 490 1972 3277 4900 1098 3159 353 2914
3350159,3136 930 4657 4727 2837 3651 2025 3478 2728 484 2659 4541 866 3776
227238,2921 2831 245 3524 420 1493 2445 2034 1694 2328 361 112 1533 268 1701 630 3197 1337 4027 532
2655942,3146 424 3675 3651 4292 4624 4850 867 2340 3062 2087 3478 1005 1133 2278 1251 1388 3121 4585 3946 2728 305 1404
15452,4554 1133 4541 866 2278 431 974 3651 424 2837 1404 4292 2728 1628 2025 683 3316 305 1251 2340
57166,1544 2685 2382 2053 2921 285 3865 2992 1990 1535 3490 4441 4388
3028392,4871 4727 4558 3574 3404 4168 1180 1596 2728
3383577,4558 3574 4727 4027 4871 3148 4587 44 2340 1596 245 2034 3916 3778 4168 1356
3773739,2921 2600
1665625,1321 4471 895 2583 2431 245 1446 3136 1307 4587 268 3951 368 4357 787 2921 4867
676915,2921 4027 532 3917 1694 2728 630 3696 3823 2746 2831 3495 4494 4541 1395 2407 245 112 4539 268 361 1844 2029 2652
2881178,2728 1540 112 4027 4494 4541 532 4587 245 630 2921 4558
1124523,2425 4558 2728 709
3281984,630 3867 1596 2099 4664 4053 4466 1701 112 4539 4116 499 532 2029 1562 3431 2992
175119,424 3587 2340 4727 2297 3813 3136 347 3946 3554 930 3561
474468,3485 1364 4313 362 4354 2202 2644 358 1587 2658 4964 2134 4876 984
3691458,305 4727 4558 2340 1404 431 3146 3651 709 4554 3675 2837 245 3499 4658 2033 4390 2034 867
1812105,424 3136 3587 2297 3813 3946 3554 347 3062 4302 900 4850 4292 3478 930 3651 368
1836848,2087 4624 3651 3009 2340 4554 866 2278 3146 431 3675 1133 2728 867 4292
390158,216 684 315 3159 4964 779 2508 2697 3829 3863 4627 4385 2146 3371 328 4471 3571 259 829 4900 4855 3916 4320 4289 2431 449 2137 4011 3825 778 1538 4841 3675 62 1252 71 3778 2387 2611 387 1322
3292402,2992 2053 1990 1544 285 2382 2921 4388 2685 3036 1430
1389962,3276 1133 4554 3651 2278 1781 974 431 3675 2837 1095 2728 866 4292 2033 3894
434349,245 3197 3951 4357 2034 112 4964 4179 3116 1990 4168 962 2831 4471 582
683891,709 4727 3776 930
403993,2728 4558 2425 1526 302
588432,245 2034 4587 3148 112 3916 3109 1694 4168 4027 4964 3197 2099 1015 44 4179 3951 4221 4727 1990 2340 4558 3778 3499 1493 1356 301 109 3386 2831 900 2746 1844
1368128,3613 1238 3392 2651 1974 1788 1560 1198 1133
2469121,112 2831 4317 1493 3198 4053 268 245 151 2034 4987 2099 1337 3524 4131 3197 4938 1701 2029 4357 4116 2921 900 2992 3925 1307 420 3867 4027 4565 3235 4021 3782 4285 223 297 1990 2668 3918 3917
2740057,3675 1133 3121 4292 62 4554 4289 3371 3651 709 2439 3009 4585 3062 2087 1450 2837 315 3146 1388 684 4624 2196
1404032,112 245 4494 2921 1321 2034 2831 268 1493
1923429,2831 1493 4317 268 3198 4021 2034 245 3131 112 1321 223 2921 3197 420 900 3925 151 4450 2099 1307 1337 4987 2320 1990 4131 3778 2029 2668 3782 4938 4285 3524 4053
1042627,4357 4987 245 4221 4867 4179 112 3116 3642 2992 4269 962 4021 3197 151 4116 526 4285 895 2034 900
886851,245 4357 900 112 2034 4987 2992 3778 3197 197 4269 4179 962 3116 4116 4221 1990 895
902268,245 4357 3197 4179 4987 4964 2992 2034 4221 112 3116 4565 193 151 4116 3969 4664 1694 1516 3524 361 1798 2921 3642 895
2809978,4964 4471 1322 2431 4179 216 193 2146 4320 3471 2137 1990 3863 3829 1474 3778 245 3951 684 3279 4221 3011 3969 4587
2823625,4539 2424 2425 2728 4027 1180 1596 179 2099 112 4558 3867 55 4466 3574 1469 2029 532
2585877,3675 4554 3062 4471 4292 424 248 305 1072 4289 109 2033 1035 3371 1133 669 4585 2278 315 4727 1095 685 3942 3894 2439 4302 431 2745 1694 1321 4850 430 4200 2196 2188 3554 3146 2501 4757 3916
3318343,2439 3675 566 3450 4857 4907 4106 1928 578 4289 62 1095 3121 1532 1133 1399 4380 684 970 709 3371 2508 3773 3010 3009 2789 4955 3843 4972 1254 315 674 1867 4611 2681 3308 1162 23 490 1510 3129 2402 1781 3514
2879086,4317 1337 2831 2099 1493 151 3524 4053 245 3198 223 4131 2921 829 2034 3707 268 3197 112 3782 3917 3131 875 2320 2599 1701 271 2992 2029 4450 3925 4987 4664 924 1694 3867 4160 1191 420
519826,4334 578 1824 972 1133 2332 3514 795 4013 3675 2919 4136 3833 3013 62 4585 1273 1895 4896 2868 684 3111 1867 414 2127 3894 2725 4292 4458 4857 4755 2439 1198 4840 4380 3505 352 3010 3464 4142 3265 4373 3813 4972 248 3773 1532 357 2328 3121 515 2882 763 3843 496 566 2432
2585333,3062 1321 3946 787 4758 3772 3675 4302 4292 2297 3242 3136 982 347 3651 3502
3713147,112 2831 268 3198 2029 1307 4053 3867 1493 2099 2034 3131 245 4938 3524 3782 4541 55 3495 3478 1501 151 4317 4450 4160
3260318,245 1493 2099 4027 2831 112 2034 55 151 3197 3917 4539 630 1694 1990 2728 1596 4179 3524 2992 2921 4053 3495 3386 3867 3198 4587 109 900 3109 4964 4664 3925 1844 3918 268 3778 44
1965203,2050 2508 3793 3396 116 2469 4855 2972 3689 3536 2391 2697 1574 4258 364 4320 478 4304 4011 3519 217 2725 1935 449 3149 3393 1705 566 1559 1143 1349 2502 2553 2387 450 1937 2977 1172 216 470 4078 4385 62 3916 2780 829 4276 291 4964 4606 1252 909 3829 1578 3169
834650,3276 4658 974 2528 4558 2837 3651
3652622,2728 44 4447 4558 2340 2746 3499 3148 4727 4791 4587 1757
3285161,2921 1742 193 361 2692 4964 3778 1608 2863 4867 2445 1701 3925 3197 2095 4686 3524 2320 1322 847 2814 109 2174 2258 2431 1337 4179 2583 1026 4357 3101 1533 1142 1430 4471 2328
3118186,424 4850 982 781 3062 1099 900 3946 430 571 2586
118415,2260 4447 2655 3499
3212214,4554 3062 424 4292 3946 4624 3277 1133 3478 4302 4758 2501 4850 2087 866 3675 430 3969 1450 59 4029 1321 875 2196 2025 3651 982 1276
1301518,2728 2425 4539 4558 3574 1293 4541 3478 3283 4727 391
155009,4964 3116 245 3951 4471 4587 4179 2034 4357 4168 4221 1321 3197 1990 2188 4867 1694
3915999,1464 1535 2685 1430 1544 2921 4388 2992 4306 1825 2583 3865
425019,4938 2921 1307 361 1701 736 2445 2442 3242 2174 895 4460 3115 4494 4274 1430 3112 2030 847 1788 3864 1742 1226
3262955,424 4727 930 3776 2087 3843 3946
3711547,4554 1133 866 424 2278 4292 3651 3675 683
3182568,4027 2728 3918 4587 2034 2099 3951 112 2831 245 1356 1493 3917 3495 1990 900 3867 4053 44 3148 3925 3109 1395 1701 2206 532 3197 3386 4964 2746 3466 1694 268 786 630 4558 4179 3916 4494 109 1844 4727 4539 4357 3036 1015 1596 3198
2237082,2992 3951 3116 1990 4471 2583 1430 962 2431 4679 2950 245 3109 1321 4987 4179
1097668,2831 1493 2034 112 4317 3198 245 2099 268 420 2029 4027 900 3495 4053 3867 1990 3524 1042 3197 3782 4987 3925 223 1354 151 4450 2599 3478
2580670,1562 630 247 112 1701 1572 194 361 4664 1540 3983 2992 532 2030 4494 3696 4053 713 151 1337 2728 1493 4357 1818 1421
3108320,2992 3642 647 4269 3983 2030 4357 895 4053 4987 1947 112 3036 4116 1701 1307 1421 962
1330287,4727 4558 3574 302 3148 3450 4871 2728 4027 2340
1938456,4964 3951 245 2034 4471 1990 4168 4587 4221 1015 1694 3916 2188 4179 3197 3116 487 3778 4320 582 1568 4987 4385 3109 3499 1798 1516 193
3137899,2565 1742 2123 4871 3121 3675 714 3778 2780 2625 1321 1749 378 3383 931 4125 3969 3002 1015 450 1990 701 470 3615 2240 3249
2678753,2728 4539 1293 4558 2425 4541 112 2099 3574 2029 532
1209858,4727 4558 4587 3916 4168 245 2728 4027 2034 3951 2340 3148 302 305 112 4478 714 3136 4471 3450 4964 4221 3574
2657985,3136 930 424 24 4727 2025 3651 3561 2837 3587 368 3776 2340 3478 2501 3554 2298 3494 3946 4541 866 2659
2642163,2921 245 2831 2992 4317 3197 900 3524 4053 2320 151 112 1990 3925 2034 3198 1337 2099 4179 4357 4987 1493 268 4131
1807816,1321 3675 4987 4471 1788 1450 2583 4021 2431 3136 1446 1430 4318 4357 3062
3822643,1321 2034 2431 245 1788 2583 4471 4318 2831 4987 420 4587 3675 112 3466 900 487 2733 1990 4357 3136 1446
2252778,3951 4471 245 4964 387 2034 4385 3197 3916 1990 4168 4587 1694 2733 2146 4179 582 4027 4318 2583 1446
2419114,4736 2983 875 424 24 3277 3587 4357 1414 900 571 2025 112 3478 4317 930 4987 4259 1321
1272936,2814 3675 4471 1252 3471 2431 1322 4964 2095 1990 2039 4303 4276 1742 1446 450 3951 2583 259 4987 1568 3925 1417 193 3197 2111 2769 4570
1657210,4587 245 4964 3951 2034 1990 4179 3916 3197 3116 4471 387 582 450 4168 4221 3778 1694 3109 2188
2013932,3276 4658 2728 974 2528 4558 2837
2581702,245 4357 4987 2034 4221 4179 3197 3116 112 526 3969
1745284,4441 3865 3490 4306 285 1544
1167478,420 4317 2831 1321 2034 112 2583 3925 4027 245 2206 4471 3197 4357 3951 1307 4987 4318 4587 2320 1990 387
2808725,2921 361 1818 4231 2852 3267 4607 219
1093378,4554 3651 1133 3675 3146 3009 709 1404 867 2340 2837 4727 4624 2087 2528 2033 3371 2728 4558 4292 4289
1114358,2921 4987 2992 4357 4179 4867 2008 112 895 900 1990 4221 245 4317 3197 2320 2582 297
3905197,1293 4558 2728 112 2425 4539 4541 4727 1469 3478 3574 3283 2298 24 2099
1170630,245 2034 4587 4221 4727 3148 3916 4390 112 1015 4027 3197 1694 3466 4168 4179 4964 3951 1990 3778 1742 387 4357 4558 2728 109 2340 3450 900 3587 1356 487 3136 3478 3109 2732 3651 1844 2188 3499 1404 930 3918 2099 24 4871 193 2081 3386
1539081,4727 2340
3687220,4554 1133 4292 3675 4585 4624 3062 424 4850 3489 3773 982 2402 3121 4903 62 3946 315 900 1248 3009 763 4113 347 378 4106 4424 1928 2196
2070268,2034 245 3197 1694 387 2733 1990 4964 2831 3951 4027 3916 582 4385 4471 112 1446 420 3925 1395 4587 2146
3444765,3062 3675 62 4292 4289 1450 2402 3277 3773 3121 2196 1928 248 1321 1133 3371 1577 3883 4585 3946 4106 2565 3010 4554 1173 709 368 4896 4471 751 4855
1800903,3062 1321 3946 1450 4292 3136 3502 875 4758 2565 368 3277 4317 4471 900 1788
3409855,4727 2034 3136 4471 4587 4964 4385 2431 1990 245 305 1404 368 4558 3951 1694 3675 2865 3146 3651 3371 487 3778 1015 3916 4168 2137 2733 3450 4641
2225807,2034 3951 4964 4587 4471 1990 4385 245 450 2583 3925 387 4027 4318 2733 3675 2431 1446 3778 1694 4727 4168 3197 3916
3004926,2831 1493 4317 420 2034 3198 3131 3867 4027 2099 268 2029 3524 2599 3925 223 1990 3782 245 3495 4987 112 3386 4053 1042 3478 1337 3778
1660704,1337 847 2565 1321 2921 787 2445 895 4494 3242 361 2206
842899,2921 2445 3969 1321 2565 847 3062 3675 4987 895 3163 3242 2328 2583 361
2191004,2831 112 2034 245 3197 4027 420 3198 2099 3925 4317 151 1990 900 3918 1694 2029 4053 4357 3524 3386
2574395,3675 578 3371 2439 4289 2431 2402 62 3450 1928 1095 3062 248 4292 3514 1628 1788 4380 2328 4907
1867850,1321 787 895 4987 1788 4317 1307 4357 3242 2583 4021 1701 3969 2445 361 2921 3675 1450 1446 245 4471 4494 900 4053
3680540,3951 4471 2034 4964 4385 387 1694 1167 245 3916 4587 1990 4727 4168 4027 4558 2146 1356
1415219,2728 1596 2424 2425 3917 4539 4027 4558 1547 4225 3137
378587,424 3062 3813 4850 3946 982 1099 4302 781 4585 3587 4471 2297 3136 571
2142197,4471 245 1990 2034 3675 3951 2431 1252 4587 4964 4318 4385 778 2583 450 1446 3925 3916 3136 2769 1321 4987 3466
2237139,4550 4964 3829 4570 1854 4258 2153 4855 3020 4783 1838 785 3388 1652 470 157 3995 3625 4606 449 4923 4852 706 1694 64 3951 1674 523 2207 1207 4579 4320 3861 1737 3499 4078 145 1252 450 1349 4593 984 4475 3534 2146 1992 4083 1151 1052 3274 3249 551 457
2983405,4964 4168 3916 3951 4587 4471 2431 245 2034 1252 1694 3675 1990 1015 3499 1568
326375,112 245 2034 900 2831 4027 3197 2099 1493 4587 3148 4964 3951 1990 1694 44 4357 3916 4179 109 4168
3019010,4256 454 2710 2793 3518 1781 4216 3125 4985 4972 3675
3487592,4558 4727 302 3574 2728 4027 3148 2340 1180 3478 4587 3450 4168 3136 4541 4871
2687195,644 1224 3233 3003 4985 2022 4875 2214 522 1162 4216 2793 1753 2466 1668 3965 2710 4972
3120898,630 2728 1596 4539 2921 112 4466 532 3867 2099 2425 4027 2992 245 1180 4664 4558 4225 1562 4053 3109 3917
79733,3197 1694 4964 4221 193 245 3853 4987 2337 4179 2034 1474 4056 3379 4357 4471 197 3116 2863 3778 4926 1035 582 470 2211 4027 3195 3101 1798 4587 3969 4565
1624498,3951 4587 2034 4964 1990 245 4471 3916 487 3197 450 4221 4168 3136 3778 4385 3675 387 4320 3925 3466 1015 1694 4727 4179 2188 4390 2431 1252
2264865,2921 2328 4987 245 4357 2583 1446 1321 2831 1897 112 151 2992 268
590036,112 895 900 2099 4357 2992 4053 4116 4664 2034 2029 3642
192467,2992 1430 1990 1464 2685 1544 2382 4388 3036 2053 2921 962 2583 1825 3109 285 3778 2431 3951 4179 1185
2439632,4587 1252 245 4558 3675 2728 1289 1742 3951 2340 3146 1015
928389,116 4611 3033 3396 1808 2999 2431 4693 1176 2153 1731 321 1591 1935 2620 4855 162 1430 4460 450
1569688,4558 4727 3574 2728 3148 4027 2425 2340 2099 1180 4541 4871 3478 4587 44 245 1596 3917 3136 112 2034
881309,4727 4871 3574 4558 1628 3450 4587 4168 3136 3651 1694
3361353,245 4357 112 4987 2034 4179 3116 4221 2992 3197 4565
2598350,3574 4558 4871 1180 2425 4727 1596
969591,2697 2853 4714 1731 566 2439 3675 1935 128 1574 4611 450 3393 4855 1898 3156 3121 4140 2153 2431 4471 490 808 1808 1810 4289 3722 2780 3863 2508 454 684 3829 4837 1080 3519 62 3396 4984 4305 3354 3301 3159 2725 3371 3210 1252 3355 4545 1083 4876 4106 2977 22 918 3883 523 1268 515 2709 3793 2366 2462 4952 3951 3585 4333 4303 2894 3101 1510
1728425,2431 4471 1321 4318 2583 2565
3726762,3109 4179 2992 3036 2095 4964 1185 1990 193 3951 2950 2053 2188 4221 245 3197 4587 4867 3116 3778 2594 4357 109 2382 2921 1322 3863 1544
1461902,895 4357 2992 112 4987 962 3642 900 3107 2188 4179 4317 4269 4053 4565 3116 4867 4116
1853385,1387 4762 3094 644 2994 2003 3196 2793 221 1668 1138 4681 1341 1832 1753 2214 4242
3414565,3276 2837 2278 2728 3651 2528 4554 4558 1503 4658 431
626607,4727 4558 4027 302 2728 2340 44 3574 4587 3148 3916 4168 4871 2034 3450 1180
3266773,1230 4587 2423 3211 4027 1990 3951 816 3197 44 387 420 487 2034 3778 1404 701 3466 900 3925 2320 1694 3148 4727 829 1015 2185 245
1284132,2992 2921 1990 2053 2600 4306 2583 3865
3168405,4494 847 3925 3197 2582 4987 1742 361 245 900 1701 1337 2095 4357 2728 4867 4221 2320 4590 4471 3036 1990 4053 3210 2921 4317 4179 4964 2565 2008
172477,3062 3136 424 3946 3554 900 4471 368 4292 4585 1321 1742 3813 930 3651 4302 4850 2297
3414642,2728 4558 302 2425 4727 3776 1526
3597640,420 4317 1321 2831 895 136 3406 2008 1788 4987 112 4021 1307 900 2320
3545571,4964 4320 3185 1015 4791 3916 3951 1516 216 3778 1694 470 1990 4347 2431 1883 4611 2384 4587 3002 4179 2660 450 1798 3383 1252 2853 449 3825 916 387
2271239,1015 4964 1694 4400 4320 2146 829 3916 1990 4179 2746 1757 4791 450 245 4587 3951 109 4221 2122 216 449 3778 193 4811 3863 582 315 3197 3185 1798 1516
3202523,3136 4727 4587 4558 2340 3675 3148 368 930 4471 2837 2034 4027
870485,2439 4972 4857 1095 2049 1133 2362 3276 792 3675 2202 221 2352 4602 162 2573 970 4858
3587762,4539 3283 2029 1469 1293 3436 2397 709
2080407,4317 2831 1493 420 223 2921 4131 268 2034 3524 3198 3925 3131 2099 245 4021 1337 1990 4987 3782 2599 2668 112 2320 2029 3197 4053 829 4450
3063452,2034 245 3197 4027 4587 112 3951 1694 2831 1990 4964 4987 4357 4317 4168 4221 420 3925 4471 4727 4179 487 582 1395 109
3325727,4727 4558 302 3574 4027 3148 2034 4871 44 2728 3916 4587 2099 1356 3386 2425 245 3951 2340
2722616,4471 1990 3951 245 315 4587 2431 268 2034 1252 2831 4541 2328 1701 900 1446 3778 3916 3675 2984 4027 4317 1742 2921 3471 4964 2095 1322
2033243,268 1321 2921 4317 787 4987 4021 900 2488 112
1229988,4727 424 24 3136 930 3587 3561 3776 2298 3554 2340 368 4471 3651 3450 867 3478 2728 4302
2874168,2728 4558 2425 4727 3574 4027 4539 302 2424 2340 3148 3478 2099 3386 2100 4587
3389516,4587 245 1252 3951 3969 4867 1990 4471 4964 2034 3136 41 3466 487 3778 1694 1404
128741,2214 2260 3567 1569 2661 4382 4576 4958 4611 522 4359 3692 4704 2648 644 3183 588 4242 4897 4684 4848 4478 1580 2150 3165
3564267,3230 1853 4965 2014 3764 3623 4338 3099 2214 1849 1518 3082 4258 4169 1439 741 3528 874 4875 1207
829274,2921 3085 875 2025 3136 3478 787 3242 930 112 268 368 4938 2008 1321
1132098,112 361 2921 4116 245 4051 2992 1337 4450 2831 4987 3524 4357 3242 4565 4053 1493
578482,3136 3675 4587 4987 1321 4471 3951 3778 4727 2034 2188 245 4964 1788 1430 1990 4357 4758 2583 387 4027 3116 3197 930 4871 4318 3916 450 368
48739,3198 2831 2029 4317 2099 3782 112 4021 1493 2034 3867 1307 4053 245 4938 3524 4131 2668 4539 268 420 3131 223
2796053,2728 4541 3574 1293 4558 2425 4727 2837 3478 4539 3136
1171708,1321 4987 4471 4357 2583 895 2431 1701 900 4317 1788 268 4867 112 420
2103781,4587 245 3951 4964 4179 3421 1990 4221 3778 1321 3969 4357 2583 2950 526
2672913,1782 578 4972 1480 2439 1781 792 2789 4216 4907 4985 4380 566 432 3450
1524661,4987 1321 900 112 4317 245 2034 4357 3675 2583 895 268 420 4471 2831
771022,1321 3136 3946 3675 1450 4758 4318 4292 3772 4471 368 3502 3062 2297 930
400481,2831 112 245 4357 900 1321 3036 4317 4269 2188 151 4221 4847 3478 3642 2034 4179 4987 3116
359596,2445 801 2921 1818 361 1701 3242
1722489,4587 3916 2034 4964 3951 1015 1694 1356 4727 245 3675 387 4168 4558 1990 4027 3778 2340 487 3136 450 4385 1395 4320 4390 3148 4221 2746 3197 4471 4179 2137 2733 582 2146 1167 3450 3466 829 1252
827090,4964 3951 4587 1990 3916 245 2034 4168 1015 1694 4179 582 4221 3116 4471 3778 3197 4320 3109 4385 450 3499 3675 2733 2188 1798 4570 1516 4867
3901789,4027 4558 2728 2425 2099 3148 112 4539 3386 4541 55 2034 3137 44 302 4727 3917 3574 245 2831 786 3495 3478 4587 4
3328140,424 982 4850 900 3813 3062 3946 1099 781 866 4302 2297 3136 2586
2781249,3951 4471 4964 1990 2431 4587 450 2034 3916 387 3778 4318 2188 1694 245 4385 3136 1252 1015 487 3116 2697 4320 4889
3462491,2793 4266 3094 1753 4975 2997 4799 1668 1108 2466 1964 4216 3780 3518 2200 3099 3922
2859252,2728 4027 112 3478 1596 2424 2921 4727 268 2099 3495 786 787 3867 245 2831
3198808,424 2340 4727 3136 3561 3946 3587 3813 900 2297 930 3478
150977,4736 1321 4987 875 3062 4317 3277 2983 900 1788 3946 4357 4292 2025 1450 223 3136 4758 3675 424 347
2492290,4558 2728 4727 2340 4587 1757 3499
3643028,424 4727 3136 4541 24 2298 3776 3651 930 3478
1873508,3136 930 3651 4727 424 2837 2025 24 3561 3776 3587 368 3494 867 3450 2340 3554 4541 3675 3478 2501 2659 866 2298 3946 4292 2278
1246032,3567 4611 2260 4382 1569 2648 522 4958 4848 4242 2661 4576 2214 4359 627 588 3692 2625 2608 2150 871
627737,1293 2728 4558 4541 4727 3776 3574 3478 4539 24 3283 2425 709 2099 302
1594545,2921 1990 245 3925 4587 3778 2583 4871 1825 3651 1321 2831 3951
224866,1364 4313 2644 358 4964 3485 984 2202 362 4354 4876 5005 1879 754 2658 1587
1781401,2728 4541 3478 2837 112
691965,4558 3916 4871 4587 4727 1356 1167 4168 3574 1694 1015 450 3951 387 116 4478 4027 1990 3499 2732 2431
2394695,1321 4317 895 787 420 4494 4021 1701 3782 3242 3085 1337 4053 2831 1307 2921 361 1788
2126983,4587 2034 4964 3916 3951 1990 1015 1694 1356 450 4558 245 387 2894 4027 4168 3136 487 3778 3675 1395 829 2137 4727 3197 4221 4385 4179 2746 4471 4320 2340 4390 582 3148 4841
2190248,1321 3062 4317 2921 268 875 3675 900 1450 2814 3242 3502 3946
1246761,4266 4216 4857 221 3780 3233 3125 3094 4376 2710 4985
2811998,4554 1133 866 3675 3009 3651 2087 4292 431 2278 1781 2837 1308 2196 4624 2340 3371
2217071,4871 3574 4558 4727 1596 4168 4027 1180 4587 2425 1628
1707572,24 424 3021 2501 3619 4850 930 1636 3678 3946 3776 1725 4000 982 430 781 2506 3420 3587 3843 4029 4292 324 248 368 4807 4554 1099 4302 1928 2880 2905 3062
3287583,424 3946 3813 2297 3062 3136 4850 4624 982 4471 2586 3554 3587 1099 900 3807 4302
3729189,1133 4554 866 2278 431 974 4541 4240 424 4758 3675 1788 4292 4471 3651
2172873,2600 1990 714 2583 2431 4471
1622064,2992 1990 2053 2921 1544 2382 285 4388 3778 3036 1430 2685
574267,1928 2501 424 3776 4727 930 709 2964 368 305 2158 3843 2433 24 2033 4554
3506790,112 895 1321 900 2831 2206 2583 268 1307 4357 245 1430 1042 4317 4494 2034 2099
560611,1321 4317 3406 895 4867 4021 4987 1337 900 2583 4357 2831 4471 2320 420 245 1701
2320834,1615 3358 3186 302 2927 2716 1034 3899 4311 1301 44 1001 4727 1495 4139 1180 4092 1463 4192 3776 3450 3296 4350 548 4424 1418 3796 3446 2272
2476375,4624 3675 4554 1133 3651 4292 3062 4850 3009 4585 2087 867 3146 4302 866 3371 1450 1321 3969 431 1388
1563946,3951 1990 2431 4471 4964 1252 3471 3778 450 2039 2034 4385 2697 1208 398 3916 2583 1417 2188
120782,424 763 685 305 3843 2501 2278 3514 4200 2262 3476 3894 972 4641 684 454 4458 248
116148,2034 245 4964 112 1493 4168 3197 4179 2188 4357 3951 1990 4587 3116 4987 1694 2831 3916 109 4221 3778 582 3499 900 962
2754844,4306 2382 1131 3865 671 3490 4441 2487
3723583,4317 1321 2831 2921 420 4021 1307 3782 895 1788 112 2583 268 4131
34610,1990 3951 3109 2992 4179 3778 245 4587 193 3036 4221 3466 4964 3197 2034 2921 1544 2431 450 3925 802
138117,3574 1293 302 4558 4727 4541 2425 2728 3283 1180 391 24 3478 3776
2703819,116 4471 2431 450 3951 4964 3471 2984 1990 3916 3020 3371 2660 4162 1167 4841
1323363,3062 4292 3946 1321 875 3277 2586 3136 4317 900 3675 4987 1788 1450 3502 4736 2008 368 2025 430 223 4758
394863,2921 1544 4388 285 2685
2668553,4871 4587 4027 3778 245 3574 1596 4558 44 1694 4727 1742 2034 4964 1990 4168 3916 3450
564747,112 900 245 1321 2034 4357 2583 4471 2831 962 4318 1430 4317
1585753,2034 245 4027 2831 1694 3951 4964 112 3197 4587 1990 44 3916 1395 2099 1493 4727 2746 1356 3917 3778 4168 387 4558 2733 582 3148 3198 1015
2859969,1133 4554 431 3651 4292 866 3675 2278 2196 4758 3371 305 2837 2340 3146 3062 1095 3554
1377556,787 1321 268 2418 2921 1701 1337 361 2138 3242 3062 1307 875 4494
1079096,4727 3148 4558 4587 302 4027 4871 2034 1356 3136 3916 2340 2659 2728 44 3951 3574 245 1015
333663,930 2025 3478 875 3136 3651 4541 2837 2728 2659 2921
1096626,112 1493 2831 2099 2034 2029 900 245 4317 3867 268 3197 3524 3198 3495 151 4053 1042 3782 420 4027 4539 1990
1754085,4541 875 3136 2008 424 3062 368 3478 900 4317 112 930 2728 430 3946 2025 3085 1321 2837 24 571 4494 268 4292
67617,4382 2108 705 1741 588 3934 2608 1234 995 2648 2344
140077,4611 4964 3951 2853 1474 2431 1990 4471 3185 3863 450 216 398 714 3722 3383 2502 3778 829 701 1539 4179 3597 4320 4791 1430 2146 1142
2395966,4341 3776 2913 2061 4178 424 471 3565 4727 0 4200 357 472 1405 4558 430 176 4721 1249 4000 3368 3587 3414 3850 2501 1603
752278,245 2034 4471 112 2831 4587 1990 1321 3951 4964 387 900 2583 3197 4318 1446 3925 4317 4385 3466 2188 4168
228014,4727 2298 3651 3136 930 4541 2025 4871 1628 3478 1742 3574 1180 4558
1031128,1321 2921 2583 4021 1788 2445 2431 4987 4471 1430 895
3844699,112 2831 245 4357 1493 2034 900 4021 4987 1321 3198 4317 962 922 3197 3778 1990 420 2583 1354 2992 895 3524 4116
3004293,424 3946 2340 3062 3813 900 4850 2297 368 571 3587 1099 4471 3136 4302 1742 4727 347
14814,3916 3951 4587 4964 1694 1015 4168 387 1356 4320 450 1990 4727 2034 3499 3109 2746 3778 245 2137 4471 3116 4871 2431 4558 2146 4221 4179 4385
3436630,424 3136 3062 3946 3651 4292 3554 3813 930 4471 4850 2586 4903 4585 3675 368
74443,3675 1133 3062 4292 1388 4624 3121 2196 4183 62 3651 2087 3773 3371 431 4758 1450 3969 4585 3146 1321 4850 4142 344 378 4289 1788 3946 867 3009 866 4113
1333371,2210 201 644 4875 1282 4471 806 2661 1382 495 317 1915 2997 2713 1431 3068 1582 1925 1347 2786 1831 4947 2643 1580 2687 2568 1523 3061 4678 1162 4501 3816 4216 3780
201705,1133 3675 4585 424 3489 4554 315 3009 4850 4624 2087 4292 3121 1248 3773 1136 2402 1928 763 3371
2690036,424 982 866 4850 3946 3062 3813 3136 900 1099 4727 3587
414613,2728 3478 4541 2425 4539 4558 4727 1293 2837 2424 112
1932899,424 4727 3136 24 3776 930 3561 2837 3651 866 2025 3587 2298 2501 2340 4541
115757,3276 4857 2793 4972 1095 2466 4426 4807 1718 1657 912 4869 1198 1839 4636 3632 1909
1648102,3276 3651 1133 974 2837 3675 4554 2278 1781 4658 866 2728 1095
1218341,1544 2053 1990 2382 2992 285 4441 3440 1430 3490 3865 2685 1464
1244954,362 1364 4354 2644 4313 2202 2134 1536
767047,245 2034 2831 112 1493 3197 900 4357 2320 4317 1321 420 3925 4450 2583 4021 4987 268 1990 2992 3524 895 962
2028133,245 2728 4027 2034 1493 2831 2099 112 3925 1694 1990 3478 3867 4587
687929,245 3918 112 4357 2034 4587 1596 4221 4027 1742 4179 2099 3109 3036 2950 4871 1844 3478 3778 4116 3197 4353 4727 2081 1180 109 151 1845 4053 1701 2831 4168 2992 3925 3951 4558 2188 3421 4964 4390 2240 2298 3495 4664 1990 1421 3386 3148 55 1446 4541 3875 962
2565111,1321 4317 4471 245 112 4318 2831 420 1788 2583 2034 4021 136
1679973,157 2049 4699 4683 118 2202 4246 2391 4044 1068 3921 4602 1574 4611 2127 448 2669 2106 1194 3829 1784 1090 2353 1977 4876 566 2458 1086 557 3511 4411 4242 4258 4759 2502 1621 4095 4471 4195 4858 4434 1686 2573 1580 1046 4947
1354895,4269 151 1307 4357 112 3642 245 3036 4221 3116 4179 2992 4938 2831 3983 2188 1947 297 2668 4987 2034 4565
2405109,2279 3379 44 4139 4895 4514 2927 2272 4906 2880 3899 858 1201 2519 3853 2611 4179 193 3705 1694 900 3836 3397 2527 3197 1269 2928 4587 471 4027 1001 302 4056 2193 1301 3776
2936769,875 3062 3242 268 1321 3136 4317 4494 1701 1337 368 3675 3946 2921 900 2565 2328 787 4302 2418 1450 3085 2008 4053 571 3478 2138 4292 361 430
815801,1321 3062 875 900 3675 4987 1788 4317 2921 4292 3136 1450 3969 3946 2008
1320258,684 3 3675 3129 315 2824 3829 71 829 4437 2894 640 2508 1648 4242 1095 1538 3825 1559 292 490 3916 3945 3238 2617 3265 4587 1965 3471 4841 2651 4799 1322 4907
2160212,112 2034 2831 3198 245 1493 900 1321 2099 4317 4021 1990 3131 2029 4027 4587 268 3782 1307 4450
3565354,3675 1133 4857 2439 3371 3121 3009 3651 315 62 4289 4554 4585 1388 2196 431 3489 4292 1781 684 2528 3111 3773
2866485,4558 3499 4587 4791 4727 1757 3136 2956 709 1694
1476341,112 2831 245 900 1493 2034 2921 2099 1321 4357 4317 268 3782 895 3478 420
2563416,4871 1596 245 4587 3651 4727 1628 2921 1990 4168 3951 1180 4027 3574 2034 4558 1167 2267 3778 3925 3916 4478 1694
1060120,2260 4447 2655 3499
2517798,424 763 685 3843 2501 305 347 3476 2061 1633 2262 4458 3946 539 4200 4850 2278 3894
2846588,709 3776 2728 4727 930 3136 3146 4558 2837 302
2416685,4317 2921 2008 3131 2328 2831 2320 268 2599 223 3406 381 4541 2814 315 4987 3917 1337 4494 2728 4450 3925 1990 4027 875 420 1742
515031,1133 4554 3675 3651 4292 866 2196 431 3371 1781 3062 4758 4624 2837 3009 2278 4585 378 3121
3349643,2728 112 2099 4541 3478 532 268 900 4727 786 4558 4027
2035683,4727 3136 4587 368 4471 1404 2034 3675 305 930 2431 4385 245 3778 1321 3371 3651 3951 4558 487
1828699,144 1095 3675 1133 1388 1013 378 4142 4758 4315 62 3773 3121 76 4183 1321 3371 2271
1180720,112 2831 900 1321 268 2034 3198 2206 1493 1307 2583 420 245 4021 4317 895 2099 3925 2029 1786
2407003,2728 112 3478 245 4541 900 4027 4727 268 2034 3136 2831 2099 2837
2713138,2034 4587 3148 3951 3916 4727 4027 245 1356 4964 1015 1990 4558 4168 44 2340 3197 3778 387 1694 3499 1395 4221 3466 1404 4871 4390 487 3136 302 112
1745954,3951 1990 450 4964 4587 4179 4871 802 1568 245 1694 3916 4221 116 1356 2034 3499
3465060,4554 2087 4292 4624 3675 1133 424 3651 866 2340 2278 3009 3146 2196 867 3062 4727
2090641,4727 4558 3136 3450 4168 3148 3776 2340 4027 4587 4641 1167 387 3916 1694 368 4871 302 930
3598412,112 2831 2034 245 900 1493 3478 268 2099 3867 4027 3198 4053 3782 3495 1990 2921 4987
2184831,2728 2425 4558 709 1547 3137 3917 532 4539 3696 4322
2976210,4471 3136 368 245 2034 3675 4587 1321 112 4317 1694 387 4027 2188 2831 1990 3951 3197 420 4964 4758 4727 3450 900
3580205,4558 4727 3574 302 4871 2728 4027 1180 2425
3711423,3276 974 4658 4857 3651 4554 4558 1095 305 2278 3003
1638375,2992 1990 4179 1544 2053 3036 3109 2382 4490 3116
1254132,3675 2095 3197 4303 4987 582 4394 1990 2692 315 450 1742 3925 2814 4471 2431 2034 259 4867 245 688 4964 829 2320 2583 3778
155198,4021 2921 4471 1321 2583 1337 4867 4987 2992 245 3036 3778 1446 112 4357 268 3925 4318 2565 1430 962 3675 3197 4889 2831 4221 3951 1990 4116 2963 900 4179 1701
3381623,2728 4558 302 4727 3574 2425 1293 2099 4539 2100 3148
1305379,3574 302 4727 4558 4871 4027 3450
1305528,424 3136 3554 3587 2297 4292 900 3946 3651 4302 368 3813 3062 930 347 4471 3478 3675 2340 2025
2457877,4554 1133 3675 4624 3489 4585 424 2402 3773 4292 3009 4850 4106 2087 3121 3062 1248 315 4903
137790,2278 3276 4857 2528 538 2793 1694 1095 866
477088,1493 2831 3198 4317 3782 2029 2099 112 2034 3867 268 3131 4053 4021 3524 1307 420 1042 223 2668 1337 4938 3235 4450 4987 245 2599
1030492,112 245 1493 2831 2034 2099 900 1990 3197 151 268 3524 4053 3198 2921 3867 4027 2029 2992 3782 1694 3925 3917 4964 4317 420 4587 3386
1045803,2425 4539 2728 3436 3283 1293 1469
3340544,4964 2583 2095 4867 2801 4471 3874 3969 1430 4987 847 4179 4357 1026 197 1322 3116 2431 895 4926 2047
328265,2793 1668 2022 1753 4216 2214 4716 1198 2466 1909 3003 4985 874
3900639,3276 2837 2528 974 4658 3651 2728 4558 4554 2278
3344854,3499 4587 4713 4964 1757 3951 4727 3916 4791 245 2562 2034 3988 1172 460 4558
2741410,3062 3675 4292 1388 1133 1321 3969 1450 4758 4850 3814 4624 1788 62 344 1251 3946 3371 4142 3773 4585 3121 378 2196 3277 59 751 4471 4113 2586 4289 966 4302 4926
1705876,4587 4558 4727 2034 245 3916 4871 4027 1356 3148 44 3499 1694 3951 1990 4168 2728 4964 1015
971462,112 2831 245 1493 2034 4357 900 4053 1321 136 420 4317 4987 4021 4450 3197 268 3131 151 3524 1354 3198 4867 895 2099 1307
2352839,245 2992 4179 2099 2921 3109 630 112 3197 1493 2034 1990 4539 4053 193 4664 4587 3524 3036 151 3925 1694 4357 4027 3778
3700954,1321 268 4021 1307 4317 2921 4987 112 1788 2831 4938 3782 900 245 3198
1979946,424 4727 2340 3587 3561 24 866 3776
3676448,112 1307 1701 3867 4053 2029 268 4938 3235 2030 895 1321 3198 3782 3242
1008376,4558 3574 4871 4727 1180 2425 1596 3404
1007709,424 4727 4541 24 2728 3136 2340 930 2837 3478
2395367,2831 112 1493 2034 245 3198 900 1354 4317 4021 2029 4987 151 2099 3524 268 3197 1042 4357 4450 420 4053 3782 1990 1321 297 3925
1134291,4558 2728 4727 3499 1757 4587 3148
321386,4587 3951 2034 4027 4727 245 3916 3148 1356 4168 4558 4964 4871 2340 1990 44 3778 1694 1015 1395 4221 387 4390
2262881,2034 3951 4587 4471 4964 4385 245 1990 3675 4318 487 3466 387 3925 1252 4727 2583 2431 3916 3197 4027 450 2733 3778
2468928,2034 4587 4964 3951 4471 245 387 3916 487 3197 4385 1694 1990 4027 2733 1015 582 3466 4168 4727 4179 4221 4318 3148 3675 2188 450 3778 3925 2732
1436296,4541 1180 1596 3085 3478 3867 2099 1742 268 3651 4027 3574 2425 2424 2921 4727 1628 2298 245 4558 786 4871 361
3007853,4871 1990 3778 3574 245 1596 462 3951 3925 2034 1628 4587 2146 4964 4027 4727 3916 2583 4168
3209389,2921 4541 2008 2728 881 268 3136 3666
3288280,1337 2921 151 3524 4053 3198 2992 546 2668 1493 2831 3235 630 1701 4131 4938 4160 3867 268 3681 4565 4664 245 112 2160 2099 420 1307 4987 3707 662 2029 3131 3782
3150286,4583 1082 3453 1095 4471 1964 2352 2651 1264 2948 538 1133 1814 4142 4216 3233 4254 1388 4415 3371 62
3881995,4539 4541 4027 112 2728 4727 4558 3478 2099 3136 532 3867 2029 24 2831 1844
2159830,3675 1133 3773 4292 4624 3514 3489 3062 910 424 4554 1928 2087 3121 685 1248 4585 2402 3009 982 1136 4850 62 3371 4106 3813 4896 315 3894 4613 4903 763
2343178,4318 4471 450 1990 245 1321 2034 2583 3951 4964 3778 3197 1430 3116 3925 962 2188
571058,866 4554 1133 2278 431 424 2728 2087 3651 2837 4292 3675 4541
2714250,4223 4634 4129 1782 578 2651 2095 4964 3371 1299 4320 3128 3675
2959293,4871 4727 3574 4558 2728 4027 1596 3450 3916 1356 4587 1167 245
3810688,3082 85 2202 651 2754 2106 4875 2022 3094 741 1431 522 3099 3089 2957 3196 1753 3233 1138 1198 1496 1439 2756 3079 4570 254 4258 4519 4964 2661 2214 1207 3247 1909 1668 1568 2588 3987 1580 2809 4471 4576 1695 1992 4216 4169 2049
1659961,2728 4727 3776 2837 4558 709 1289 930 3136 3148 2659 3146 302
1713657,2728 2425 4539 2424 4558 4027 3574 4727
798173,2034 245 4027 112 2099 3148 2831 900 4587 3197 44 2728 3917 1493 3918 1694 3951 3386 1990 4727 4357 1356 3495 1395 4964
2695027,112 2034 2831 4541 245 1493 2099 3478 4027 268 3136 4727 900 2728 3867 4053 2029 3198 930 55 4587 3386 3495 4317 786 4987 24 1501 1404 4357
3186454,4388 1544 2992 2685 2053 2921 2382 1990 3865 4883 285
2030427,2625 2600 4964 1990 2660 4871 4791 2431 3951 4493
1821277,1493 3198 112 2831 2034 3524 151 245 3131 4021 2029 2668 3197 4938 4987 4053 2099 1307 1337 3782 4285 4317 4357 4736 4450 268 3867 223 3235 3778 1354 297 922 662 2599 4160
741566,4554 3062 424 4850 4624 4585 900 1133 3675 4292 3969 1450 4302 571 3277 62 1321 2565 4357 2196 3146 3371 1388 3478 2087 763 875 3773
64955,2728 3696 194 1562 630 2425
365026,4587 3916 3951 2034 1356 4871 3778 4727 44 4964 3499 4168 4320 245 3148 1990 387 1694 4027 1015 450 2746
1076776,2921 2445 1321 420 2831 245 1533 1788 2583 2328 4987
2657404,248 424 24 1636 3776 930 3420 4029 1928 4850 324 4489 2506 982 3843 315 2905 781 4424 763 3946 2501 4471 3587 4302 4180 2224 2798 2899 4292 4648 3702 430 109 3163 209 368 4390 2402 1099 4613 4373 3021 4926 3433 4641 3277 518 1725 1694 4560 910 2745 3675 4377 1761 387 3833 4011 4000 3075 2974 1239 3851
1757791,2099 151 630 4539 112 3917 4664 55 4027 1337 245 3524 1596 3867 2831 1493 3197 4179 4053 4357 2992 2034 2029 3198 1562 4116 1844 109 1990 3036 4317 3495 2921 3782 1701 3707 3983 3925 4131 924 4221 582 4565 2424
405880,112 2831 2034 4027 2099 2728 245 2029 900 1493 3867 3478 268 3198 4541 4587 3925
397722,4987 3969 4357 245 1321 2921 2992 847 2034 895 2445 3242 526 1788 3115 2583 3163 112 4221 3197 420 2515 4998 4021 2831 1430 197 4471 3116 3107
2029288,2034 4964 4587 1990 3951 245 3916 1694 4027 487 4727 2733 4385 1356 3148 3197 1015 3778 3136 4320 387 4471 1395 450 3675 2340 44 4168 3466 3925 4558 2188
546714,3136 424 900 4850 3062 3946 3554 3813 2586 4292 368 3587 781 1099 4471 430 2297 4302 4903 1321 3773 571
2695424,112 4357 245 4987 2034 2992 3116 2831 151 4269 3642 3197 4179 4221 4021 900 1493
2494367,4727 2340 930 4558 3574 3148 2728 3136 424 4871 3478 2298 2659
3296288,3450 4871 1742 4727 245 4587 3574 1628 3778 1596 368 4558 2298 4027 2034 4168 3651 4302 2188 1694 4458 1990 4964 4471 4221 918 3478 487
1632378,4624 431 3651 4554 2087 3675 1133 866 4292 3146 3062 3009 2340 867 3946 4850
1220404,2992 1990 2921 2053 1430 3036 2685 3778 4179
169394,4554 424 2340 4624 3478 3946 4292 2087 1005 3651 900 3146 866 1404 4850 2278 3675 3561
645884,2992 4179 4357 245 3116 2950 3036 4269 3365 4679 4221 4987 2583 2053 2802 92 193 714 1990 1798 962 2594 112
686883,245 1493 2034 1844 1694 112 2831 4964 4179 4587 2099 4027 4357 2921 4116 1142 151 800 4221 4811 3197 3386
138973,4558 2340 4727 2728 1289 3148 44
3283595,4554 4292 3062 2087 3675 1133 424 866 62 867 24 2196 2402 3121 1173 3946 2501 4850 368 2837 751 4302 4624
307700,3916 4964 4587 2034 3951 4168 1694 1015 245 4727 4385 1990 3499 387 3136 4471 1356 2733 4558 3675
1289419,3276 2793 4972 2466 4857 1839 4636 1095 2528 3094 4807 1909
2116101,4539 3283 1469 709 2029 1293 4541 532 3436
2031273,112 895 4357 900 1321 4317 2034 2831 2583 4987 245 962 4053 3197 2992 2206 1430 3925 1990
3639682,4554 424 4292 2501 4727 305 3062 2033 2087 1928 709 866 4289 3675 2278 3146 3651 3371 4302 2196 2340 248 1133
3674128,3675 1133 3371 62 3121 1781 1388 4292 3894 3009 4554 76 4857 1095 4585 4758 3062 3651 378 3773 2439 4289 2196 1788 966 4624 3277 3111 4183 59 1321 1450 3979
2230129,3062 3946 424 982 2297 4850 347 4292 3813 3502 4302 1099 2586 4758 3136 3772 1321 177 1450
567140,2831 4317 2921 1321 3198 4021 420 4987 268 3925 1307 1042 1493 895 2034 2583 112 2320 3235 4450 2206 900 245
3425925,1028 4999 995 2813 1514 677 1440 705 3653 219 3934 149 4958 4242
317164,1321 2583 245 1430 4021 4471 112 2831 2034
1381565,4727 3136 424 930 3450 2837 3776 3651 2025 24 3587 4587 2340 3561 1628 3148 866 368 1404 4541 245
3893496,4727 4558 3776 424 24 302 2340 2298 2728 930 4541 3478 3148
3150486,4763 3258 1164 4757 1095 430 140 3833 4292 3587 3675 982 4503 1214 2813 625 684 4200 420 966 4585 875 84 3277 2682 4029 431 2025 4850 2651 1005 2745 3979 2870 3851 3111 3651 1781 2978 14 3653
1485072,2034 3916 3951 4587 245 1990 1356 4727 4964 4168 1015 4027 3148 4558 3499 387 44 1694 3778 450 2340 4871 4385
3830827,4791 245 4587 4964 3499 1015 1757 1694 2921 4471
3094722,424 3136 3946 3062 900 368 2297 3554 4471 3813 4302 2586 3587 430 4292 4560 3478 1099 571 4850
883512,875 3478 2008 930 2025 2921 3651 4541 3136 818 268
1056122,2728 3574 1293 2425 302 4558 4539 391 2100 3283
2076690,4382 2108 588 3564 2156 1234 50 2344 2648 3427
2288802,2728 4558 2425 302 3574 4539 4727 2099 4027 2100
724782,4871 4558 2260 4478 4168 2732 1596 4587 3574 2104 3916 4727 1167
2118622,245 4357 3197 4471 2034 112 2583 3116 3951 4179 962 4964 4987 1990 4318 1321 2831 582
210282,424 4554 4727 2501 2728 2340 305 709 2278 24 2087 3776 3478 1133 3146 3675
1463779,1133 4292 3675 4554 424 4585 4624 3773 3062 3121 2087 2402 3489 910 1928 4850 982 3009 1248 3514 763 62 4903 3946 4613 315 3894 1173
2014093,3136 2025 4727 2956 930 2837 3776 3651 866 2278
1396262,3951 3916 4964 4587 450 2034 387 1990 3499 4168 2137 1015 4385 4320 1694 4471 3778 245 4727 4179 487 2188 3109
3039988,2034 4587 4964 4471 245 1990 3951 1694 1015 4385 3675 487 3136 3778 4727 3916 3197 450 4027 4221 387 2340 2431 4168 2733 2188 3925 4179 3466 1252
284269,3559 2818
685279,381 3917 4020 4027 2728 367 937 4317 2063 2921 4207 2418 1199 2407 271 2320 420 829 4164 2831 2328 1395 800 4539 4450 2814 2008 315 4494 967 361 3685 3925
1896628,268 112 1321 900 4987 1307 4357 3642 2488 4317 2921 2992
2502304,112 2034 2831 1493 245 3198 2099 2029 4053 268 3524 3867 3197 4357 900 4987 4450 4587 4027 151 3495 55 1307 1694 3782
1956288,895 900 1321 2831 112 4317 2921 420 3107
1689760,4587 3136 4727 4558 3916 4168 2034 1356 3675 3499 245 1694 3148 4964 3951 1015 387 305 4871 4027
3718047,1742 2728 2921 315 4541 2814 3675 4027 4471 2328 4317 2565 967 268
3865123,807 1336 684 2697 3121 2431 3829 1384 4011 4471 3191 2153 62 1320 4855 3675 4289 1252 259 1083 2137 3537 2565 2853 4964 1742 4787 1322 3371 2611 3958 1860 4475 4611 3159 3471 1304 450 3308 71 829 1401 4950 619 2146
3852427,4766 1198 2049 1795 2725 566 3481 702 2883 3389 4434 2919 2353 2042 1716 2617 1192 1574 1782 4683 3737 1046 2439 3565 2508 4242 4471 2127 29 1162
2615621,1493 3867 4541 2831 3198 3131 268 245 2029 55 2099 4027 112 2034 4053 3782 3524 3495 3386 4317 924 3478 1501 4539 1307 1694 4987 3431 420 151 1990 2599 223 3197 4938 2728 786
2165943,112 2034 245 2831 1493 3197 4357 900 151 2099 4053 1694 2029 4587 4317 1990 3524 4987 4964 3951
3113858,2831 4317 900 112 420 245 4847 3782 3085 4357 1321 4987 2034 2099 223 895 3925 3036 1990 1307 2206 4053 151 2320
2518331,424 3062 3946 3136 1099 4292 3813 3502 4850 930 4471 781 982 4560 4585 4758
415399,112 2034 1493 2831 2099 245 4539 4027 3495 1694 3867 55 3197 2029 3524 900 532 3917 2728 4053 3198 1990 3386 4541
2092256,866 424 4554 305 2278 2033 4727 4292 3675 1133 3651 431 3062 2087 4558 3146
2245431,3916 4587 3951 2034 4964 1694 1015 1356 450 1990 245 387 4727 4385 4168 4558 4471 3675 3136 3778 4320 3499 4871
2035594,424 3946 3632 263 2278 1725 4850 1133 2636 972 763 4142 2501 1960 1633 3894 1918 3776 3648 2157 1408 4029 2262 648 3272 816 4645 3843 1912 3514 3443 3675 4334 919 347 4189 2087 1286 43
399873,4727 4558 3574 4027 4871 2728 2034 302 44 4587 2340 3136 2659 4168 1596 1356 930
614466,4554 3651 1133 2087 866 3675 4624 4292 3009 3146 2278 2196 431 867 3062 2340
493847,2445 245 361 4987 2921 2431 4357 4317 895 847 3969 801 1446 4964 1701 197 1321 4450 4943 3197
335774,2831 112 4027 2099 245 3478 2034 4317 900 3198 1307
1169571,1544 285 2053 1990 2382 2685 2992 4388 2921
3760776,4357 900 1321 245 4471 3969 4987 112 2831 4587 2034 4867 4221 1446 368 2583 2188 4179 3062 3197 895 1990 3951
1246332,1781 4972 1480 4216 3979 4985 1814 578 4583 1782 432 1133 4585 2466 2362 2439 3675 1095 4380 2651 4142 1765
2709763,4630 2509 1811 1405 3281 849 2132 1928 3843
3410133,2508 2153 1035 684 449 3355 71 1474 1652 4837 1574 3580 2431 1120 829 1731 2919 3702 4471 4966 1384 450 2697 4776 1336 1990 2611 4303 1989 918 1640 4135 3159 3722 3793 4900 2595 2977 3863 2980 216 4855 4611
2167293,245 1990 2034 3197 3778 1742 3925 4587 112 3036 4027 1596 4357 2099 4987 4116 3918 4053 2831
1512239,4871 4964 450 3778 1990 1015 470 4791 1727 714 3951 2625 2123 4877 3300 3499 3383 2261 1992 4587 2660 3722 3969
1041578,1321 895 1788 2583 2921 4471 4021 3969 2431 4317 1430
371576,4558 4727 4168 2340 3916 3148 3499 4587 302 2728 4871 4478 1015 3574
2514984,112 2831 2099 2029 4053 1493 3867 2034 3198 1501 3495 3478 245 268 900 4539 4027 1307 55 532 3782 1354
2560411,1535 1247 1464 2344 3333 705 1430 1544
1110033,2921 2328 2831 1337 1701 4053 245 3131 4317 2992 151 4987 112 4357 361 900 1990 420 4494 2407 3197 3036 4496 2099 895 268 2445 3925 630 3917 2034 1321 3085 3524 2599
1331045,424 3062 3813 4471 3946 4560 4850 2340 4585 900 1099 3136 2297
603070,4027 3917 2728 2099 4558 4541 630 1596 2746 4587 1844 245 1180 2425 1694 4727 44 1742 2921 3574 3146 361 1701 112 3036 1356 1395 2831 3109 3085 532
1439724,875 1321 59 4987 1788 2025 571 347 3136 3587 4292 1133 1450 3277 2956 3478 2586 4736 866 3608
1008437,2127 1574 2049 4699 2952 4258 4320 4434 3829 3916 2391 3675 566 578 2202 212 4384 1824 2458 3279 157 4246 4411 1031 2122 2508 2809 39 2882
2563299,4558 302 3574 4727 2728 4871 3148 4027 2425 2340
3183207,2728 2837 4727 4558 3136 2956 2425 4541
1738125,4554 4292 3062 3675 2501 2196 248 4302 424 4758 4289 3371 1928 305 3277 1133 3651 1321 763 1450 2033 368 4029 62 3946 3476 866 4471 709 751 2402 2278 486 3554 24 930 2087 1788 3773 431 3489 3146
1314188,4587 2034 245 3951 4964 4027 3916 1990 3136 4471 387 4727 3197 487 1395 4168 3148 4221 4558 4390 3675 1015 3466 1694 2340 1356 4179 4385 1167 450 3778 3925
1049536,4382 588 2156 2108 2344 879 1234 5007 3427 705 441
2080521,2445 801 2921 1321 361 1701 895 3242 1818 1788 4534 787 268 4317 4943 4987 1337 420
556643,4964 2431 1990 4460 2565 4790 4471 3863 1252 1322 3471 3383 684 2583 4385 3778 4926 245 1321 3951 1474 3675 1568 4142 4987 259 2445
3031028,4471 4587 1990 245 2034 3951 4964 3116 4179 2431 4221 2188 4867 2583 3778 3197 487 4987 1321 4889 4357 1430
3172224,4317 1321 4471 4987 1307 2831 112 900 4021 2583 2320 4357 2431 3782 1701 895 420 647 1788 245 1446 4116 962 4318 3925 4053 2034
1939043,4871 1596 3574 4027 1990 4587 245 3778 1167 4727 3925 2034 1628 4168 4558 3951 1180 3916 2732
1225267,3136 3651 930 4727 3062 368 3587 4302 24 2340 3946 4292 3450 2837 424 3561 4624 3478 2196 3146 2025 648
614275,4763 3258 1095 4757 4200 3587 875 982 3675 4292 1164 430 4110 3062 3833 3277 4585 3851 140 2745 1214 4587 4029 4850 571 4503 1136 2278 109 2816 1616 112 4357 2444 1450 1404 2033 4207 84 3371 3265
2957199,1321 112 900 4357 895 2831 2583 4317 4987 245 2034 1788 4021 4471 1430
2091544,424 763 1633 347 2262 3946 4850 135 1099 3277 3843 2061 3813 4302 2501 357 4980 685 3601 3476 1725
2807177,4558 4727 3574 4871 302 2728 4027 2425 1596 3404 1180 709 3136
1213644,2487 2792
501668,982 875 1321 3136 4736 3062 3478 3277 1788 2025 3969 347 930 424
2265041,1493 2831 4027 2034 245 3917 2099 3197 223 151 4317 829 268 3131 3198 3386 1694 1990 3524 3925 3867 662 2599 112 4541 1191 55 2029 3782 420 1395 3778 4964 315 3495 4053 4450 900 4987 3918 1337 4539
1396789,4587 2034 4727 4027 3951 1404 3148 1990 4471 4558 245 900 387 3916 4964 3136 1694 4385 2733 44 3146 3466 2431
960612,4587 245 2034 4964 3951 4168 2188 3197 4221 487 4179 3916 1015 1694 4471 1990 4390 3778 109 4320 3148 582 3116 387 2423 3499 112 1404 4357 3109 4027 3466 4987 4727
1454889,424 3062 781 4850 982 1099 3946 900 2586 430 3136 4292
3029493,2685 2600 2487 4388 4441
1899999,4611 2153 4855 2431 450 3033 4471 1252 1742 1808 4460 3519 162 3396 4686 566 2999 1430 1731 291 4096 3722 3101 2853 2508 3675 3405 116 1083 73 4964 4570 2977
2134765,875 4736 424 2025 4317 930 3478 1321 4541 3136 3277 3062 900 2983 24 268 4292 112 3675 3946 3651
2558590,2685 2992 2053 285 1544 1464 1990 1430 4441 3490 1331 3109 4679 2382 3865 2921
2199699,2153 3396 4964 2508 4855 4347 1080 1142 2146 116 4570 4611 193 22 4876 3829 4179 2431
2830209,3951 3916 4587 4964 116 450 4471 2431 4168 387 1694 1356 3136 3499 1990 1015 2034 3650 1252 245 4871 4727
3659384,3136 4727 2956 930 2837 4587 2659 2728 866 2025 3651 3499 1404 3776
3548358,4964 4590 4471 3197 3951 245 1990 4867 3925 259 71 2095 4221 4179 1611 315 3471 193 2431 2146 2728 109 2582 2320 3863 3675 487 2565 900 1742 2583 4494 4987 3210 4008 2034
2023428,245 3197 2831 151 2099 3917 112 2034 4179 4317 1990 381 3524 2599 4450 4221 4053 4357 109 4867 4027 3925 4285 2320 3131 4987 1337 193 223 3386 1694 900 1493 4964 2992 3778 2029 4496 297 1844 361 2728 3918
3809401,2831 112 900 1321 1493 268 4317 4021 4987 245 2034 895 420 3198 1307 2921 4116 4357 2099 1042
3693135,112 245 1540 4494 4357 1493 1321 2921 1701 2831 895 2034 4053 4987
1560942,268 1321 900 112 4317 2921 4987 3478 2831 3675 1788 787 420 875 4053 245 368 930
2814898,4871 1694 4558 1167 245 1356 4587 3916 2034 4027 1596 3574 1544 4168 3951 1990 802 4541 3466
919721,3466 4587 2034 245 1990 3951 4871 3778 487 4867 4964 3279 1694 1015
942768,4317 4736 420 900 1321 2831 3478 4987 875 3131 1788 112 136 223 1042 2983 895 2008 4053 3782 3707 1414
34669,3951 4471 2034 4964 245 387 4318 2583 4385 4587 3197 1990 1321 1694 4357 4168 487
888203,2921 2583 1321 2431 2692 2565 2445 1430 245 2992 4987 4388 3365 2328
1272242,245 2831 4317 3198 3197 2099 112 268 1337 2921 3524 4987 3867 4053 151 3778 4450 223 2320 4027 55 4357 2034 420 3707 924 3782 3386 1596 3925 2029 1990 922 2992 3917 1694 786 3431 4131 2668 630 1493 1742 4148 4565 2719 1701 900 4160 4938 3918 4179 4116
809360,1321 4318 1788 4317 420 4357 4471 2583 112 4987 2831 4021 4758
1235843,112 2831 1493 900 2034 4317 245 4357 4053 895 420 268 1042 3782 1321 4987 2099 3198 2992 3197
843220,4987 3969 4357 2992 245 2431 197 2583 847 1430 4471 895 4926 3197 2034 1321 4318 4116 2921 4221 4964 3116 3163 526
3895362,895 1321 4317 1307 900 112 4494 4053 3242 268 420 136 4357 3782 1701
2671781,4727 2880 44 4311 3776 4139 3211 3251 1297 900 270 1463 302 3148
1171642,4964 3951 1990 2034 4587 4471 4385 245 1015 1694 487 3916 3675 3136 2431 1252 4168 2733 450 3778 3499 778 387 398 1446 1568
1597466,4871 4558 3574 1167 1596 1694 1356 4587 1544 4168 4027
1428068,630 245 2099 112 1596 1493 2921 4027 2992 2831 1180 4664 151 3109 1701 4053 4539 3495 3867 2034 532 4587 1844 55 3917 1694
2687969,862 2088 145 4047 449 3680 2153 3193 927 3633 2835 2462 1268 1379 191 429 4879 1144 4209 2819 3045 490 4078 1151 985 1872 3389 3829 1574 1035
1211338,4727 305 866 4554 2340 424 3675 4292 2278 486 2033 3146 4558 930 3148 2837 709 1404
831974,4727 930 3136 24 424 3478 3651 2298 2728 2501 2659 2340 2025 4541 867 302
2511074,1781 1133 4972 4583 1814 4216 1480 3675 4985 2439 3979 4585 1095 432 2466 62 1782 2362 2651 3371 4315
601522,2431 4318 4471 1417 3951 2039 2583 2697 1321 701 3020 1430 2565 4964 3969
2296317,2831 2034 1493 245 3197 4317 112 900 223 3925 3198 1990 4021 4987 2320 151 2099 3778 3131 3524 4357 268 1321 420 4450 4131 4221 3036 962 4116 4867
3464022,4053 268 112 1307 4317 2831 1321 4494 787 3782 420 3867 1701 136 4938 4987 3478 3242 895 3085 1337 875 3198 2029
414915,2651 923 4583 32 597 4759 1788 141 1568 1764 4471 4992 3373 1637 1424 2095 4987 4957 3978 962 1287 4071 1388 3987 2692 3233
2905112,3062 424 982 3946 3136 4292 4850 900 2297 1099 4758 3813 3502 2586 4302
2910086,2208 107 4607 2344 1068 4952 2644
2014927,4216 4972 3094 1334 1781 1198 2049 1341 792 2362 2573 1753 1668 2710 432 2466 1480 2439 1814 2793 3979 1782 4030 578
872426,4987 3675 2692 1321 1742 2814 2921 2095 875 1450 268 3197 1788
650130,4871 3574 4727 4168 4587 4558 3778 1596 1990 4027 2034 1628 1167 4221 802 245 1356 1544 3916
3270599,1990 450 4964 4871 3778 3951 2034 245 4168 3916 4587 802 2146 387
2978953,2965 3108 1689 1448 50 2156 3427 394 3234 1944 4359 529 4082 4382 2700
2513491,3675 1133 4585 62 1388 4292 3121 4624 4289 4554 3062 3371 315 3773 3009 3651 4850 1450 378 3969 59 2402 1321 867 76
1049385,4541 3478 112 2728 4727 24 2099 245 268 2837 930 3136 4027 3776 55 2034 709 2025
1568082,112 268 3478 900 4541 4053 2831 245 930 3867 2099 2728 3136 1493 4027 2025 4987 4357 2034 3495 4317 1501 4494 2992
3055450,2660 1990 4964 4791 1727 2600 3650 3275 1439
557421,268 875 1701 1321 112 4494 4938 3146 2921 245 4987 3478 2025 1493 3136 787 930 361 4587 3242 2445 1818 1337 1540
1069259,4554 866 424 2278 305 2501 4292 1133 4727 4758 930 486 2837 3651 2025 431 2033 24 2433 3478 3675 368 2340 3146
92654,4624 3146 867 3651 431 4850 2087 4292 424 3675 3478 3062 1388 3009 3807 1133 2278 2340
1864387,424 3946 866 982 4850 3062 3813 3136 900 1099 4727 3651 3478 4302
3234468,2728 2425 4558 3696
295997,1596 1180 2425 4225 4027 630 4539 3917 3574 2728 2099 4871 3109 4558 2921 245
1347662,71 367 1742 1749 1199 4871 1596 4791 2565 2328 1167 2992 2921 315 714 4811 1990
1324204,3675 424 1133 4585 315 3489 2087 4554 3009 4850 4624 4292 1248 3121 3773 1136 1928 2402 3371
3120395,4972 1480 2439 1782 1814 1781 1133 578 792 4985 4216 1195 4380 3979 432 566 3675 2362
2673399,424 3946 3062 982 4292 3136 4850 3277 900 3587 4302 430 2025 1099 4758
1165679,1469 1293 4558 2728 4539 3436 2837
1560310,1180 3574 2425 4558 1596 4871 4027 4727 2099 2728 2424 4539
1098991,4964 3951 4587 4168 4471 3916 2034 245 3116 4221 4179 1990 4320 3675 450 582 3109 1798 387 3499 3197 4385 3778 2188 1694 1015 4852
3273621,24 4807 2262 3776 3843 3894 4400 3143 2501 424 3021 4667 248 4000 347 1633 2278 2224 3479 4850
2732358,2431 4964 4471 245 2583 4926 3951 3300 4179 714 4987 3116 1446 193 2565 4791 1430 1516 3675 3863 1990 1322 4318 4357 3011 3778 2111 3197 4276 3365 3471
1967865,4021 4285 4357 245 3197 4987 4317 4179 4221 1321 2034 151 3116 1337 112 4867 1307 2831 4565 1493 962 3131 4053 895 3778 3707 297 2992 3782 1798 2668 268
99264,4871 2625 714 1742 3499 4877 1727 4791 1015 3300 2565 3722 4095 994 3249 2123 450 1757 2261
512188,4091 4570 343 4683 523 3247 2508 2861 631 3547 1977 3770 3829 4508 2835 51 984 1151 2458 4544 4964 3845 1207 4258 1090 3835 1252 2338 157 1802 4811 3389 566 2207 4209 2767 2349 596 4471 4593 3916 1991 3650 4152 3178 1349 448 1510 64 1662 240 3629 3876 470 4553 3167
713456,1321 112 2831 2034 245 1493 4021 4987 4357 900 4317 3198 268 1307 3131 1788 3197 2668 3782 4938 895 4736 4471
589632,4471 2431 1321 4318 2583 1446 3675 1430 1990 3951 3020 1252 4867 2034 4317 245 4964 2697 3969 3863
246041,4317 3707 4053 420 3782 1337 1493 2831 1042 4021 2029 297 4987 223 2320 151 4450 3406 3197 2034 3198 2099 4131 3524 4116 1307 2599 112 3131 3778 1701 4938 4565 895 245 2418 2668 4494 268 271 2992
3255532,3675 1133 3773 4292 3121 910 3489 1248 4585 3062 2402 3514 1928 62 4624 3371 982 4106 315 4613 1136 4554 424 3009 685 4850 3894 2087 352 3813 248 378 4896 4289 763 1450 4903 1035 3702 4142 3946
3257418,245 112 151 4357 2034 2831 4987 3197 900 4221 3198 4179 2099 1990 3642 4053 1493 4565 2992 4317 1354 2029
946318,245 4357 4471 112 3116 4889 2188 2034 2831 4179 4221 4269 2583 3036 197 900 3925 4318 1990 3197 4987 1430 4317
1296439,4554 424 4292 3946 3062 4624 2501 2087 866 3478 1133 4850 24 4302 3146 430 4758 2025 3277 305 3675
3296291,2053 4779 2600 4388 2382 2921
3520324,424 3946 3136 3062 982 4292 4850 3587 4302 3813 866 3651 4727 1099
2171668,4727 3136 3148 4587 4027 2340 2728 4558 930 3478 4541 112 368 245 2034 2837
360039,116 4305 2260 4871 4478 3916 3499 3650 4587 450 4168 1990 2660 3951 2431
2833574,3276 974 2528 4658 2728 2837 4558 3651 4554 2278
2471904,1928 3450 566 4874 1532 2276
2485577,2034 245 4587 1990 4964 3951 3197 3916 1694 4027 4317 4471 450 387 1395 3925 2831 1356 4385 3466 582 829
889649,4541 112 3478 268 3136 2728 930 1501 2025 900 2099 2831 4053 3867 245 55 4987
124041,532 112 1540 4494 2921 2029 245 2728 630
532606,424 3062 3813 4850 3946 1099 3554 4560 900 2297 4471 3136 4585 4302 571 781
2906938,112 3782 245 2992 4987 1493 4357 2030 4938 895 1321 1216 1337 2921 4450 3642 361
2422195,4987 112 4357 245 3197 4317 2034 2831 4867 4021 4053 1493 1321 4221 900 420 1990 4471 297 895 2320 3707 4450 151 3524 962 2583 3782 3198 4587 3642 3778
51225,2439 3450 566 1928 578 4857 1399 970 2681 4611 2049 4955 709 1532 23 674 4874 3675 4907 4106 4289 684 3010 3308 2789 3129 4380
143112,4317 2831 420 895 112 900 1321 4053 3782 1307 4987 136 3198 4021 2008 3406 2029 2034 3131 2320 1493 4357
368869,3136 930 3651 424 3554 4727 3561 3494 3587 2025 2837 3675 24 2340 368 867 4292 3946 3776 1404 4471 4587 4758 3450 2278 237 4541
3036642,2921 4541 2008 268 881 3666 2728 3085 3478 2407 2328
2467704,4727 4558 4871 4168 4587 3574 3916 4478 3499 245 1015 4027 1180 3148 3136 3404
311546,4317 1321 420 895 2831 2008 3406 136 900 3131 112 4021 4987 2320 4736 1788
3453347,4727 3651 930 3136 3478 2025 2659 3561 2837 4541 2298
1671114,4558 2728 2425 302 4727 3574 4539 2340 2100 2099
968837,197 3714 967 3210 847 2320 1416 4051 3197 4357 4303 2095 3925 4273 3683 2696 2583 1023 4425 2863 900 3863 895 4116 308 3252 1317
1534240,1321 787 875 4317 3478 1701 1337 268 4053 3772 3946 900 3242 3675 4494 2138 3136 3062 368 3085 420 2831 112
2078911,2445 1321 2814 2921 617 801
659786,2034 4027 4587 4727 2728 245 4558 112 3148 3916 3951 1990 4964 3136 3478 2340 4168 44 900 1015
1449832,424 24 2501 930 3587 3277 4560 3494 2989 3946 3843 1099 3062 709 982 1588 4613 4711 4292 4458 248 4624 2402 368 763 2332 3075 237
2746540,1321 1337 2583 1701 4317 4021 245 4357 2921 895 787 1307 1446 4471 4867 2831 875 4987 420 268 3197 3675 3235 3131 112 4285 4053 2445 2034 3778 2188
655697,4763 3258 3587 1616 3833 4757 3851 4200 982 430 875 2278 1095 571 3932 4850 1164 4292 4110 3651 4585 4029 4027 4587 109 1005 3675 2816 424 140 2824 2033 3062 2745 4207 3265 3277 1694 347 112 866 1136 1072 3136 763 2340 1404 2025 3776 4470 3058 2870 669 1214 431 930 84 14 4443 4964 1446 2188 4053
523909,4727 4558 302 3574 2728 3148 3478 3136 4541 2659 930 2425 2099 4871 4027
2245960,2831 4317 3197 4987 112 2034 1493 245 3524 4357 900 4053 151 420 2320 4565 1990 2099 4131 3707 4221 297 2992 895 223 3925 4867 3782 3198 4021 3778 4179
267493,4857 2439 3009 3675 3121 3371 62 315 1133 4289 3450 1781 4106 1388 1095 2402 3773 2196 4585 1035 684 3489
1491045,3243 2696 3168 2360 2921 3210 3365 2644 1819 2992 1544 2112 1185 2275 3863 450 4388 5002 3976 3327 4984
3704437,4634 3364 3128 2644 2095 219 4223 4071 4129 1238 4964 2651 538 2362
402796,112 2029 4541 3867 1501 4539 1307 268 3478 2099 2728
3238530,2921 4388 2992 2583 2380 1430 1825 1742 361 2696
502322,4222 566 4855 1731 2919 515 353 2725 490 3393 4714 2153 212 684 1268 1585 2534 128 918 2357 2780 3355 1808 3098 2150 4264 3675 4896 2914 4304 4900 4373 3740 1176 3468 1080 2848 2697 1252 3033
3441356,3951 4385 1167 387 4558 2034 4471 4727 4964 4027 1990 3916 4587 245 1694 4168
3715184,2921 2992 4388 1990 2053 3036 546 112 151 1544 3778 2382 2685 245 962 2034 4027 1825 4053 630
3589213,3131 1337 381 2831 2328 4317 4207 420 3917 924 2008 223 829 2599 2728 4539 268 315 2921 1990 4541 2099 4131 4027 3925 3782 662 151 2407 271 4496
2058122,1321 3675 900 895 1788 4471 3136 4987 3062 1450 4758 2921 3969 4292 2583
1119250,2439 3675 1133 4857 62 3009 3773 3371 3121 4585 1781 1388 315 4292 4289 3894 76 1095 3062 2789 3111 4554 684 3489 4624 2196
2017584,4558 4727 3136 709 4587 3450 2728 2034 4027 3675 245 4541 4471 3776
1860548,2099 2992 3036 112 630 151 4053 1337 4357 1701 2921 4664 4131 3917 4179 4116 245 3983 4867 4388 1990 1694 3197 361 4539
3479289,4558 4727 3148 4587 2340 1356 4027 3574 3916 2034 2728 4168 1015 3951 4871 302 245 44
2630451,2793 4972 2466 4857 203 1753 3094 2022 1909 1480 4985 4216 3061 1224 2710 4778 3003 1668 3632 3276 4376 4636 3518 4266 1108 1095 2938 3247 3437 912
670042,2831 268 1307 112 2921 3867 3198 2029 1493 3782 245 4938 3478 2034 420 4317 4053 2099 4987 900 3131 1321 4021
2774996,4587 245 41 3136 1252 1015 3951 4657 3499 1289 1694 3969 4727 3148 1404
2172600,44 1861 2927 1914 3730 163 4098 1449 4558 55 4026 2029 3038 4571 4539 1071 3917 3558 1231 2849 1199 3118 3450 4727
700497,2034 4027 4727 245 3951 4587 3148 112 2099 1356 44 1990 900 4558 2831 2728 3916
3174422,4727 4558 3148 3574 4027 302 2340 4871 3450 4587 175 44 4168 3136 2034 1356 2728 3916
2169888,245 4587 268 112 4179 4357 3146 2034 1694 3951 4964 2921
1471473,4382 2108 1234 2156
3100691,2831 1493 4317 223 3524 245 2034 2099 151 3198 3131 829 2599 4131 3197 420 2029 3917 268 4027 3925 3867 1990 662 4987 1337 3782 4053 3386 924 4450 112 1191 4539 4021 2320 3918 1307 1395 2668 4285
1417611,4871 3916 3951 4587 1990 4168 2034 1694 1356 3499 1015 3778 387 4727 245 450 4964 802
340016,245 1694 2034 4587 4964 1015 4791 3951 1990 1757 3197 4221 4179 193
3742206,3198 4317 3782 2831 2099 4021 2029 112 4053 1307 3867 2034 1493 4938 4131 3524 420 297 268 245 2668
3177185,2728 2425 2424 4558 4539 1293 4027 4727 3574 3478 4541
1179749,709 3776 930 4727 3136 2728 3146 2837 2659 4558 818
2132559,112 4027 2831 2099 2034 2728 900 3478 245 4727 3148 4539 3917
2371503,4554 4292 866 424 1928 2501 3062 305 3478 2278 3675 4758 1133 3651 2087 2033 816 4727 763 431 430 2196 486 4302 1321 3146 3277 3476 930 1276 982 2340 751 4029 3946 368
2101612,4539 3283 2029 709 1469 924 532 3867 4541
23098,4311 3866 3776 4027 3667 3211 4727 2193 2728 967 4006 1034 44 3420 900 4139 1349 4000 2905 2211 2704 1473 4056 3443 302 880 3685 3899 1017 2899 4641 4424 2880
2699486,3987 1431 4678 1238 4875 2661 2588 1207 1496 4576 3079 3089 876 1852 2106 4964 3953 2754 1568 3799 4471 3233 3471 4519 3732 4071 3373 4816 3082 1992 2756 2687 4073 4320 3806 2650 1580 4974 4852 522 3989 1138 2202 1883 1974 3903 1439 4570 4759 2458 1082 3275 1086 4087 3392
976418,2921 2445
1498715,1321 2445 801 2921
1468960,4587 3499 4791 4558 245 4727 3146 709 1015 2728 1694 4964
1119419,2053 285 2382 2992 1544 4388 4441 1990 2685 3490 2921 3865
3596479,245 1694 3197 4964 2034 582 4987 4450 4357 1493 301 3524 197 3466 4317 193 112 4365 1516 2320 4926 2831 4160 1540 4179 4867 4131 2431 3116 4053 361 109 2863 4116 3925 4587 4889 3863 4565 1990 1844 3982 3969 4051 420
2549430,4727 4558 3148 4587 3916 4871 2340 4027 3136 4168 3499 245 1015 3574 2034 1356 930 2728 44 305 2659 3404 4390 2746 3386 1694 4478 1596
2924843,1990 462 1742 2565 245 2600 2583 3925 2146 4179 3778 4587 4738
3340267,4871 4027 4727 4587 2034 245 4168 4558 1596 4964 1990 3916 4221 3574 3951 2732 3386
2224855,2921 245 4357 4987 4565 4221 2992 271 4179 4450 151 112 2831 4964 2034 3197 193 361 4160 1493 1337 3524 1694 4053 1225 2328
3074325,2728 2425 2921 4027 3917 4558 4494 532 1540 1596 630
1963056,4554 866 1133 431 4292 3651 424 2278 3146 3675 2196
1185418,2112 315 1990 4587 1628 4471 3032 2992 1446 2188 2328 3371 4964 2360 2095 3062 151 3925 829 245 1742 1572 109 450 1544 1825 3450 3675 2963 3109 4317 3308 3651 3146 4289 4388 3036 2921 2431 1366 2382 875
3359833,2108 1234 4382 3774
2942758,268 112 1321 3867 3198 1307 4987 4027 245 2831 2034 3478 900 4587 4053 4938 1493 1701 3675 4357 1404 4541 3136 4317
1483793,4027 1596 2099 245 2425 1180 3386 55 4541 112 4587 1844 3918 3917 630 1742 2831 3495 2728 44 1694 532 786 2034 3478 3867 3085 3925 4558 4539
1654641,1701 2445 2921 3242 1818 1321 787 847 1337 2711 801 895 2810 4736 361 4021 2328 2992 1226 4565 4357 420 268 4987
939123,2927 1219 4906 4139 2928 4632 2250 1281 3914 2880 1001 4014 2611 238 3480 4651 2629 4514 1861 3067 1463 3368 2272 4045 2190 2124 2879 512 3705 402 764 4038 3658 658
235804,1544 1990 2685 3865 285 2053 4306 4441 1464 3490 2382 1430 2921
3299028,4144 2853 1731 3020 1083 1430 4471 2431 1349 2454 3449 817 3615 450 4964 139 4611 4801 2395 1576 4460 3101 2644 4855 1372 3948 3778 199 116 1244 157 1983 1587 2150 2752 4686 2188 1252 1568 2767 3471 4522 2502 2571 1417 358 2565 4660 56
1465510,875 368 3062 1321 930 4317 4736 3136 3277 900 2025 3651 1788 3478 2008 223 3675 3946 4541 895 787 1337
1659717,3559 2818
3166366,1493 112 4357 245 1701 4587 1540 4179 624 268 4664 1562 1818 2950 1216 361 151 3146 1572 4053 1845 4987 2030 1587 444 4221 4556 4494 4964 2065 3983 4160
124397,3946 982 4711 4850 816 4583 177 3277 1636 4585 3851 2083 24 4029 3619 2432 4180 2337 3406 2328 1321 263 508 4424 368 2586 763 424 3163 4357 248 430 3062 4142 452 3101 2626 1803 3969 571 3420 2565 3587 4292 1011 4589 4471 4387
469814,4317 3406 3131 2831 4021 2320 4450 2328 1337 1321 4285 2008 2921 4987 2599 4867 223 1990 420 297 3782 2099 3925 900 895 245 112 268 151
194829,4583 2651 1133 4585 1788 1388 3979 62 1095 3675 4315 1894 4500 4987 1972 1781 4142 1814 76 1803 2948 4318 139 4503 3982 1321
67813,4554 3062 4292 3675 424 2501 2196 4302 2087 4289 1133 709 1928 3371 3651 305 3946 3277 866 4758 2033 1321 248 2278 4471 751 1450
354247,4471 3951 4587 245 387 2034 4964 1990 4318 4385 4168 3136 3916 1167 4727 1694 3197
3424540,2831 112 245 1321 2583 900 4357 4471 4987 4021 1307 2034 4317 1430 4318 4889
3854018,4587 3148 4027 4727 3916 2034 2340 4168 4390 245 1015 3951 1694 2746 4558 4964 1395 1356 44 3197 4221 387 1167 1990 4298 3499 175 3136 3778 4320 2732 3386 1404 3776 487 4179 3466
2609067,4587 112 4558 2728 4791 245 3499 2425 4541 2340 3148 3137
2111485,3675 4624 1133 4554 3121 4585 3009 3773 62 378 2402 1450 4471 2087 3371 685 4289 763 248 4292 3062 3489 4850 1972 3075 1095 2196 4302 3277 4106 673 1136 3554
880116,3062 1337 875 3242 4317 509 2138 1321 4053 1701 430 900 112 2921 787 268 4987 3946 571 4302 2668 361 4938 895 3675 4736 4494
350999,424 3062 4850 571 900 3946 3813 1099 2340 430 3587 2586
1424598,424 2501 763 2061 2262 3843 685 2278 135 1725 3514 3946 305
2407927,424 2728 4727 4554 430 1973 4000 2340 4850 3776 3062 3675 4292 1035 4029 683 4979 4302
1985290,4727 2728 4558 3148 2340 24 302 3478 4027 1293 4587 3386 112 3776 2298 2425 4168 2099
1103895,4964 3951 3916 4168 4587 2034 1015 245 3116 4179 4320 582 3499 2188 1694 387 4221 1990 3109 2746 3197 1356 3778 4390 3148 4727 4385
3429397,2728 4587 3148 4727 4027 2034 245 3951 3499 4558 112 2340 1015 4168
3504656,112 245 4357 4116 2099 2034 4027 2992 4664 1596 2728 3036 4179 4053 3495 4539 2831 4587
1837040,4964 3951 1990 3916 2034 3778 2894 4587 450 829 245 3197 4221 4320 193 4179 1356 2137 2188 387 1694 1015 2351 4471 4027 2146 4841 4168 487 4385 3675 109 3925 1111 4871 2733 1395 4558 1516 582 4727 315 4570 3499
3753390,4727 2728 4558 3148 4027 2340 302 3478 3386 4587 1293 24 112 2099 2425 3776 1180 3574
2462239,2439 578 3675 4907 3371 4972 3121 2049 3450 4857 2508 566 1399 2617 2528 4289 970 1095 3010 315 62 2789 684 3829
27549,112 900 1321 2831 268 3478 2034 4317 2099 1042 3867 245 4357 3198 2728 786
548665,4541 4727 24 3776 3136 3478 4558 2837 2728 709 424 112 930 3450 2298 3651 2099
121083,2927 1193 1914 3410 3043 3038 44 346 3758 1861 3368 2124 1563
1147926,2831 1493 2034 4317 112 3198 420 2029 2099 3867 900 1042 4053 4027 268 245 3495 3131 3782 3925 1354 3524 4987 1990 4450 3478 3918 2599 223
63397,245 4587 2034 4964 1990 3466 3163 2583 4867 3675 3969 4317 1321 3951 1694 3925 487 3136
863443,2921 268 4494
2449493,4558 2728 4727
3015587,1493 2831 4317 3198 2034 4021 420 4987 3782 245 4131 3524 2029 223 268 3131 112 2099 4053 4450 1990 3925 1307 1042 2668 3867 3778 4938 1337 3197 1321 297 3235 2599 4116 2921 900 151 3107
1037166,2728 1562 247 194 630
77481,2022 1753 2793 522 1668 2214 1832 1909 3099 4242 4875 3196 2710 3003 1259 874 2756 1694 2466
3337675,1990 1430 1544 2992 2053 2382 3036 962 2431 450 3951 4179 1185 285 3778 3116 4388 2095 2583 2921 3109
1098809,4541 2728 4727 302 3478 3136 930 4558 3574 2837 2425
617902,4587 3499 4727 4558 4168 4964 994 1694 1015 2340 3450 3916 3951 3136 1990 1356 1050 1167
3041806,2439 792 566 4972 2049 1782 578 221 1399 1162 4857 2362 970 3129 3094 23
2206704,1321 4021 1307 895 268 1701 4317 2583 1337 787 875 361 4357 1446 3675
3254438,3951 1990 2431 4964 4471 3916 450 2034 116 245 3778 4587 1015 4385 1694 2188 4221 4179 193 2894 523 2137 4168 4841 4320 387 3116 1252 3471 2697 487
504627,4292 3062 900 571 2586 3277 4317 875 4987 982 424 1321 3136 430 3946 4850 112 3651 2297 347 1788 4736 4357 4302 3969 3554 1450 3478 3675
2266130,424 3062 4850 3946 3813 900 3136 1099 571 781 4302 2340 3587 2297
391422,245 4987 2992 4357 895 3107 2034 3115 4116 736 2921 2515 3116 1629 3969 4998 112 3642 3001 197 3242 1321 4221
3443257,2153 2697 684 2853 4611 450 566 1731 4011 2431 4855 1035 1652 3829 2595 2508 1810 829 1336 4289 490 4471 2137 2894 918 1898 3675 2534 3722 3159 1252 4837 3580 807 1935 4964 4475 3355 3033 3121 4984 276 1304 1176 2611 4420 1574 4900 22 1808 1860 71 3371 2366 2357 2725
2179144,4388 2992 3036 2921 4179 1337 4867 2053 1990 3116 2382 962 1185 3109 2950 1701 4116 3778 193 2692 546 285 245 1430 1544 4131
3337155,2992 245 2921 112 4053 1990 3197 4357 900 3778 2034 4179 4987 2099 4116 1493 895 2831 3036 3524 4565 3925 2053 4664
562704,1164 1781 4292 3675 1133 4554 1095 3111 4757 62 431 3651 1214 3062 4585 683 4857 4183 866 3371 3121 1388 3979 966 3894 2196 2837 875 4029 2278 3009 430 3773 4758 3489 1973
365765,3574 302 4558 2728 2425 1293 4727 2100 391 4539 3283
1331787,2728 2425 4539
2917984,1493 2831 2034 3197 245 4317 3524 151 3198 4021 112 223 1990 3131 2320 4987 4221 3925 4450 268 4053 2099 1337 4357 4131 4285 3778 582 2029 3782 4179 900 962 4867 2992 4565 4116 2668
69411,487 2423 245 3951 2034 1990 3466 3197 1035 3778 3524 1694 2320 3683 1015 197 4056 701 1317 4471 1611 44 4027 4587 900 2431 420 829 3211 4221 4964 1295 655 4390 1395 1119 1742 4385 3925 2831 3195 3011 3917 2146 193 4926 4317 4867 1230 2039
573354,268 2921 112 361 151 1337
3371827,4727 2034 4587 3148 3916 3951 4558 245 3499 4168 4964 1015 3136 4027 387 2728 1990 1356 1694 2340
2718071,2034 3675 245 4587 4471 1990 3951 112 3778 2831 268 3136 4385 3916 4727 2431 387 1252 900 3198 4027 3197 4541 4964
2672941,1990 4493 4871 3778 3925 2921
1272266,4471 3951 2431 1990 450 4587 4964 2894 3916 1252 2034 4385 3778 2697 523 1015 245 487 387 116
2728908,2728 4558 2425 709 2837 4539 4727 179 1540
3447077,2340 24 930 4727 3587 3651 3478 3136 424 900 4302 112 1742 3146 1414 3561 2025 2837 368 4587
1006933,2831 1493 3198 4317 112 2034 2029 3867 3782 268 3131 2099 3524 1307 4053 245 3235 420 4938 1337 4987 3107 2668 900 4131 151 223 2599
581480,1321 930 1788 895 2432 900 4987 4758 3136 1042 875 245 4357 112 3242
2682909,4611 470 4964 1474 3951 2431 4221 3185 3778 4320 1990 3116 4471 1516 2853 1430 4179 4852 245 916 3383 1798 1992 3002 4987 1883 2034 1694 2502 2660 1568 3300 4587 3197 1727
854811,1493 2831 3131 4317 268 3198 223 1191 3524 2407 829 2034 420 245 2599 3925 1337 1990 2921 151 3197 4027 2029 4131 3917 2099 3386 4987 3867 2668 662 3782 3778 4053 4541 1307
602378,4624 1133 2087 4554 3675 4292 424 4850 3009 866 3651 4585 3489 2196 3062 763 3773 3121 4903 685 1136
2973246,4541 2728 112 1501 4539 2029 3478 709 3867 3136 24 4558 532 268 1293 2425
968190,4587 3916 4964 1015 4179 3951 1694 1356 3148 2746 2034 4390 2340 1990 4221 3466 4727 387 44 3109 4168 245 3499 487 4558 4867 3778
1073281,1544 1990 2685 2382 3865 2992 4306 2600 2053
3521693,4857 2439 4972 1781 1814 3371 1195 1095 3121 2528 3675 1133 1480 2573 2362 3009 62 2617 674 1964 4907 4216 792 1264 4583 4289 2651 2466 3094 2049
167965,245 112 2034 4357 2831 4987 3197 4021 1493 4221 4317 3116 962 151 4179 3778 900 1321 4471 1990 2583 2992 3782 4964 922 3198 420 4587 4867 582 3524
1648594,1321 4317 1788 3478 900 4987 268 4758 368 3675 1450 4736 112 223 3136 4357 875 2831 930
525342,4727 4871 3136 3450 368 4027 4587 930 4558 2034 245 3778
3382214,2034 2733 4385 3951 4964 4587 1990 4471 2431 3675 245 487 387 1015 3466 1694 3916 2583 1446 450 3136 701 3197 3925
3148751,4587 4168 3916 4964 3951 4727 245 4027 2034 4558 1694 3386 3148 1015 1990 4179 387 4390 4221 2340 3499
232910,2992 2603 2921 4388 2053 2600 2382 1990 1819 2832 2685 4549
1776417,4727 4558 3148 4587 2034 4027 44 2340 4168 4871 3499 245 2728
3496063,4168 4964 3116 4471 2188 4587 4179 245 3951 4852 3675 582 1694 2034 1015 4221
1161271,4357 2992 3983 4973 4987 1436 2047 1318 895 444 2711 4116 4179 361 197 2345 1426 4051
3084781,424 3136 3946 3062 4850 982 4292 900 866 3813 4903 4302 1099
265111,2831 112 2034 245 4317 3524 1493 4357 3197 4053 151 3198 1337 4221 4021 4131 2099 2668 4987 2921 3782 420 1990 4116 2029 4179 4565 2992 4285 1307 3131 4938
3813023,1990 2992 4179 245 4964 71 193 3036 2053 1742 714 4357 1516 3778 4221 2692 1185 3365 2583 3197 315 2431 2921 582 2146 2095 3951 1322 4471 1798
2226477,2728 4558 1757 4447 2340 4791 3499 4727
2933217,2992 2053 2921 1990 2685 285 4388
2936276,4554 866 3675 1133 431 4113 4292 3121 3062 1781 4624 3651 2196 59 2087 4758 378 4183 62 424 1095 867 2728 4850 3969 1450 3371 3009
642769,2034 245 4471 4357 4587 3951 112 4964 2583 3197 1321 1990 4221 2188 4987 900 4179 1430 4318 3116
1049867,900 112 245 4357 2034 2831 1321 4987 3197 4587
1302027,1742 2921 3085 4987 2814 3198 3675 268
577278,709 4554 305 4727 2087 1928 3675 2033 4289 4292 424 3062 3651 2501 2196 248 2278 3371 3146 4302 486 431 930
3197580,3916 4871 116 4478 4168 450 1167 2260 4558 4587 1356 1694 2351 3951 3499 387 1015 4727 1990 4964 3574 2660
1984911,4382 588 2108 2648 116 107 2344 396 705 1741 3877 2625 3089 4607 1234
2523410,4972 2439 4907 578 4380 792 432 2789 1781 1480 1782 4216 2466 3675 2362 1964 4857 1095 3450 1133 566 3094 1341 1399 2049 2793
3683678,44 4727 3211 1672 900 4587
781647,4357 245 112 4987 151 4285 4867 3524 4221 3197 4021 2992 1337 4565 4053 2831 4116 2034 4179 4131 3707 3642 297 1990 2099 1493
3125628,1493 2831 151 112 3524 245 2034 2099 3197 3131 3198 2029 268 4317 4053 223 1990 1337 662 2599 3867 3386 3782 4987 3917 4179 55 4285 4357 4565 4221 4027 4539 2992 4541 3778 420 3925 109 900 1694 1307 2668
1951184,2728 1540 112 3696 2425 709 532 4494 2921
3870689,2565 2431 4926 2921 4987 1321 2583 4471 1788 847 1446 245 4318 3675 3969 4357 1430 2445 3365 4867
3718730,4964 3951 4587 2034 3916 4320 245 1990 4471 4221 4168 2188 3778 3197 450 4179 387 3116 3675 582 1694 487 1516 3109 3499 1015 2733 4385 4570 714 193 109 2137 1798
2515639,3675 3121 3773 1133 4292 910 2402 1248 3489 3514 4585 1928 3062 4624 62 4106 3371 3009 248 4613 4554 2087 982 315 424 685 3813 378 1136 763 4896 4289 352 4142 3894 4850 3946 1450 684 3010 4903 2868 2196 648 3277
2550194,245 4987 4357 3116 2034 4179 4471 3197 4587 2583 1446 112 4221 1321 2431 2188 4964 1430 3675 962 582 526 4867 1990 4889 4318 3136 3466
3796437,1596 4558 1180 2425 3574 4871 2099 4727 2728 3917 4027
2353194,2501 424 4554 930 24 4727 3776 1928 2340 2278 305 4302 3587 3946 4292 763 3478 2433 816 866 430 4029 3146 368 3651 3561 248 486 2025 2033 4390 709
1294117,2099 361 3867 1701 4053 245 3085 4116 1337 3242 3782 3925 268 3198 4664 112 1596 151 2992 3036 2831 630 2320 2921 4317 2638 2719 4357
2102742,1742 3778 1628 1990 3925 4493 4871 1321 787 4512 4318 4758 1825 462 2188 2034 1596 2583 245 2921
2888427,2831 4317 112 420 3782 2034 1307 900 1321 245 2029 2099 4053 3036 2320 4357 3925
1410193,4727 4558 3148 4587 3916 4027 4168 4871 3136 2034 2340 1015 2728 245 302 3574 3499 1694
2530494,4985 4972 4216 2710 2938 1781 3780 588 2108 792
3117823,2831 4317 268 1493 3131 3198 2921 223 1191 420 4027 2599 3524 1337 3867 3925 2407 4053 4541 2034 245 4131 3478 2099 3782 3386 2008 3917 829 4987 1990 1475 3495 3197 4938
3593322,2992 2053 3109 1990 4179 3036 2921 1185 3116 2950 1430 2692 2095 2382 4388 285 4867 962
988649,4763 4027 3058 4587 2278 3258 4757 3587 2824 1095 1072 3675 1005 109 430 3851 3833 2033 3776 982 2340 1164 1136 4200 3379 875 1694 4110 1404 140 3265 4585 4029 3651 4292 930 4850 684 3148 763 2025 2728 424 3136 3932 4727 2745 4207 1616 2444 4964
3777032,3951 4964 4587 2034 1990 245 4471 450 3916 4168 387 4385 3116 4179 3197 1694 2583 3925
3603166,2921 1990 1430 2992 3036 3778 3925 4388 962 4116 2445 2583 2053 3951 2095 2431 4867
3290794,1430 2431 2921 2685 1990 3892 2583 4318 1464 2445 3951
3859181,112 245 900 2034 2831 4357 2992 1493 4987 2099 3782 3197 4116 268 4053 2921 1990
961554,450 4984 4964 259 3020 928 3580 4011 2153 3863 2853 1304 4855 1694 2137 3471 3519 4179 3159 4471 4611 1072 566 1336 2146 193 3135 4567 1430 4385 2431
3698222,4382 1825 1990 4493
581530,424 3062 3946 3502 3136 4292 4850 930 3813 1450 4758 3675 3277 1099 3570 4471
575948,4711 2586 571 763 3814 1388 4850 982 62 3136 4624 4903 4029 3969 3675 2863 430 378 2565 1450 1321 4583 2954 882 3587 3773 1133 919 2432 4292 452 875 2711 3242 3478 2814 3277 3985 4180 4758 4585 2262 4302 3433 3316
1961811,3197 4179 4357 2992 4987 245 4221 4964 193 4867 1516 1798 2863 3969 1990 3983 3524 2095 582 4565 1337 3116 109 3777 2034 1436 3778 1322 1225 2583 2431 361 151 3982 3951 1819 847 4471 4450 197
2073163,2053 2992 2685 2382 4388 285 1990 1544 1185 2921
2040945,2583 714 4964 1990 1992 4471 2565 245 3116 1430 2594
3567891,1321 4987 1788 245 2583 4357 2034 2831 112 3925 900 1430 4317 4318 268 2320 4471 3197 2206 420 3675 4587 1493 1990 962
1812382,2260 2655 1442 4229 4304 3327 4478 3499 1742 162
3359939,1133 431 4857 3009 2278 3675 2439 315 2033 4554 3276 3651 62 1095 4624 4585 3371 4292 3489 1254 684
3159122,4587 4964 4791 245 3951 1694 1015 2034 3499 4179 1990 3916 1516 4221 3136 1252 3109 109 4558
3524299,965 1587 2950 2081 3421
170244,1742 4318 1321 3778 1990 2565 3925 2583 4512 4758 4471 2034 245 1788 450 1825 3197 2921 4493 2534 2188 368 1446 1430
869721,1990 4471 2431 4964 3951 3471 450 1322 4841 2697 3778 259 3371 778 2565 245 193 1694 116 3916 3958 2095 1446 2034 2894 3020 4385 3308 4867 1252 71 4587 4320 829 315 1568 3863 2137
3443845,4554 2501 424 1928 4292 3478 866 2433 305 930 24 4727 2278 3776 3146 816 2340 430 763 486 1276 683 4758 368 3062 2033 4302 4029 3587 751
2304834,1544 2992 2053 2382 285 4179 3109 2921 1990 2685 3036
2840881,2831 112 245 900 4317 4357 2034 3036 151 1307 1321 4471 4269 3782 1990 420 4021 2188 4889 2583 3925 3197 4116
2770129,4317 1321 900 223 4357 2831 112 1788 4987 3675 875 245 268 4736 2034 3198 368 4021
1804883,4964 2431 4471 1990 2583 4926 3951 193 2095 778 4318 4611 3778 2565 245 3863 4179 1322 4221 714 1430 3197 1474 3969 450 2146 4987 3675 259 3116 1539 3300 1568 2111 701 2594 4841 3471 3925 2034 4357 1516 3383 4320 1424 109 71 1321 1446 1208 1742
1430178,4471 4318 1321 245 2583 1742 1788 2034 3675 1446 4587 1990 4987 1430 112 3925
1856580,4317 2831 1321 1493 900 112 1042 268 3782 420 2034 245 3478 1788 4987 2320
919301,3574 4871 4558 4727 1596 2425 1180
568653,4727 709 4558 2728 3776 302 3148 3499 2340
1272522,2831 2034 3197 245 1493 4317 2099 223 3917 1990 4027 3925 112 151 3198 900 268 3524 3131 4053 3386 2029 3918 4131 420 1191 1694 829 3778 2599 3867 4987 55 662 2407 3782 4541 1337 4116
2240288,4558 2728 2340 4587 4447 4727 1757 1252 2425 1015
2722493,2921 2831 2992 1990 895 900 420
2786544,4541 2029 112 2728 3478 1501 4539 3431 1307 4494 268
3387058,112 2034 2831 245 2099 900 1493 2029 4053 3198 268 3867 1354 4587 4357 4027 3478 895 2206
2379264,112 1042 1493 2831 3867 4317 268 900 2099 2034 3478 3782 4494 786 3198 245 4027 2029
3220533,2034 4587 4964 3951 487 4027 2733 4385 3148 1015 3916 245 1694 387 1990 3197 4727 3136 1356 3466 1395 2340 3675 4168 3778 3925 4471 4558 109 450 2746 4390 44 2732 1404
124820,1321 4172 1450 1788 3675 1972 4142 3277 4460 3062 4292 4585 3969 2392 1133 62 4471 3946 801 2565 4987
3261904,3632 4334 2332 4332 4613 4373 1133 176 2868 1912 3121 2066 3075 4292 3468 2439 209 1273 3111 3702 3675 490 1248 972 414 237 2780 3505 1286 752 1888 2402 3773 3883 4653 4380 566 1072 1510 3450 4106 62 496 1323 2932 352 1585 1867 4659 684 3175 685 4972 955 3919
199776,3136 3675 4471 4587 368 4727 4487 3554 3778 930 245 4541 1321 900 867 3371 3450 1788 2431 4758 2034 1990
1049379,1544 1990 2992 2053 2382 2685 285 1430 4388 1464 802
3807377,588 1339 4382 2648 2108 2344 4607 705 3877 1741 2156 995 1028 1234
3098324,3276 2793 4857 4972 2466 1909 4985 3518 3094 792 2022
2244708,4558 2728 2425 4727 709 2837
1598651,424 4727 2340 24 930 3136 3478
3915992,2921 4317 1321 2328 895 1337 2583 4021 2831 4131 2431 2445 2008 420 1788 268 361 4116
1267462,3499 4964 4587 4791 3916 1757 3951 1694 1015 1252
691438,1705 1559 116 1385 2972 291 364 3389 2508 4855 3737 1574 157 566 4258 449 3173 3396 2391 1452 490 212 3536 2150 3689 3505 2502 3876 160 4304 1731 2469 2725 1935 3393 3628 4923 2697 1937 4471 2050 6 3702 953 3354 1143 450
326035,1133 3675 4554 4857 62 4292 3121 3371 3651 4624 2196 1095 3489 431 3062 315 3009 4585 4289 4183 1781 1388 2439 3111 2278 2033
3224941,4587 3916 4727 2034 1015 3136 1990 3499 3951 1356 4558 1694 3148 4964 4168 245 3675 3778 2340 4385 387 487 4471 450 1404 305 1252
1112952,424 3062 4292 4850 982 781 1099 3946 900 2586 3136 3277 430 1321 4302 3675 4317
1639689,424 3062 3136 3946 4292 1321 2297 3502 3554 930 2586 368 900 1099 3587 4471 1450
2576766,4554 4624 3675 1133 3651 3009 2087 315 2340 4292 3371 3489 4585 3146 867 305 4850 4289 2196 3121 2837
3274216,4972 4216 1480 1781 2439 1782 1814 2466 792 578 432 4907 2362 3979 4985 2789 3094 1133
2083026,2034 4964 245 3951 4471 3197 1990 1694 4385 387 4587 2733 4318 450 4168 3916 2146 4179 3925 2583 1356
1728890,3574 1293 4558 302 2425 2728 4727 3283 391 3478 4541 1180
1199423,3574 4871 3450 4727 4558 4587 3778 1596 4168 4027 245 4221 1628 2034 3916 4964 1694 4390 1015 44 487 1742 1180 1356 2340 4179 1990 2188 2146
3669786,1894 4380 291 2439 3883 4183 3121 3632 2725 3396 4855 1273 3818 3432 3675 4585 515 2150 1972 2972 3948 1715 4142 478 953 3722 1788 2177 3045 144 62 1321 566 824 855 1095 1450 1133 378 3505 3194 1172
2817715,424 763 685 305 2278 3476 2501 1633 2061 347 3843
13591,566 1928 1399 1532 709 2439 2681 3010 3675 4197 4106 3450 4874 4380 2402 684 3308 258 934 4955 4289 970 4907 1510 578 2332 62
1020264,2278 4972 3276 2793 2033 3673 3675 2528 2466 4857 1095 912 4010 4807 4767 866 3177 431 203
3568911,2728 1562 709 247 112 630 532 3146 268 2921
2707304,1493 2831 223 2034 4317 245 268 3131 3197 1191 829 3198 3925 1990 151 3524 2099 2407 420 3917 2599 4027 3778 3386 662 1337 2320 4131 112 4541 4987 2029 315 2921 4450 3782 4053 3918 1694
1782466,4763 3258 1164 140 4757 2682 4503 625 430 1095 3833 3587 4292 982 4200 84 420 2337 1214 875 966 3675 4207 4585 4029 3851 2813 14 3277 3653 2745 4850 4110 4317 2978 1781 2025 3062 3111 431 2651 219
2850588,3574 302 4558 4727 2728 4027 3148 1180 2340 3450 44 4871 2100 3478 2425
1431201,112 2831 4357 245 4021 1307 3198 151 4317 2034 3197 2029 420 4053 1321 900 4987 3782
2453487,424 3946 3813 3062 2340 1099 2297 4560 4727 4471 4850 4302
3589783,4857 2439 62 4380 1133 2789 315 3675 4585 4289 3009 3450 1095 3371 684 566 4471 4907 3121 2402 4790 3308 3916 701 4106 4320 1388 1162 1254 1781 3111 3010 1538 3062 1112 3829 1195
3454922,4558 1757 3499 4587 4727 4791 2340
612357,4471 2431 1990 4964 450 4385 3675 2034 3951 2697 245 4318 4587 1694 4889 3471 3371 2894 4841 2733 4867 487 3925 2583 2095 259 3778 3020 3863 4900 1568 778 3197
2436015,2992 4357 4179 4987 847 3365 3116 2921 2583 4964
2468227,112 245 1493 1540 1694 532 268 2921 4587 4357 2831 4664 4494 1572
1114793,268 112 2831 3478 3867 900 4317 2921 4053 4541 1321 1307 4987 245 2029 3782 4938 420 3198 2099
2165280,2921 1742 2583 2565 3365 2992 2328 3036 1337 1990 245 2692 2603 315 2095 4964 847 2053 109 4388 1321 4357 3925
886599,2087 4624 3651 3009 3146 4292 866 424 2278 2340 3675 1133 867 4727 4850 431 845 2196
1177320,2992 2053 285 1990 2685 1544 3778 2382 2921
3681295,2508 4471 2697 2153 3951 1574 684 2431 4385 496 450 551 1652 953 222 2647 523 3829 2146 2972 4724 4964 3045 2725
1345083,2831 4317 2921 1493 420 112 3524 3782 2034 2099 245 1337 4131 3198 1307 4021 3925 895 4116 2029 4053 3197 2668 1990 3131 4450 268
1647364,4317 1337 4021 4285 420 3406 1321 2831 3707 3131 2599 4987 895 297 2008 223 4357 2320 1493 1042 875 4053 3235 2668 268 2921 4131 4736 1307 1701 4148 151 3524 3782 2328 4450
1717168,4317 2831 4027 2599 4053 3198 4207 2728 1493 3925 420 2921 1337 3524 223 2099 245 3386 268 2320 4987 3917 3867 3197 829 3131 1990 2008 3782 4131 2034 3495 3478
3458117,450 4587 4871 1990 1694 4558 4727 3574 4471 2894 3916 3951 3778 1015 2034 2431 4168
2623632,1293 4541 4558 2728 4727 3574 302 3478 2425 1180 4539 2099 391
3076705,3574 2728 4558 4727 302 2425 4027 2340 3136 4541 2837 3148
345895,895 4987 4357 3969 847 4964 197 361 3197 2921 2206 2583 4450 2992 1430 1321 245 4867 4179 3107 3163 3778 1337 2445 2034 4116
834291,2095 450 3197 3675 2692 1990 4987 4471 4394 582 1742 2431 4303 3778 3951 688 315 245 3925 3116 2034 1430 259 4964 4179 1568 4867 2583 193 962 1252 4221 3471 2814
427911,4554 3675 1133 4292 3371 3651 3062 4289 4624 1450 3969 4585 62 1321 3277 4850 3478 867 4302 378 900 2196 4758 3121 3009 305
409741,3136 930 3651 424 4727 1858 709 2837 3807 3561 3554 3146 4292 24 368 3478 2087 3946
2299648,454 4256 4010 3632 1133 1095 1781 3346 4585 3675 4216 1480 3009 121 4624 3894 3437 2493 845 4315 2278
1612583,2921 151 1337 1701 2831 361 2099 245 4131 3917 2992 1990 3131 630 3925 3197 4317 2328 4494 4053 3198 3242 3524 2599 4179 4027 4664 4285 1844 2728 112 3036 268 4867 895 193 3085 315 3778 4357 2320 1059
120128,3062 3675 1388 4292 4624 1133 3773 3946 3121 2196 62 431 4758 378 1251 4850 3371 3651 4585 3146 3969 4142 1450 4183 1321
2451954,4871 3574 1596 1180 4558 2425 4027 4727
2007479,4317 1337 895 420 2831 2599 4021 1307 3406 1321 3131 2921 3782 4053 2008 3707 4131 1701 2099 4285 361 1042 4494 2320 2029 3235 112 268
3285282,1321 4021 2921 2583 895 1430 4317 4471 4867 1788 4987 2445 900 2992 2431 4357
62976,2276 2341 4639 1001 3038 3343 2927 2 2396 407 3500 2805 1893 3060 1861 2452 1914
884405,3502 3062 3946 3772 3136 4292 1321 4758 3675 1450 3277 875 424 4357
1287826,4554 4624 4292 1133 2087 424 4850 3651 3675 867 3478 900 866 3062
3173614,2728 709 2837 2425 4541 3136 4558 4727 3146
2483545,1544 2053 2382 4441 285 3865 3490 3440 1990 2685 4388 4306
40338,1337 245 361 3983 4357 4450 2992 2407 151 4179 4496 2921 2599 1493 847 301 1225 4053 1540 4494 630 1516 4987 2328 3524 4131 109 4116 2320 1845 1446 2593 4160 367 4964 1701 2810 2831
2159926,424 24 248 3420 1928 2501 982 4850 4292 763 3776 4029 781 1636 3946 930 2506 4302 2905 910 4180 2224 368 1099 430 209 4424 2402 518 315 4373 3587 3433 4613 1960 4489 3021 3277 3843 3478 1173 3163 3851 3702 2974 2745 3062 3833 4980 2798 2899 3075 3675 4554 4585 1725 2025 4926
1767026,1321 2831 895 420 112 900 4317 2921 4021 2583 1788 4987 2034 4116
2178609,1544 3865 4306 2382 3440 2053 4441 3490 285 2685 1131 2600 1990
2488632,245 2034 4987 2921 4565 4357 3163 2831 3197 1694 112 3969 3524 4053 2992 3242 361 895 4317 847 1844
1245576,1742 3675 2921 2095 2814 4987 3925 3197 4303 1990 315 245 2431 4471 2692 268 2034 450 3085 4394 2583
1077765,4541 4539 2029 112 3867 1501 1307 268 3478 1293 2728 3136
753788,1544 3865 2992 2382 3490 1990 4306 2685 2053 4441
3362742,4554 3062 4292 3946 4624 4850 900 1133 3675 424 4903 4585 4302 2196 3478 3773 982 3489 1450 2087 4142 966 3651 1099 1388 4029 2586 2297 3969 3146 867 751 571 3561 2328 3814 3277
1008128,3062 875 900 4292 3946 1321 3651 3675 424 430 3136 3277 4736 4302 4850 4317 4758
2858172,4587 3148 245 2034 4027 44 3916 4727 1356 4168 4558 3499 3951 3109 4871 3778 1015 4964 1990 2340 1694 2746 2728 4221 3197
2275123,4558 302 2425 2728 3574 4727 4539 2100 2099 3137 2340
313374,4558 4027 3574 1694 245 4871 1596 4587 44 1356 3917 2425 1167 2728 4221 2034 2099 2746 193 2146 3109 1844 4168
3715134,245 4357 4587 2034 1321 2583 4987 112
1162791,245 4357 4987 1493 112 2992 1337 4053 4221 3969 895 2034 4867 4179 3197 4450 3524 1701 4964 3983
3702719,245 112 4357 900 4987 2992 3642 151 2034 4269 4179 4221 3197 2831
3312020,2831 1493 4317 3198 3782 2034 420 112 2099 3131 268 1042 2029 1321 4021 1307 900 3867 223 3524 3925 2599 4450 4053 4987 245 2668
1384578,2728 2425 4558 3137 4027 3917 4 532 1547 3696 4541 4539 1596 436 1540 709
1580143,4317 112 2831 875 1321 4053 420 3782 223 4357 3478 4987 1307 268 4736 900 4938
792511,4587 4964 245 2034 4471 1990 3951 2188 1015 3197 3916 582 1694 487 4168 4221 4179 2733 3778 4320 3116 3675 387 4987 4357 450 3136
2078864,4181 2242 3094 4242 3933 1341 3360 4379 2994 1198 2049 2127 4681
3590725,2921 2445 2008 895 1533 1321 2328 4021 268 3085
95603,2431 4493 3951 1990 1430 1464 4964 2685 962 4471 1417 3333 450 1535 1544 3778 2660 802 1825
549429,2728 4539 112 2099 4027 3478 3917 532
2876033,3136 930 2837 4727 3651 2728 2659 3478 24 867 4541 3494 2298
1020087,4317 2831 420 2921 3782 112 1493 3198 4131 4021 1307 1321 2034 2099 1337 268 3925 4116 895 4450 245 2668 4053 2029
910864,4558 2340 4447 4587 44 3499 2728 4727 4791 1757 3148 2746
2283651,2874 2078 2837 2728 930 3651 4657 3478 3136 2278 3146 2659 484 4541 4727 2340 2025 1742 3561
620591,1321 245 112 3478 1788 4987 4357 4758 2034 4317 3778 2831 1742 420 3197 368 900 268 787 4318 4302 3675 1450 2025 4471 2320
3516787,578 2439 4907 3675 2789 3265 2868 1133 3010 3514 3371 1781 1198 3111 3928 2332 4380 3668 3450 1480 684 1782 4583 1095 1399 1510 566 3985
3003441,4727 4587 4558 3148 3916 4871 3499 3136 4168 44 4027 1015 2034 1356 2340 1694 305 3450 245
2432301,2921 4388 3235 2992 4938 2685 1337 2668 546
900077,3373 4992 4759 141 2761 4071 4678 788 4171 597 3978 3987 4964 1637 1568 1496 358 799 874 1207 3128 3736 3020 2588 4320 1764 1238 1852 3168 2095 4570 397 4945 2651 2106 538 3471 4087 4983 1708 962 4265 4852 3653 4471 3089 1086 1961 1431 1061
3385223,1321 895 2206 2445 2565 2583 847 2921 1337 2801
122286,3062 424 3946 3136 4292 3502 1099 982 3813 4850 4758 1321 4471 1450 3277 3587 352 4585 2586 900 4560 347 4302 368
1631072,4558 2728 4727 302 2425 3574 2100 2340
537282,4010 454 4256 3632 1133 4216 1480 1781 4972 1095 4985 475 4315 4857 3675 2793 4585
306490,1133 3062 3675 866 4292 4554 3651 431 2196 305 2033 3371 4585 1095 4758 62 2278 1973 3009 1781 845 4302 1214 4289 1450 3773 3277 1388 424 3111 3121 4560
2427206,4357 245 3116 112 900 2034 4987 4179 3197 4221 2992 4269 2188
1325805,4554 1928 2501 866 2278 3478 424 4292 2087 4727 2033 24
1493878,424 3946 3062 3136 3502 4292 930 3813 4758 4471 4560 4850 1099 2297 3651
3693991,450 3951 116 4964 1990 2660 1727 2431 4471 3916 1694 2039 4871 1568 4852 994 3650
1126226,112 2034 245 900 895 4357 1493 2992 4987 2099 2831 3197 1042 2188 962
2445255,2992 1990 2600 2685 2382 1544 2053 3036
2133049,2921 4494 3242 1701 2030 268 4938 1307 1337 787 361 1818
811029,2466 4972 2793 4857 1480 4985 912 203 3094 1668 1909 1753 2710 4216 1095 2022 4636 4376 4778 4010 3276 1781 4266 1224 3277 2278 3437
2622426,4587 4727 2034 4027 245 3951 3916 4964 3148 1694 1015 1990 4558 387 4168 2340 4390 3197 3778 4221 1356 3136 2188 4179 2733 487 1395 109 4471 3499 900 3466
1112250,1321 1307 4021 112 2921 268 2831 895 4938 4987 1788 420 3198 4317 2583 3782 4053 1701
1738315,245 2034 1321 4587 4317 4987 4357 1990 4471 3197 3951 2583 112 3925 4964 2831 4179 4021 900 3116 1430 962
1768159,3283 4539 1469 2029 709 1293 3436
3335415,4964 4471 3951 245 3116 4168 4587 1990 2431 3020 3916 4179 4852 3675 2034 2583
656742,245 2034 4027 2831 112 268 1990 1493 4587 4558 2728 900 4541 3478 4727 3136 3951 3925 4964 2099 3675 3916
2979169,3675 1133 4554 4292 2087 4289 1928 4624 3121 3773 3009 4857 866 2196 3371 62 578 3651 685 1136 3062 2402 4183 3489
1194625,2439 2033 431 4727 3062 3675 305 4558 4560 2278 1928 709 3843 2537
1384949,2728 4539 2425 1596 1180 4558 2099 2424 3574
986772,2260 4447 1140
1859136,3062 3651 3675 4292 900 875 2921 3136 424 3946 4541 930 1321 3478 4317 2008 4302 430 368 2831
3337608,2932 4723 3931 323 146 1419 3129 3829 4917 1399 4874 3970 2127 2789 1200
1859593,4541 24 2728 3478 3776 2837 4727 709 2298 2099 930 3136 112 4539 1501 2025 268 424
2308654,2685 2921 3874 2583 4306 2992 1464 2600 1430 1825 2445
2274413,1321 112 268 4053 787 875 4987 4317 1701 4357 3136 900 3675 3242 3062 3478 4494 1307 4938 1450 136 3642 895 3946
3484412,2728 4027 4558 4541 2425 3478 112 4539 4727 2099 1293
118134,4471 2034 2431 3197 3951 3778 4318 1990 245 2583 778 4385 4987 1446 2320 3675 1252 4964 4867 4357 1321 1430 420 4221 4587 3925 487 4021 3471 701 2733 4317 4570
2077788,3062 900 112 1321 4850 4357 3969 4317 3946 245 3136 4987 4292 424 2831 895 982 3675 3277 4302
1879812,245 4587 4027 2034 1694 2099 1180 112 44 4727 3109 2728 630 4168 4179 4871 1356 1596 1493 1844 4390 1015 1990 4558 2746 3148 3778 2992 3466 3916 3197 3499 3574 4964 193 3951
1680271,424 3136 4850 3651 112 3062 4302 368 3946 900 3813 430 4292 2298 930 571 1099 4727 3478
3889733,2921 1321 2814 895 2583 4317 4021 2445 2008
3114597,3951 4964 3499 3916 4587 4168 1990 2034 1015 4385 1694 450 245 4570 4471
3595462,4317 3198 2921 2831 4131 4938 4053 112 3235 4116 2034 245 2099 1307 4987 2029 3524 3107 1493 268 3867 2992 4357 4021 1337 1990 3925 895 420 2668 1701 3782 2160
2453824,112 2831 1321 1307 4357 4317 420 245 900 2034 4987
3086050,245 1493 1540 268 4811 1694 2921 4357 1572 112 361 4587 1446 532 151 193 4179 1701 4664 3146 3983 3917 2992 2831 1516 4494 1395 1844 713 4565
1854489,3243 450 3405 3520 4611 2921 3327 4984 957 808 2749 4289 4471 1080 2853 4964 1742 3365 4855 3519 3863 3168 2644 3210 566 1808 4841 291 1544 4017 2431 2697 2112 3675 4277 3471 5002 4952
76361,4727 4871 2034 4558 4587 245 3951 4027 3916 1990 1167 4168 3136 1742
3426037,112 268 3867 4053 2099 2831 1701 3198 2029 3495 1307 1501 2034 3478 245 4664 1493 900 4357 4938 532 4541
3587084,4494 2921 1337 1493 268 3242 1701 4053 361 875 4317 2008 3131 1540 112 4987 3163 2445 245 420 4938 787 895
1023140,709 4727 305 2087 2033 4554 4289 3675 4292 4558 3450 1928 2439 3062 3371 2196 3843 2278 424 2501 248 3651
1443839,3062 424 3946 3136 3813 4292 4471 1099 1321 2565 4758 3502 930 4302 3277 4850
3813838,875 1321 3772 3062 895 1337 3946 4317 3502 787 3277 1450 4357 4758 4292
588082,895 4317 900 4357 2320 4987 2921 1321 3406 4494 361 4867 2831 4116 1337 112 2992 2583 4053 2008 3969 4131 4450 3925 1701 2099 245
3090437,4554 3675 431 4292 866 3062 1133 2196 3651 4758 3121 4183 4624 1095 2087 3371 378 4113 2278 1781 1321 1450 4289 3969 62 305 875 867 59
1664057,2921 2992 1990 2685 3036 4388 1544
1606439,3564 2156 2108 4382 3427 5007 1234 50 3275 538 705 2448 13 879
115703,2030 112 361 1701 1562 268 2921 1307 4664 4160 895 2029 4357 630 3983 1337 1572
866081,112 245 4357 900 2034 3197 2831 1493 2992 4221 4179 4987 3116 2188
1989845,4471 2431 1430 4964 2583 2565 1321 3969 847 4987 895 1742 4926 245 4867 3197 4357 3675
3364903,2921 1990 4388 2992 1430 3036 4915 4493
492718,245 1897 197 4357 4987 301 3197 2034 3116 2431 4179 4964 4365 1694
3087332,431 305 2033 4554 2087 4727 3675 3651 4292 3062 2278 2196 1133 4624 866 1928 4289 3371 709 1095 486 4183 4302 4758
1772043,424 3946 3136 3062 982 4292 4850 3587 4302 1099 3651
715976,1133 3675 431 3062 866 4554 4292 305 2196 2033 2278 3651 1095 3371 62 3009 845 3146 4289 4585 424 2439 1973 3773
2341784,900 1321 112 4471 368 3554 895 424 3969 3062 3136 4587 2831 3946 245 4317
113507,2992 1990 4388 2053 2685 1430 3951 285 2921 1544 2382 3036 2583
3573618,424 3587 3136 900 3946 3554 3478 4302 2297 2025 930 368 3651 347
1817580,3951 1990 2921 4964 1430 962 2583
1983002,112 151 4053 895 2992 3707 3642 4357 4116 1337 900 4987 2029 2099 4317 3197 4021 3983 4269 245 2831 3198 4131 2034 1947 3036 4565 2030 1701 4938 1307 4450 297 197 1042 3778 4664 3782 361 2921
908033,3574 4727 302 4558 2728 3450 4027 1180 4871 2659 2340 930 3404 3136 3478
1978715,4027 245 1596 2831 3197 112 2099 3917 4587 2034 4168 3778 3450 1742 4558 151 1990 4964 3925 630 2921 1694 55 44 3386 4179 1844 4539 1395 3198 786 4450 3951 3524 4727 2029 4357 3867 3137 109 2320 3036 2425 268 4221 2728 2746 2146 3916 2188 4871 4116
3720625,3062 1321 3946 1450 4292 3136 900 368 3502 875 2586 4758 3969 4317 3277 424 352 1788 2432 2297 3772 4711
1862742,2445 2921 420 4987 2831 1321 245 1701 2328 1337 3524 4926 895 3969 1533 3163
60208,424 4727 4560 3813 2340 3136 3062 3651 4850 3946 1099 3554
3266256,285 2053 2921 1544 2992 2382 4388 1990 4441
266404,4311 302 3776 4727 1034 3450 1615 1001 1301 3296 3945 44 1816 4192 4000
641272,4027 2831 2728 3478 2034 2424 2099 2921 900 4727 245 420 112
2559393,4727 302 4558 3148 3574 2728 4027 2099 44 2340 4871 2425
3050019,2565 2600 1321 2603 2583 2921 2328 2445 1990 1742 1825 2992 1788 3675
1799883,4871 3916 4558 3574 1356 4727 1990 4168 4587 4478 1167 1544 4027 802 1694 3951 387 3778 3499 2732
2116133,4871 4027 3574 245 1596 4558 2728 2034 4587 1694 2099 2425 3917 1356 1990 1167 44
2680566,4554 424 4624 1133 4292 4850 2087 3675 3121 3062 4585 3773 3489 3651 3009 62 2196 866 378 900
1377784,1364 2644 4313 2202 358 362 4964 754 4354 984 3485
855973,112 245 900 2034 4357 2831 2099 2992 268 4587 3197 1990 1321 4987 4053
1258600,4382 1569 2661 2648 4576 588 1741 441 1429 522 2260 4958 2108 3183 627 770
623451,431 2278 2033 305 4560 4972 3938 4658 4727 2779 1133 4558 1140 4767 2793
858635,4471 4964 2431 3951 3116 701 2583 1990 3020 1568 3675 4318 245 4320 2594 2095 450 4179 4852 4587 1322 2034 4221 1992 1430 4867 2039 4926 2697 3471 3778
3680696,2034 4587 3951 4964 245 387 4168 4471 4385 4027 4727 3916 1990 3466 3148 4558 3197 1015 2583 3675 1694
2549764,4168 4587 3916 3499 4727 3951 4964 3136 4471 245 1252 1356 4558 2034 1015 3675 387
2362200,4317 268 900 3675 3062 875 4987 2921 2008 223 4541 1321 420 3131 787 3478 368 1191 2831 1337 3136 112 930 4053 1788 4736 895 1042
3478549,1544 2053 285 1990 2382 2992 2685 4388 4306 3490 802 3865
489920,4587 4727 4558 3136 1694 3450 3499 2431 4964 3651 4471 1628 3951 245 487 1990 2034 1356 450 3371 4027 2340 4168 1015 1050 387 1167
2310413,3197 3951 4587 1230 2320 3925 2034 2423 487 900 3211 3466 4471 1990 3778 197 4889 4027 816 4179 1404 829 4357 387 3683 245 420 4964 193 2175 4926 44 4317 4385
3029681,424 4727 2501 866 3776 4560 2278 930 4458 2087 1928
612734,2030 4936 3739 4938 40 1953 736 4910 2668 1507 3782 568 3115 4361 297 1337 2992 3642
1498580,245 3951 4964 2034 4587 4179 4471 4168 4221 3916 3197 1990 3116 4357 112 193 387 1694 3466 4570 4385 3778 3109 3925 4727 2188
1751135,4587 4964 1321 4471 245 3136 3969 3951 1404 3675 4987 2583 1252 1788
2629813,2728 2425 1293
3343109,112 4317 245 2831 900 4987 2034 3198 4357 2099 4053 268 3925 1321 3197 4116 1990 1493 3782
2251073,4554 1133 866 3651 4292 3675 4624 2087 3009 424 3371 3062 2033 305 2196 431 2278 4758 4289 4302 1781
1066769,2831 2034 1493 112 900 4317 3925 245 2099 1042 2583 2206 1990 895 2320 1321 3197 3198 4357
1286622,2728 4558 4727 3148 2340 4027 3478 2425 2424 112 1180 4539 3574 302 4541 2100
3711618,4539 1293 3283 1469 2029 3436 2425 4541 4558 2728 112
3167215,2728 1572 2425 630 532 1540 1562 3696 1694 268 3137 3917 4664 1493 112 4027 361 4558 1547 2340
1830164,1581 534 1956 2842 2098 950
948453,245 4964 1694 4357 2034 4179 4987 3197 193 4221 4791 4587 1493 4565 112 3951 3109 1990
755076,112 900 3478 2034 4027 245 2831 2099 268 3198 1321 4541 3867
213436,4727 2278 1928 2087 305 424 2501 2439 4558 2033 3776 866 709 3450 2681
3818889,3283 381 3524 2029 4539 924 3131 709 3495 245 2599 3198 4541 1325 3867 2831 3782 1469 1990 662 532 2099 4565 1694 297 2992 2034 3707 3431 4053 151 4416 4494 1199
2695932,2921 2008 268 4541 3666 3131 3085 2328 2445 2407 2728 3675 3136
2592866,245 4357 2034 4987 3197 4221 112 4179 4964 4565 193 1694 2992
381610,302 3574 4558 4727 2728 2425 1180 2099 3148 3478
774500,3951 387 4168 4964 3916 4587 2034 4471 4385 1694 245 1015 4727 1990 2188 4027 3136 3197
1123490,2831 112 245 2034 4317 151 4357 3036 1990 1307 3782 3197 2029 900 4179 4221 2668 2188 582 4269 420 2099 3925 4565 223 297
371612,3675 3009 1133 3651 3371 315 3121 1308 4554 684 2439 2528 2837 3489 2087 4471 4289 1781 2196 305 4624 62 1035 2033
733334,2053 2992 2382 4388 285 2685 1544 1990 2921
2877911,4382 2108 1234 3564 588 2648 3427 441 2156 705
2709100,2029 709 4539 4494 4582 3867 532 2418 2992 1307 1701 112 3823
2489747,4554 1133 3675 866 1781 3651 3009 431 2087 3371 4292 4471 2196 2837 1388 3121 2278 4857 3316
1038113,1133 4554 4292 3062 3675 424 4850 4624 4585 3773 2402 62 982 3121 3946 866 2196 4758 3489 4113 4302 3371 1450 378 3969 3277 2501 2087 4106
423665,3136 112 3146 4494 4587 2921 268 930 1540 1562 875 196
3569631,2034 4587 1990 4727 3778 3136 245 3951 4871 3675 4027 1321 387 4964 4471 4987 450 1694 1356 3925 4385 3197
1994579,2728 4558
3762636,930 3651 2025 3136 2659 866 4871 4955 2298 2728 2837
860417,3136 424 4727 930 3587 3651 3561 2025 24 3554 368 3776 2340 4541 3450 3478 3494 867 2837 4292
272617,2921 268 1307 4938 1321 4021 112 787 1337 2831 3478 4987 2668 3242 3198 900 1788 1701 895
1850256,4357 112 245 2034 4987 900 2992 3197 4179 2831 2188 1493 3116 4269 3642 4221 4565 962 895
3322329,792 4972 4985 4857 2710 4216 4266 475 3564 432 1480
370203,3951 4964 3916 4471 4587 4168 1990 2431 1694 450 1015 4320 387 3116 2034 3863 245 4841 3020 4179 3471 4385 2697 1252 3499 4221 1356 3778
2081644,2831 1493 4317 420 268 3198 3131 3867 2599 3524 2034 4053 3782 1337 223 4987 2029 1042 3495 2921 4027 245 112 3925 3478 2099 1307 3235 297 900 4450 2668 2320 924 1990 4847
987224,2921 361 4494 895 245 2008 3242 3085 2445 2831 112 268 787
252385,4871 245 1596 1990 4587 3574 2921 4168 3925 3651 3778 4027 4727 1694 2034 3951 1628
521741,116 450 3916 4871 4385 2137 2431 4587 4727 4471 3951 3499 2894 1015 1990 1356 1694 4964 387 4168 2034 4478 1167 3778 1252 4558
3068712,705 4493 4471 1464 4382 2431 1535 2344 1825 3333 1990 1247
52739,1321 245 4357 900 112 2034 4471 2583 3197 4987 2831 962 2188 895 1430 3116 1788 4318 1493 4221 4317 526 3925
3797571,2034 4587 1990 4471 3951 4964 3675 4385 2733 245 4027 4727 3136 1694 487 387 1015 2431 3916 3197 3466
296914,3478 875 571 3587 424 900 930 2728 3651 112 3554 4541 3277 3136 3085 368 3675 4317 24 2298
2972504,1321 2831 900 4317 112 2583 420 1042 2034 895 1788 245 1493 4021 2320 4357 3925
3061796,2053 285 2360 2382 2112 1544 2992 4388 1990 4779 2753 3036 3032 3109 151 2414 1572 1185 3983 2921
3796535,424 4727 2340 3561 3587 900
1835550,2242 4242 2049 2127 2202 4181 2809 3933 3094 4195 1087 4770 4602 4704 1341 1743 4681 2994 1002 2003 651 4044 1487 4411 317 2754
3846232,3739 4938 2668 2030 4936 40 3782 1953 4910 568 2921 1507 112
2242837,424 3946 3062 3813 2297 1099 900 4850 4302 4560 3136 4471
3689514,4539 1293 4541 3283 2728 4558 2425 709 3574 3776 24 2099 2029
2988921,4313 2644 2202 1364 4964 4876 3692 358 4686 1482 1974 362 785 2727 1587 4354
1806137,112 2831 245 1493 2034 900 151 3197 4357 3524 2099 3198 4317 4987 2029 4053 4221 4179 3782 1990 4565 4021
3775741,221 2049 4920 566 792 591 2439 4681 970 2710 2573 4972 2919 3771 3094 4857 3970 3933 4216 1810 1324 432 2789 3129 3121 4930 2352 4907 3829 1480 2362 684 1399
2729519,2034 245 4964 1990 1694 4587 3466 3279 3951 3197 1015 4867 3778 4179 450 3185
403768,4727 4871 4558 4587 3148 4027 245 3916 44 3574 1356 3499 2034 2728 4168 1015 2340
2459424,4964 3951 4471 2431 1990 2034 4587 4385 245 1252 1694 3675 3916 4318 450 3778 2697 3863 3020 4179 701 3116 1446 3197 2733 4168 1015 387 487 4221 193 3011 2583 778 3136 2188
2107602,1252 3951 4587 245 4964 4471 2431 714 1990 4791 2039 3300
1785455,4727 3148 4587 4558 2034 1356 1015 3499 4027 3916 245 44 2340 4168 1990 3450 3951
3218385,4541 3136 2728 930 112 3478 1404 1321 4587 786
16338,2692 2053 4987 1430 1990 3197 2992 962 2095 1742 2921 4303 3778
2849670,4992 4320 923 4737 1961 2554 2095 4759 3736 193 1568 4964 1424 874 3987 4852 4471 358 1474 3020 450 4983 3471 2431 3778 2651 962 2352 3079 3373 4071 4987 1430 3279 2644
2138574,4541 112 4539 2728 3478 1293 2099 1501 4727 2029 532 4558 3867 786
430459,2960 355 3369 2388 4477 2431 496 3396 2373 2910 3586 3723 2733 2840 487 634 4471 4964 4783 1694 566 1808 1252 4806 3537 450 1763 4289 2611 3829 1349 1336 4926 3634 4385 927 1165 3709 1882 4787 5002 2423 56 3471 73 4611 4855 4237 1990 1015 449 1154 1574 3810
2145449,4558 3137 2728 2425 112 1596 4727 4871 2099 1562 1180 630 4539 4225 1844 532
1386547,2921 2445 2008 361 3085 4494 2831 3163 268 895 2328 420 1321 2206
3158759,112 245 2831 2034 900 1321 4987 4357 4587 268 3197 4221 3675 4471 3198 1493 4021 1990
3092472,1133 4585 4985 1480 4857 1095 4216 3111 2439 2278 2978 1781 2793 3675 2466 4972 4767 3928 3003
2670193,3951 387 4587 4964 4471 2034 4027 1694 4385 4168 3916 245 1990 4727 3136 3197 487 1395 2733 1015
3322963,112 3867 2831 900 3478 268 245 2099 2029 1493 2728 2034 3782 1321
2172075,4871 4558 2260 3574 4727 4478 1596
1296279,3946 3062 424 3136 4292 982 3502 2297 3813 4850 4758 3587 4302 1450 2586 347 3772 3554
913099,4554 4624 1133 2087 424 3675 3651 3009 4292 4850 866 2340 2196 2278 4727 4585 1005 867
1428709,1321 59 3062 3675 3946 3969 4758 3136 4987 1788 1450 4318 1972 1133 4471 3277 3773 424 2565
1565496,4558 4727 4871 3574 2728 4168 3148 2340 4587 3499 3404 3916 4027 3136 2260
2512277,424 2340 4727 3136
1739280,3675 4987 1321 875 1450 1742 3062 2814 2692 1788 2921 4758 268 4471 2769 2095
2192433,424 866 4554 2278 305 2033 1928 4727 2501 4292 3146 669 2340 2087 3675 431 3651 4558 709 3062 2837 1035 4029 930 685 2061 751
2138500,424 3813 3062 4850 982 3946 1099 3136 4302 3587 4585
359498,424 3062 3946 900 2297 3136 3813 4302 1099 368 4850 3587 1321 4292 3554 4471 3478 2586
55297,2831 4317 112 1307 3782 420 900 1321 4847 2668 2029 245 151 3036 2099 2034 4357 223
789250,1321 4317 895 4987 900 2831 3406 4021 2921 1701 268 1788 4357 1337 2583 4494 361
189765,4587 4727 4027 245 2034 112 3478 2728 4558 368 3136 4541 4471 3675 4168 1321 3951 268 930 3148
2356779,2439 4857 3675 1133 4907 1095 62 4972 3121 1781 4289 578 4106 566 4380 3009 684 1928 3371 3450 1399 3010 3013 315 1254 1532 2402 4585 2789
119888,2921 2382 1990 1544 2053 4549 2600 2685 2992
1387577,1337 4131 2099 2992 4116 895 4357 1990 4053 245 3197 4317 1701 151 3036 4867 112 2831 2034 4987 2921 3242 361 3778 900 3925 4179
1380019,1493 3198 2831 3524 223 4317 2029 3131 2034 3867 4987 4053 2099 3782 245 151 420 3197 4131 924 1990 2599 4207 4021 3386 268 829 3917 112 662 4027 1325 4450 297 4539 1337 3778 3707 4938 3925 2668 1307 4736 2719 1694 1612 3495 4285 55 3235 1042 1354 3918 3431 922 271
3757235,4554 1133 4292 4624 3675 424 3062 2087 3121 4850 3651 866 62 3773 2196 4585 378 3371 4183 3969
1510653,3499 4791 4587 1757 4558 2340 2728 1740 4404 3148 3916 4727 4478 1015 994 4964
925108,4554 1133 866 2278 431 4240 424 974 4471 683 1404 4541
1850216,1321 3969 847 2565 2445 2583 4987 2921 3675 4926 2206 2711 4471 1788 526 1226 3163 1818 1430 895 2801
1486197,875 4494 268 112 3242 4053 2921 1540 1701 2025 3136 245 3478 361 1337 532 930 1493 870
3812595,4558 3148 4727 2340 4587 4168 1356 3499 4871 3916 1015 44 4027 175 3574 3450 305 302
333680,4871 4727 4558 3574 2260 4478 4168 1628 1596 3916 1167 4587 2732
849263,3136 4587 2034 4727 3675 4471 245 4027 4558 387 1694 3916 1990 3951 3148 4964 4168 368 4385 1404 1015 930
3295607,2439 3675 4857 4611 2049 4289 4972 62 566 1133 1964 2402 1095 4770 4874 323 2362 3121 4907 578 3371 684 4855 3129 3450
3587980,1321 900 4317 1788 112 2831 2583 895 4021 1430 245 4987 4357
1611933,3951 1990 802 450 1544 4493 4964 2660 4871 3916 4587 1356 3499 2431 4168 994 1694 4471 2685 3778 462
341124,2728 4027 3917 2425 2424 2099 4558 4539 2921 1596 3574 2100 245 4587 44 630 4225 3495 2992
2467710,2034 245 1694 112 4587 2188 3197 3916 1015 4168 4357 4964 900 1990 4727 3136 4179 3778 3951 4221 4987 2831 387 1356 3148
20449,4727 2034 4587 4558 3916 3951 4027 245 3148 4964 3499 387 4168 1356 4385 4871 3136 1990 1015
455569,4357 112 900 245 2831 4471 1321 2034 4987 4318 2188 1990 4221 2583 4317 4179 3036 526 3116
851320,4727 4558 4871 3450 3136 3148 4587 3778 2034 2340 3916 302 4027 2659 1015 930 245 4168 1694 1356 4298 368 1990 3675 3574 4390 3386 3499 305 1167 175
517426,2728 2425 1526 4558
2730773,1252 3951 4964 4471 245 4587 2431 1990 714 3300 1172 3778 4318 4791 701 2034 462 2039 4987
520605,2651 3233 3854 1238 3079 1198 4216 2754 4974 3753 698 1224 4985 3471 1568 1814 3392 1082 3168
20571,3916 4168 3951 4587 4964 1694 245 387 2034 4027 1015 1167 4179 4727 1395 3197 3148 582 4558 3109 4390 1356 2746 2340 1990 3116 2146
2445242,2728 4558 4727 2340 4447
1880919,2728 4727 4541 24 3136 2837 3478 1293 930 424 4558
3533330,2921 4388 2992 2053 1990 2685 2382
1582559,2034 245 3197 1990 2831 3925 4587 4317 4027 2921 3951 829 3778 2099 900 1694 1395 4131 4964 2320 112 1493 3918 2992 3466 3524 268 420 4987 193
968619,3866 3685 3667 900 2905 2899 2193 967 4311 4027 2211 4056 1017 4424 1034 2423 3211 1230 4029 1349 3420 4926 2337 1473 4471 4565 4000 1257 4139 3224 368 414 2611 3946 2704 4006 4207 347 3776 3443 4727 4317 2728 223 3899 472 1066 3951
240902,4385 4471 450 2431 4964 4587 1990 3916 1694 3675 3951 2034 2697 4841 3020 116 2894 2137 245 551 4168 1015 1568 3471 1252 778 3371 2733
2435902,112 245 895 4357 2034 2921
474485,424 2340 3946 4727 3587 3561 2501 982 3136 2025 930
3650872,2921 2445 2992 2328 2603 2583 4388 4021 1321
113527,2921 895 112 2992 2831 900 1307 1321 4357 4021
1533827,245 2034 4587 4964 1694 4867 1990 3951 4027 3197 4471 3675 450 3778 4179 112 3036 3925 3466 2095 2992 2921 44 4987 2431
2075517,2260 3574 4871 4478 1439 1628 1167
2054343,4558 4727 3574 302 3478 3148 2099 3450 4541 4027 2425 1293 4871
1797682,245 112 1321 2831 2583 4357 420 2034 4317 4471 4318 4021 3197 4987 962
2482160,3021 248 4667 3619 1728 578 2332 2621 3833 1895 2501 4178 2427 2432 2061 2626 237 3843 2798 1824 24 357 2657 2796 4292 1725 1532 684 2402 3205 2475 1399 3464 930 3621 4874 709 1928 324 471 3119 3010 4755 4803 3776 2262 496 4458 2506 4000 4128 972 3716 2681 4613 566 841 1720 3931 800 46 2963
3723371,4727 4558 302 3574 3148 3450 4871 2340 3404 709 2728 3136 4027
543046,2036 353 4855 4560 3843 515 2303 1576 1170 90 4264 4900 3570 248 1268 4292 2431 2780 3062 4896 2919 4289 4458 918 4222 1808 566 1880 673 3396 3277 1273 2914 3793 3675 3773 62 3121 3883 4641 2725 1408 2087 2196 4180 1450 4624 3807 4698 3946 4106 185 3098 4758 424 2317 4584 3740
193521,2921 3235 4938 1226 3242 2160 3115 1307 2445 1878 4910 3107 2030 2442 3085 895 3431
666500,4317 420 3406 1042 4021 3707 895 4987 2831 3782 4053 4450 1337 2320 1321 1493 1307 223 4131 1788 136 297 3198 4116 3131 112 2668 2029 2008 3107 900
2796960,1493 2831 151 3917 245 2099 3197 4027 2034 223 55 3524 3198 112 3386 1694 662 1990 3867 4053 268 3131 4541 829 4317 1191 3925 2029 2599 109 4539 3495 4987 1395 1337 4164 3918 4179 4664 3778 3782 630 4565 2992 4207 4964 315 4131 193 4221 900 1199
3773083,2831 3867 1493 3198 2029 4027 4539 3131 112 268 2099 2034 2921 1307 245 3478 3495 2728 4541 3524
1623100,2431 4964 3101 4471 4686 3778 3510 139 1430 2188 4583 4606 4460 2562 4801 1252 2588 3025 193 1587 2111 4221 2583 1172 1148 470 1244 487 4179 3948 4855 2895 1608 4570 4987 3471 3197 2146 3536 4357 4243 1216 4385 1349 1708 1974 3116 245 1417 1322 3195 4142 4926 1742 3969 2320 526 4889 1372 1568 3463 1474 4096 757 2083 2697 109 4280 847 2635 2863 3449 2814 1388 4276 1516 3810 2988 4660 4852 2445 2950 3946 4319 3020
322609,4987 2921 245 4926 1321 2034 2583 4964 2431 1788 4357 2831 3197 4471 1446 3969 4221 526 1694 4450 2328 4318 3675 2565 4179
381867,2921 4541 2728 3666 3936 881 3085 3136
117008,62 3062 2921 3675 3121 2445 3990 1133 4317 2328 1095 4292 1577 4585 3969 378 2008 1321 875 4758 1450 1388 1803 3371 420
2923757,2921 4317 1307 2831 895 1321 2583 420 4021 1337 3235 4116 4131 3925 112 4938 3782 3198 2668 268
401771,2053 1430 1990 4388 450 2692 2095 2992 2921 962 3892 1742 3116 4987
3891799,4558 4727 3574 302 2728 4541 2425 3450
1915949,3865 2053 4306 2992 2382 2487 4441 3490
618916,4964 3951 4587 3499 4791 3916 1252 245 1727 1990 1694 73 714 3650 1516 470 4852 1015 4407 3300
2135041,3680 1954 3079 3094 4471 2661 3471 1580 2994 2864 4762 1827 4242 933 2811 1448 4681
3891479,3675 4292 1133 3062 3651 2087 431 4624 4554 866 3009 3121 2196 2278 1095 62 2033 4727 3371 4758 378 4183 4302 305 3554
2468161,2528 3276 3651 2837 2728 4554 974
37093,4727 2034 3136 4587 3916 4558 4871 930 4027 1990 245 3951 2659 4168 3574 1356 44 1694 3450 2340 2728
3207855,424 3136 3946 3062 930 4292 4758 3502 3554 4471 1450 4560 4727
3090859,2728 4558 2425 4727 2424 4027 2100 4174 2340 3148 4587 1596 2099 112 3137 245 179
2423163,4382 2648 588 1429 2608 705 441
3778225,2565 847 1321 1337 895 3242 3969 1226 2206 787 2583 2445 3675 4987 1026 1701 1788 1430 4926 2992 4471 361 2921 4867 4357
954347,4855 1430 817 2583 3101
1666072,112 2034 900 2831 245 1493 3197 4317 4357 4987 2099 420 1990 3524 4565 3778 2992 1042 3782 3925 4053 4179 297
2851013,3983 713 1562 2030 630 361 2921 1018 1337 4664 268 2992 1701 1436
989641,4317 4021 1307 3707 1042 895 420 3406 4053 3782 1321 4987 4450 4116 1337 1788 2831 2320 2029 4494 297 4938 112 787 2418 2921
3606112,1321 4317 3062 875 4494 1450 268 3242 1701 1337 3969 787 3772 900 2565 2586 368 3946 2328 4987 3136 2921 895 3675 3478
1202818,2034 3916 3951 245 4587 4964 4727 4385 1015 1990 1356 4168 4558 112 1694 4027 4471 4871 3499 387 3136
1290333,1337 1226 2030 361 4546 895 1701 3864 3242 1818 4938 1629 4094
1323601,1339 4382 2608 705 588 2344 2648 1028 4607 2156 995
2146250,3279 3951 4964 1990 4587 4179 3778 3185 2034 4320 450 245 1015 1694 3466 4791 3116 3499 4611 4221 4867 3197 4871 1516
1897793,3136 4541 3478 930 2025 875 3651 2837 112 424 368 900 4317 4987
2418489,4541 1293 24 709 3776 4539 4558 3283 2728 4727 3574 3478 2425 2099 112
464905,2831 245 4317 2034 900 1990 3925 112 3197 2320 4987 2099 1493 3198 420 1321
1078316,2431 1990 3778 450 4493 3951 3675 4471 4964 3916 2565 2188 4587 245 4289 2137
2678873,895 2921 361 1337 2445 1701 1307 1321 2030 4938 4494 3107 2008 4987 3242
1068796,1321 801 3081 2565 2445 4758 2921
886846,424 4554 3478 3062 4292 3675 4850 1133 900 2728 4624 2087 4585 875 2278 59 62 4758 571 709 3969 1321 866 3146
2165154,1321 1788 4987 4471 2583 3675 2831 245 420 3969 4318 4357 112 2431 2034 4317 1430 895 900 4021
678208,2921 2583 1742 2328 1990 2992 2565 2603 2600 2445
1591965,1321 4021 2583 895 4317 3406 1788 2431 2921 4987 420 4116 2008
723371,3136 930 3651 2837 4727 4292 3554 2297 3476 2728 3478 2874 3277 424 2278 3675 4541 3146 368 1321 3946 4587 1450 3776 1943
229275,2831 1307 2029 112 4317 3131 4053 3478 420 2099 3867 4027 3198 3782 2034 151 55 2719 4565 268 4938 3524 3085 245 223
3328157,4727 4558 3574 3148 302 4027 4871 2728 2340 3478 3450
1852608,112 3867 2029 4539 268 2728 4053 1307 2099 1701 1501 4664
3015156,2831 112 245 2034 2099 1493 3198 900 3524 2029 4053 3197 3867 4317 1990 3495 151 4027 4357 268 3925 2992 4539 420 4664
3180434,1133 866 4554 431 424 4292 3651 2278 4758 2837 3277 4542 1781 3675 59 4624
2865632,112 245 4357 1321 2034 4027 3198 268 900 4053 3478 4587 2728 2099 3867 1307 1701 2831 4938
3833099,4554 3675 4292 1133 3651 3371 3062 2196 866 4758 4289 4624 3554 2087 2033 1973 62 378 3277 3773 305 1388 1450 1788 4302 59 3009 3121 4471 4113 910
1584400,4554 866 1133 424 2278 4292 3651 683 1404 3675 3062 3146 59 431 4850
3807311,3675 3062 3146 4624 4292 867 3651 1321 1388 1133 3121 4758 62 1450 3478 344 4585 2008 2087 3969 1788 2278 431
3494734,255 353 2153 3034 1080 1999 4222 1385 566 4227 4855 1452 1574 2150 2725 1506 490 364 515 2767 2508 1891 4879 4347 22 212 4952 291 2207 4876 523 4420 4611 3257 3722 4333 4111 1268 4924 3740 3354 1808 1355
2691245,424 4850 982 781 1099 3062 3946 900 3813 2586 430 4302
2699824,4471 3243 450 4611 4964 2431 3519 3863 4984 2853 3675 2305 3520 197 2644 808 4852 5002 1430 4011 4570 3471 4276 3327 3365 2583 1252 3951 4289
633054,2215 431 3289 2278 709 684 2508 515 1072 4955 4587 3689 4558 2980 3793 1694 4027 2196 2061 3807
879396,4223 578 4129 1782 2439 4634 4380 3019 4907 3675 3371 432 4972 1781 1095 2789
672429,2710 4256 454 3518 2793 4216 1781 4985 4972 3125
1539274,1493 2831 4317 3524 2034 3867 2099 3198 4053 2029 3197 245 112 420 268 223 2599 3782 3925 924 1990 3131 151 3495 1337 4027 3917 3707 4987 2320 4450 1042 3386 297 829 3918 4565 2719 55 900 271 4131
2725182,197 2423 487 245 1990 3466 3683 900 2034 1035 2320 3778 3211 1611 4587 1742 701 420 1317 3951 3197 2431 3524 4471 1694 4027 44 655 4494 4056 1015 3925
3745068,2972 1935 2508 1574 3945 116 449 3722 6 523 4089 2853 4879 984 3396 4855 3958 3883 1652 4934 1152 684 490 1538 4347 515 1033 2697 216 1578 3334 2595 3740
2467161,2340 4558 4727 2728 3148 1757 4587 4447
1612093,2501 24 424 3776 3478 4727 930 4000 1725 518 1928 4554 2025 3443 3587 3946 2044 430 368 2340 816
1879340,4727 4541 1293 3574 3478 2728 4558 24 302 2298 3776 930
609729,2728 2425 1547 532 4541 4027 4558 2837
1876443,4554 1133 431 3675 4292 3651 866 2196 3371 2278 3146 305 2837 1095 4758 4471
2896145,3420 424 2506 248 1636 24 982 930 781 4029 4850 4424 4302 3946 430 763 2905 4180 4292 1928 3277 1099 4489 368 324 3433 3587 3776 2899 3843 910 2224 3163 2501 2798 2402 4373 315 3021 518 1725 209 2745 2025 4926 3075 2974 4471 4560 4613 1960 1761 3675 3478 3851 4980 4648 1173 3619 3702 2433 4979 3833 4207 3062 4585 109 2936 4377
1209105,4727 4558 3148 3574 4027 4871 44 2034 4168 2728 4587 245 175 2340 3916 3499 1356
2782805,2439 4857 4972 792 3675 2049 2362 4907 2681 3450 1095 674 3371 1480 566 4611 4289 4216 4251 1964 1928
110173,245 2992 4357 900 112 2034 1321 4317 4987 2831 2583 3197 2921 1430 2320 3925 4179 1990 962 4471 4021
155470,2921 3085 268 4317 3131 2008 3242 4494 2831 420 3782
3529391,1133 974 4554 4471 1628 431 3276 2278 4595 231 3371 866 2090 3651 3675 14 305
1453478,2831 112 900 2034 1493 1321 4317 245 1042 420 3198 268 2099 4987 3782 895 4021 1788 3925
195552,3946 3062 424 4292 982 2297 4850 347 3136 4302 3502 3813 4758 2586 3772 352 648
2788559,3899 2272 4134 4311 4139 1001 2880 4727 3776 4192 4038 3211 2951 2257 900 1463 2279 2704 2927
1658556,2921 2328 1321 2583 1337 1990 3925 2431 2445 2831 2692 245 2320 2407 4388
1472647,2728 4558 2340 4727 2425 4791 4587 1757 4447
1510468,2992 4306 3865 2685 1331 2921 3490 2053 3874 4674 2382 3275 1990 4388 1464 2792
3348926,3079 2981 4109 1653 3732 3897 3471 1448 1925 1224
2065827,2034 3951 4471 4385 4964 1990 245 4587 2733 2431 4318 3675 3916 2583 387 1252 3197 487 1446 3778 450
2797435,424 3062 4850 781 982 1099 3946 900 3136 2586 4292 4471
150153,4471 3951 1990 245 4964 1252 2034 3675 4385 3916 4587 2431 3471 778 450 3925 2583 4318 387 3197 2769 3011 1167 1446 2733
3808465,268 112 1321 3478 4317 3867 2921 787 3242 900 2831 4494 895 420 1307 875 1701 4987 4053
3240108,4471 2431 1990 3951 1252 4587 4964 450 4385 2034 2697 3778 3675 245 2583 3136 3925 3916 487 2769 778 3371 1446 4841 1322
1311462,2831 1493 3198 112 4021 2029 2034 4317 245 4987 3524 2099 3782 3131 1307 151 268 4053 420 223 4938 4131 297 2668 1354 1990 4450 2599 1337 3197 3778 900 3867 3925 1042 4285 4116
2295562,3276 2837 4658 974 2528 4558 2728 3651 4554
2651136,245 2034 1990 1694 3197 3663 4587 2099 3778 900 44 4964 487 1015 112 3466 4357 3951 3925 3109 4027 2831 3917 4179
3892654,2025 930 3651 3946 3136 866 4758 2659 1321 3062
3817056,90 176 3843 1273 1706 4458 424 4896 4613 2788 3505 515 3451 248 4136 619 4373 2657 353 2040 4560 3075 414 3946 3793 673 795 2150 4855 1405 3062 1576 1170
2650249,2029 112 4539 1307 1293 3867 4027 4558 4053 2099
1348099,900 245 112 4357 2034 4987 2831 1990 1321 2992 4317 197 4116 962 3036 3197 1430
698815,4727 3574 4558 302 2728 3148 4027 2340 2659 4871 930 3136 2425 3478 4587
2950840,1321 900 1788 420 2831 112 2034 1786 2583 245 368 3136 4471 4317 4987 895 4357 4318 1042 1493 268 3675 3925
3694479,4292 4554 3675 866 305 3651 424 3371 2278 4727 4758 3146 1133 3062 2196 3554 486
3345291,1990 245 3778 4027 1596 4179 2034 3109 2099 4871 3036 3951 4587 3925 3574 630 44 1180 2746 193 4168 2992 4221 4964 802
3236913,2728 4558 3776 2425 302 4727 709
955361,2831 1493 112 2099 4317 3198 2034 3782 2029 3131 3524 4053 245 420 4021 223 900 151 4450 268 3197 3867 2599 1337 1042 4987
3693667,4727 4558 3450 4587 2340 3136 3776
2943571,248 4292 424 3946 1636 24 763 982 4850 781 4180 3062 3277 4029 1099 1928 3675 2402 4302 2501 2974 4585 4471 4373 1133 930 4424 430 2506 3420 4926 2745 910 368 4554 1173 315 3587 4613 109 1450 4106 2905 62 3843 1761 2025 3433 3163 2291 352 4896 3371 4011 4489 751 518 177 3851 3894 3489 2583 3833 4560 701 4758 1035 4641 1276 3702 1960 3075 2188 3478 420 290 2320 2963 866
386426,2351 2260 1757 4791 4447 4558 3499 4587 4478
1477907,4541 112 3478 1501 2029 3136 3085 2728 268 1307 2138 2418 1293 1701 24
2457739,4554 1133 3675 3651 4624 3009 4292 2087 305 3371 4289 2340 4727 2196 424 867 866 3062 62 3146
3803304,245 4027 4587 1694 1757 4791 2728 3386 3863 4964 4056 2746 1015 3466 109 3136 2034 3197 1540 3011 2146 2340 714 1844 1493 4179 800 1990 112 3951 1167 1142 4558 3146 2831 193 2837 4520 3675 624 301 2431 1516 1395 4494
3463625,4266 221 4985 3094 4216 1224 3922 3239 1827 1668 2710
3447806,1364 2644 4964 4313 358 2202 3421 3579 785 1482 362 470 754 2134 1974 1587 64 1207 4354 4686 3539
352259,4021 4317 112 1321 4987 1307 268 3782 895 2921 4938 1337 2008 900 4053 4116 787 2831 3131 420 2992 1788 1059 1042 2668
3156878,112 2831 900 2099 2034 3478 2029 3867 1493 4317 3198 245 4027 4053 3495 3782 268 895
1503906,4357 245 4987 112 526 2034 4179 4221 3116
1905758,3062 424 3136 3277 4292 3502 3946 3675 875 4758 1450 1321 930 347 1133
2312961,4727 4871 4558 3574 4027 1180 4587 1596 4168 2728 44 2425
2491455,2034 4587 4964 3951 3916 1015 245 4385 1356 487 1694 1990 4727 3148 4168 3499 2733 3136 4027 387 4558 3466 450 2340 4471 3778 1404 305 3197 3675 4390
2002150,2921 4027 3917 1694 532 630 2728 2831 361 2746 4494 1395 1844 3683 245 268 3495 112 3823 3696 2407 2652 1572 3085
3751504,1321 4987 4317 1788 900 245 268 3675 112 368 4357 2831 3925 4471 2921 4021
2824110,4053 3707 3524 112 151 3782 4317 4987 4565 3197 297 2029 4357 1337 2099 2034 4131 245 2831 3198 1493 2992 4160 3642 895 4116 1701 1990 4664 4450 4285 223 2320 900 2719 1307 420 4938 4867 3235 3983 4021
1062687,3916 3951 4587 4964 2034 245 387 4471 4168 4727 1990 3675 450 4027 1694 3136 1015 1395 1356 4320 4221 4558 3197 4385 3778 3116
2862690,684 779 315 3829 259 216 328 3159 4964 3571 449 2146 3863 4627 2137 829 3371 4841 4289 62 3916 4011 71 3675 2611 3778 4320 4385 3825 1322 4471 2697 109 2508 1538 193 4855 387
3227558,4179 3109 245 4357 3116 2950 4587 3778 4221 4964 2034 3036 3951 3197 1990 2188 4116 2992 3421 3925 193 4679 962 3918 2081 112 1430
1043871,4587 3136 4727 4027 3450 2340 3776 1694 2034 368 930 3148 4558 4168 3951 1395 245 1167 4390 487 4964 3916 387 3197 1015 4471 1990 4641 424 1404
235989,4554 866 4292 431 2087 3651 424 305 486 1133 2033 3675 3062 4727 4758 2501 3146 2196 4302 1928 2278 2340 3478 3277 1321
3485755,2728 4539 112 4558 2425 1562 1469
951017,424 4727 3136 4000 3651 866 2340
2899453,2831 1307 112 4021 895 3782 4987 2921 2029 1321 900 420 4317 3198 4357 2034
2165936,566 3468 1248 4584 3121 515 2780 2439 3883 490 1268 2868 4855 2919 3045 3985 3009 2900 4526 3675 4106 1585 1567 3355 2317 3773 3013 1510 2357 4585 4264 3062 2725 2165 1399 2657 3159 62 454 4896 2534 4955 3371 3145 43 3919 1912 675 730 3451 2150 4380 3075 3505 1133 918 1810 4289 684 4142 4383 1577 3695 2137 3452
3551295,4471 4964 3951 259 2431 3471 1990 4221 3197 2095 487 4867 245 2565 3925 4926 4179 193 3675 2895 2583 2582 1322 778 2146 4590 1252 1742 3863 71 2039 4987 2320 4008 109 3383 2034 3116 3969 4587 1446 398
1148513,1293 4539 1469 3283 4541 2728 2029
161192,3062 424 4624 4292 3773 1133 3675 1388 2196 3146 4113 4850 866 352 3946
1202259,3136 424 930 1858 3651 4727 3561 3554 709 3587 2837 3807 2087 3813 24
2725893,2603 2921 2583 2565 1321 2445 2328 2992 3365 1742 2600 2832 1749 1825 1788
2509131,2728 1596 4539 2424 3917 630 4027 2099 1562 2425 532
1771412,2992 2053 1990 285 1544 2685 2382
2291951,4554 2087 4624 1133 424 3651 3675 866 4292 3009 2196 3146 2340 867 431 4727
3911315,361 2492 1337 4585 4716 287 151 2992 538 875 1480 3111 245 4987
3371455,1321 4317 895 900 268 4471 4987 3969 2583 787 4357 2921 3406 1788 1450 4494 1701 4867 875 3062
214090,245 4357 4987 4221 3116 197 4179 2992 3197 2034 3969
2684857,112 4357 1216 2583 1818 4587 2992
1216708,4587 4558 1757 4727 2340 3499 2728 4791 3148 3951 1252 1055 1015 3916
590420,3951 2431 4471 2039 4964 1990 1417 2583 3020 4318 2697 116 3116 3449 1430 245 450 3863 3471 551 1322 2565 398
2355277,245 112 1216 4357 2583 4587 4221 4987 1321 4179 2034 1742 4964 1430 268 2950 1493 3300 1404
1206096,3062 3946 424 4292 900 2586 4850 1321 3136 3277 982 2297 571 1099 430 4302 3554 347 3502
3492857,2921 1321 268 4317 4021 2814 900 1307 895 2138 361 3131 2328
1873830,424 1633 763 135 4980 357 2262
1659052,1596 44 4871 4027 4558 2099 245 4587 3574 3917 2425 1180 4168 3137 1356 2746 1694 3778 532 112 3109 4727
3200727,2108 4382 1234 3564
359272,1596 2728 4225 630 4539 2425 1180 4027
1297177,4471 2583 1321 4318 1430 962 3951 1990 245 1788 2034 2921 3778 4587 4987 2431 4964 1417 1446 3925 3675 4021 4357
2281813,2728 4541 4727 4558 3136 302 3478 112 2425 3574 2099 930
3284296,1493 2831 245 2034 3197 4021 4317 112 151 3925 3198 3524 3131 4987 4357 2320 4450 268 1990 1337 4221 223 900 4867 962 4285 4131 4179 3778 1321 2921 2668 420 4116 2992 4053 2099 3036
3136007,2425 2728 4539 3283 1293 3574
1374221,4587 3951 4964 245 1990 2034 1694 450 4179 3109 4867 3197 3778 2095 3916 3116 4221 582 3466 4471 2992 4168 3036
331945,420 4317 2831 3131 1307 3198 2320 4021 3925 112 3782 2034 4987 1321 2029 4450 4053 223 2099 268 1493
181729,4727 3916 4587 2034 4871 4558 3951 1356 245 1015 1694 3136 4964 4168 1990 3778 4027 3148 2340 3499 387 3450 175 2351 3675 4385 450 2188 3386 4320 1167 4390
479425,1544 2053 1990 3865 3440 285 2382 802 2992 1430 2685 4306
1469079,1133 4554 3675 4292 4585 4624 3489 3062 3773 424 4850 3121 2402 982 4903 3009 62 4113 4106 3946 1248 1388 763 2196 4142 3371 378 1450 347 2087 1136
1984332,4871 3574 4558 4727 4168 1596 1180 4478 2260 1628
2360699,2431 1050 4471 4587 1990 3136 4727 3499 245 1252 2034 4964 3371 778 1694 450
1929725,2992 2053 2382 4490 4388 1990 1544 285 1185
2964387,4736 900 922 4148 4317 112 4357 3131 223 875 4565 3707 4259 3277 2008 4987 3406 297 4494 2992 381 2638 136 3782 4207 2831 3524 3198
2111510,2921 112 3115 3739 4938 245 4910 736 1226 4357
3356582,4587 4964 3951 2034 3916 4727 4027 245 1990 4168 3778 387 3136 3675 1356 4558 1395 1694 3499 450 3148 2340 4871 4320 1015 4471 4221 2746 3197 4385 2188 4179 4390
2619433,4558 4727 2728 2340 1289 3148 44 2837
496177,4727 3148 4558 4587 4027 2340 245 2034 3916 4871 2728 1015 4168 1356 3499 44 3574 1694 3136
769607,3385 4975 4266 1122 4681 3963 4825 3094 3453 4857 2306 4799 4961 23 3518 4471 933 1108 4843
1354562,424 4727 2340 3136 3946 930 24 3478 3561
1796292,4554 1133 866 4541 4292 1321 2278 4758 424 431 112 1788 683 14 3675 4926 4240 1404 4471
2144936,4611 2153 450 2508 4964 1080 566 2853 4471 1142 4855 2146 2431 3396 1810 2137 3829 22 1322 4984 449 1252 4952 829 4570 2697 3722 2611 1898 4011
1121557,875 3062 3136 930 2008 4541 1321 4317 1450 3675 3946 3478 3085 4494 2025 2921 3772 368 268 3242 3502
3213367,4727 245 4587 4541 112 3136 3651 2728 3146 1694 4027 930 4871 2099 3478 1844 900 2921 1742 630
3506576,4317 2831 223 3917 1493 4027 245 3197 151 829 2034 3524 2599 2099 3925 268 1990 1395 420 4131 3198 662 112 3386 4987 4053 4179 3918 1191 1337 3867 109 4221 55 3782 2029 900 1694 4285 315 2921 4207 2320 582 3131 4450 4964 786 4565 193 3495 924 3778
1939916,2921 4388 2992 1701 1337 4053 268 4938 3242 3235 2668 4987 630 4131 1307
2162631,2897 354 1402 1411 2331 749 415 4384 927 78 4462 1510 587 3389 3611 985 3625 523 4947 2353 4082 1138 25 1151 4683 2458 4124 2574 4768 1466 3307 1122 159 1977 522 118 4954 2480 984 2362 566 2139
2903352,2382 2921 2685
2154126,3094 4266 1915 2793 2997 892 644 4471 1964 1753 3780 2200 4975 1668 3314 188 4501 1925 3099 317 4216
1356588,112 2992 895 900 2921 2831 4357 4053 245 4987 2034 2099
2970122,4972 1480 792 1814 4216 1782 4985 3094 2466 1781 3979 578 2439 1108 2710 1195 432 2362
2098285,4964 1364 2644 358 4313 4876 3485 1587 2202 1252 362 5005 984 4354 2957 64 1207
2473678,424 3062 4000 3651 571 430 4850 2586 3136 3277 4292 4302 4903 3946 900 4736 875 3675 1414 866 2983 1099 781 1133 4987 378 1321 347 3554
2326708,2425 2728 4558 709
2236637,2921 1337 1321 2565 2328 2445 847 3242 1701 4494
222328,3136 3062 3946 424 3502 4292 4758 3813 930 4850 1450
1726884,3136 4727 424 930 3776 2837 2340 3651 24 3587 3561 4541 2025 3450 867 368 3494 4292 3478 2298 3554 3675 2501
3739632,245 3197 4357 4987 197 2034 4221 4179 4964 4565 193 1694 3524 4867 3116 1516 2992
3867063,245 4471 2034 1990 4587 4987 3951 4964 4318 3197 3778 1430 2188 2583 3675 4221 4385 1321 3466 4357 487 4168 3925 4179 1788
274779,3675 3009 315 1133 684 3371 3651 2439 2528 4471 4554 4289 305 3121 2837 3276 2087 2728 2340 3489 4857 4558 1308 2033 4624 709 2278
3446765,2565 2625 2123 4871 1749
939013,2921 2328 2831 4987 361 268 245 1701 2407 1446 151 4450 1225 1493 4357 2992 112 4541 4496 2583 271 2008 3146
2513554,4964 245 4587 3197 1694 2034 1990 4791 2921 3675 2583 1844 4471 4179 3136 3863 1493 4357 2431 3951 1446 3683 4987 1015 1252 3925 361 2831 112
3839331,2728 2425 4539 4558
826776,2831 4317 1321 420 4021 895 112 900 2921 3782 1307 1788 268 1042 4987
3493738,2053 1544 1990 285 2992 2382 2685 1430 3490 4441
2224080,4587 4727 2034 4027 245 4471 3951 1990 3136 3675 368 1167 4964 387 4385 4558 3148 3916 487 3925 3466 2340 450
3663959,2728 532 2425
27210,4964 2153 3829 1674 4570 449 1694 4475 1838 4083 1854 4855 4550 3633 4680 1052 145 2349 4783 2338 2602 3625 3580 1207 3680 64 523 4258 1324 4606 450 2720 4078 4579 157 216 3951 1930 681 2146 4923 1452 1252 3020 1673 4433 3571 640 2853 3274 1652
3835894,1689 3108 50 1448 4382 2965 2156 3427 529 1944 4359 4999 394 3877
3701726,3276 2728 4554 2278 2837 3651 2528 3146 431 1133 709 4558 2340 866 974 3009 3675
207275,1321 895 2583 112 900 2831 2921 420 4317 1307 4021 4116 268 1788 4987 1430 2034
2287390,2034 4587 3916 3951 4964 4471 4727 4385 245 4168 387 3136 3499 4558 1015 1990 4027 1694 3675 3148 1404 1356 2340 2733
2214106,112 2831 1307 3198 4021 2029 1493 900 1354 268 1321 3782 4938 895 2034 2099
640223,4541 4727 3478 930 2728 112 3136 424
1981721,112 245 1493 2831 2034 3197 4357 4221 922 4053 151 4987 2099 4587 4027 3524 3198 900 4179 1694 1844 4964 4664 1990 2992 582 3917 4727 268
3332774,4558 4727 2728 302 3776 3148 709 2340 2425 2837
1586741,3951 3499 4587 4964 1990 4168 450 3916 802 3650 2660 1356 994 4871 3109
2011051,487 4964 245 3778 1990 2034 4587 4221 3951 1694 3197 4179 3466 4320 3925 4471 1015 2188 4867 193 2431 900
343810,588 2108 2648 3877 1873 1741 4242 3089 1234 4382 441 4359 2156
3888575,112 1321 4357 4021 2831 2583 4987 4867 4317 2320 245 420 2034 895 136 3197 3406 900 4450 1788 4053 4471 1493
147952,112 245 2831 4541 2099 3478 4053 900 1701 2029 4357 1321 268 2034 2728 1493 3085 1844 4587 3136
2663600,1493 2831 2034 2099 4317 3867 3198 3524 1042 2029 3386 3925 3782 3495 245 4027 2599 112 268 1990 4053 3197 786 420 3918 924 2320
1349943,4554 2278 424 866 2728 2087 3651 2340 4727 3146 3776 1133 4292
3069473,3036 2992 245 1990 3925 4179 193 1742 2921 2053 2583 3109 2146 2414 3778 4964 630
449757,112 245 1321 4987 900 2831 4357 2034 4021 962 4317 3197 895 1493 2992 1788 3778
3902556,1133 3675 4857 62 2439 3009 431 315 3121 4554 1095 3371 4292 2278 4585 3489 4624 2196 1781 684 4289 1388 3651 3276 2033 3062
3534921,1990 3951 4471 4964 2431 450 1252 2697 1322 523 3778 1208 3471 4841 4385 3916 116 4587 4570 3675 2188 1417 3650
578168,4317 268 2831 900 1493 1321 3131 223 2921 3198 1788 368 4847 4541 3478 1337 112 4736 4987 3146 3675
1360619,2921 895 3242 4317 3163 3085 2445 4494 1321 420 4987 3235 3107
3905145,245 112 1321 4317 268 2831 4021 900 2921 2992 4987 3198 2583 2034 3925 4357 4116 2320 1307
928329,424 3136 4850 900 3651 3946 4727 4302 3554 4471 112 3062 3813 430
2240028,245 3197 4964 2034 4179 582 4168 1694 3916 4587 3951 4221 387 1990 4027 109 2146 3116 4471 1015 2733 1395 2188 4390 1356 1596
1787835,3062 3946 4850 2586 424 875 3136 571 430 4292 1321 4302 900 3813 3969 509 4317 3675
3436321,2583 1321 4471 245 4318 4987 962 2034 4357 3925 2831 2921 1430 420 1990 1446 4317 4021 3778 895 3951 112 2992 2431
16314,4727 4558 3148 4027 302 2340 4587 4871 2728 1356 2034 3136 4168 44 3574 1015 3916 3450 3499 245
2681529,2992 245 4357 1990 3036 4179 3197 4221 4987 3778 962 4867 112 3116 2034
3879414,4357 4987 3116 4179 245 2992 4973 4221 4116 112 3642 1798 151 4867 4269 526 4889 197 3197 3983 2950 736 1436 297 2030 2711 4565 4964 2583 1226 1845 2034 895 3969 3421 962
3238245,4727 302 4558 3574 2728 3136 4871 3404 930 2659 3148 4541
3252707,2034 245 4587 4471 3951 1990 4964 3197 3778 4318 1321 3675 2583 4987 387 4727 2188 4357 2733 2431 900 4385 3916 4221 3925
2955803,2728 4558 4727 4027 302 3148 2340 3574 4587 4168 2034 3916 44 245
2195525,3574 4727 4558 2728 4027 302 1180 3404 2340 4871 3136 44 3450 3148 1596 930 3478
3417384,4624 2087 4554 3009 3651 3675 1133 2340 4289 685 3146 867 315 709 4292 4727 2728 3371 2837 4558 1005 2033
1193888,2992 2685 2921 1990 1544 285 2053 1430 2382
2972914,112 2831 3085 4317 2034 4053 900 2029 2099 4357 1321 4565 2719 245 895 4987 1307 1990 3782 3867
129675,3136 4587 245 4727 112 2340 368 2034 900 3651 3148 1404 3587 3554 930 4221 424 4471 3561
156943,2728 112 3478 2425
695274,4382 1448 2156 4999 3427 1689 3108 529 116 394 2259 3564
241486,2544 1889
653171,4871 1990 1628 1167 3925 1596 4493 3574 245 4587 3778 2267 450 3951 4168 1694 2732 3916 787
1382108,895 1701 1321 1337 4116 4317 3107 900 4494 4987 3242 1307 1059 4357 787 2992 2418 361
2248272,4021 2921 1307 1321 895 4116 2992 112 361 4867 268 4317
2251031,245 2831 2034 112 3197 4471 4357 1990 4317 3925 4587 420 3951 900 3466 4221 4964 487 2188 4318 4987 1321 4179 2320 2583
2148724,3062 424 3136 3946 3502 4292 4471 2297 3554 3813 1321 4758 1099 1450 352 368
390796,3136 424 4727 930 709 3651 1858 24 3146 3561 2837 3478
1056549,1321 4317 112 3478 900 268 875 2831 368 4541 3131 4736 4987 223 2025 3136 245 1788 1493 930 2034 3675 3782 3198 787
878369,962 2921 1430 3951 4493 2583 1535 1990 2034 3036 3778 3333 2992
1141787,4871 1742 1015 714 2565 4791 2625 3722 3383 3499 3675 450 605 1757 4587 3778 3300 1727
1380213,4727 302 4558 3574 2728 3148 4027 4871 3136 2659 2340 930
2460763,4357 245 4987 112 3197 4221 4867 1321 2992 2034 900 4179 3116 2831 1990 962 3778 4317 4587
3585289,1596 2728 3917 4225 630 3201 532 2425 2099 2424 4027 4539 4558
2046065,1493 3197 2831 151 3524 245 3131 2034 223 3917 2099 3198 829 268 662 1990 4317 4027 3386 3925 1191 2599 1337 3867 1694 4053 55 4987 3778 112 2029 109 420 4131 193 4179 1199 4541 315 4539 4964 3782 3918 4565 2992 4450 4221 4285 3707 271 3495 630
1356068,4382 1569 2661 2260 2648 522 4576 4958 588 1741 3567 1429 3183 441 107 627 4704 4848 4359
2828002,2439 1928 4972 578 1133 431 2033 2278 3675 4727 2789 4857 3450 1095 305
2945658,424 763 1633 685 2061 3843 347 2501
3640732,2728 4541 4727 4558 3478 2424 4027 3574 3136 112 4539 2425 1293 24 2099 302 3148 268 1501
624319,3675 4554 4292 1133 3062 4624 62 3371 4850 4585 1450 2196 3773 3121 3489 424 4302 4289 1388 4903 900 867 248 3277 763 2087 3651 3478 1136 751 1321 3146 2565 378 3969
316818,1356 3916 4558 4168 4727 4587 3499 4871 3148 1015 2034 3951 1694 4027 2340 44 4964 245 305 4478 2746 2351
1453092,1999 1830 490 2972 2508 4876 157 566 2725 4366 4227 3722 4380 4333 1664 291 1574 6 4659 4879 433 3632 1510 212 3740 2150 3045 3598 176 985 984 3829 4347 3121 4420 1935 2439 1867 1143 2153 3354
161568,2831 1321 112 4317 4021 2034 420 900 1307 1493 895 268 1788 3198 2583 3782 1042 2921 2029 245 2099
2442937,4000 1473 900 4178 2927 4630 1281 3705 2193 3601 4514 2880 2928 430 3685 2899 4926 1257 1219 2447 4139 3776 982 3587 4906 4727 472 2250 2611 167 4489 2061 2745 4302 4341
1460155,2034 4587 3951 4727 245 387 4964 3916 4471 1990 4385 4168 3675 4318 4027 1694 450 1015 3466 1252 3778 1356
705111,4382 2156 3427 2710 1234 4985 3564 2108 792 1448 4266 4958 4216 3108
1716543,2728 4539 2425 2099 112 1293 4558 4727 4541 532 1562 3478
592293,4471 2697 2431 1990 3951 450 4964 4841 1252 3916 4385 4587 2894 3778 4900 829 1015 2034 1322 3371 3136 523 3675 259 1694 3580 3471 3863 116 3383 387 245 4790 487 4320 4889 3020 2188 3159 4221 4011
523917,1133 4554 1781 3675 3371 1308 4471 866 3651 974 431 4857 3009 3121 1404
3539687,1544 2053 2382 285 4441 3865 2992 1990 3490 1331 2685
3448026,4317 1321 787 875 268 1701 3772 3675 1337 3782 420 4021 895 3242 1450 3062 4494 361 1307 4053 368 3478 1042
2154681,112 2831 2034 245 1321 900 4317 420 4357 1493 4053 4987 136 3197 895 2320 4021 1788 4867 4450 2583 297
2786129,4587 3951 3916 2034 4964 4727 4168 4385 245 387 4471 1015 3675 1356 4558 3136 1694 450 1990 2340 3778 3499 4027 3148 487 1252 2137
3044744,4972 2528 4857 2439 1133 866 3675 2033 431 3371 1781 1480 1095 578 3450 4658 4727 2466 4554 2789 1254 3009
2452748,1448 529 221 394
2155256,424 4727 3587 866 24 2340 930 3561 3946 2501 2025 3136
934452,112 2034 2206 2831 245 900 895 2583 1321 4587 3925 4357 1786 1307 1493 1990
1932720,3136 424 930 4727 3587 2025 3651 3554 368 3561 2837 1404 3946 4292 2340 4587 3450 866 24 3675 3494 4758 3478 112 3776 2278 4471
116851,578 709 2332 3450 841 1399 1928 2681 2657 4874 1728 2621 1532 3514 4667 2501 3010 1824 3843 2439 566 415 4573 4289 248 4803 3931 3675
610642,4493 2685 1990 1535 1430 3951 962 1464 2431 2583 1544 2921
1212171,3136 4727 930 3651 24 2837 2340 3776 368 424 3148 3478 4587 2025 3450 3561 3494 4541 2659 1404 3554
45771,4027 2728 3918 2034 2831 2099 245 3917 1493 112 3386 3495 55 3197 3925 4587 3951 1395 900 3148 1990 1844 109 44 2425 1694 786 4539 4558 4964 3867 2206 4053 532 4727 4541 3466 2746 1356 268 151 1596 3478 3198 2599 4179 3109 2424 3778 2340
524572,424 4850 982 781 3062 3946 1099 900 3813 430 4302 571 2586
87353,2728 4554 866 2087 431 3651 2278 3675 2837 3009 4624 3121 4292
3787122,4871 4727 4558 3574 1596 2260 1180 4478
3224762,3032 71 151 4811 1742 4399 2992 3983 1199 1337 1436 4403 630 1596 1990 3365 1701 4388 3036 2328 367 2565 4179 714 361 2146 4791
721442,866 4554 3675 4292 1133 2278 305 3651 2033 424 431 4727 3146 2196 3062 2087 3371 2837 4289 1973 4558 1035 2340 1928
1089290,424 3813 3946 3062 4850 3136 1099 3554 3587 4560 2297 4302 900 571
808363,1117 2852 1318 4546 2030 2921 632 4274 1436 361 3930 2164 1337 1701 4592
3004291,4357 245 3116 4987 4179 4221 4269 2034 112 2992 4889 962 2583 2188 526 3197 900 4471
1038372,1990 450 4964 4471 245 3778 2534 2034 1742 3925 259 3951 4871 368 2188 2565 116 4587 1321 3471
34658,4168 4964 3951 4587 3916 245 2034 4471 3499 387 3116 2188 4179 1015 1990 3197 4221 4320
934231,2921 2445
403916,424 24 2728 4727 4554 3776 2340 2501 2087
1844025,1544 2053 2382 4388 285 2992 2921 2685 1990 4441
3872957,3062 3675 4292 1388 4758 1321 1133 3146 3946 3371 2196 1450 62 3121 4289 3969
118091,4554 3675 4624 3371 3062 1133 4292 3121 3489 62 2196 2087 424 4289 4903 3773 4585 4106 4850 3009 4183 709
2259700,4382 3967 2156 4958 1215 1517 538 2948 561
1967885,302 4727 4558 4541 3776 3574 2728 709 24 2425 2837 3478 3136 1293
1399394,424 4850 3813 3062 3946 900 1099 4302 3136 571 2297 430 982 2586 3587
1958779,2095 4867 1990 1321 4471 2583 3951 245 2034 2431 3197 4318 4964 4587 450 4021 962
2637569,4554 4292 4624 3675 3062 1133 4850 3489 424 62 4903 4585 900 3773 3121 2196 2402 315 4113 3371 3969 59
1503018,3675 62 4380 2565 3371 3121 315 3146 4585 1173 248 4554 4292 709 4289 751 2837 3450 259 684 867 3489 3471 4855 3946 3062 424 1928
683120,3567 3089 2448 116 2882 1873 4242 1162 4359 777 4677 432 2644 529 791 785 4958 107 3061 3300 3877 4848 4168 2625 2861
845228,3136 3675 3946 2565 1321 866 4758 930 1450 3651 3969 3121 2659 378 1972 3773 3277 1788 2297 344 1133 648 2025 4289 3062 4292 1742 4542 3502
2607190,4471 2431 3951 4964 1990 4587 4385 2034 3471 450 1252 387 3863 2583 2733 2697 3916 3371 4318 245 3675 1694 259 2769 4841 3020 4867 2565 3778 3466 487 1015 1321 2137
2229029,112 2831 900 3478 1493 268 4317 1321 2728 875 245 4987 1042 4357 930 4541 2034 1788 786 4494 2099 2206 3675 4027 2659 3198 895 3136 1354
2841967,450 3951 4964 1990 4471 2431 4320 3916 3778 2137 1694 3471 4587 3863 4841 2660 116 2034 3116 2188
3318574,1321 3675 787 268 3062 1450 2921 875 3242 3136 4987 4317 895 1307 2418 4021 4494 1446 4471 1788
160529,112 900 4357 245 1321 2034 2831 268 2583 4987 2206 3925 1430 2099 2728 895 4587
2460637,4964 3951 2431 1990
481700,875 1321 3478 4317 112 900 368 4758 4357 268 3136 420 2831 4987 4053 787
1143773,2728 4558 2425 709 112
1842718,424 1133 3675 2087 4292 3773 4624 3514 1928 4554 3009 3489 685 2402 4850 910 3062 4585 3121 1248 866 982 1136 3813 315 4106 4613 763 62 4903 3894 673
1160416,1133 3675 866 3062 4972 2439 1095 4857 3371 2528 1214 4554 424 431 2033 1781 4292 4585 3773 2196 305 3651 3894 4758
2594149,4727 4558 3574 2728 302 4027 2340 3148 4871 2659 4587 2425 930 3136 2099 3478 2034
895329,4558 709 4727 1628 3146 3450 4871 2728 1742
2192391,2728 4539 2425 4558 1293 112
3400417,574 3450 3404 4000 4667 2657 3678 4420 4227
1733310,2600 1430 2431 1464 1990 2660 2685 1825 2583 2625 4493 4964
3651700,4727 2260 709 4791 4587 3499 4558 4447 2728 1252
793626,2831 4317 2921 420 1493 900 112 4131 895 1321 245 2099 3925 4116 3198 2008 2034 3782 3131 4021 1307 1337 268
7394,75 3197 197 2432 3778 4357 3406 4471 2899 3969 1321 900 4926 847 4179 4987 2320
2132343,1464 4493 1535 2654 3126 1430 962 4318 3951
3742203,4727 4587 4027 44 2034 4871 4168 4558 3916 245 3148 1356 2746 3951 3778 1596 2728 1015 175
2618495,4964 3951 4179 3116 4587 4471 3916 4168 1990 1798 4221 3136 3778 2034 2188 245 1694
355585,2431 1321 2583 2565 4926 4987 4318 1788 1430 4471 2921 3116 245 3969 847
1440843,1540 1694 4027 3917 1395 1493 245 2728 532 2921 800 2746 4811 3386 4494 2823 4541 268 2099 2831 875
1924634,2972 2508 1574 2853 4089 449 1652 4934 1935 2595 684 3722 2697 116 4011 4402 1578 4471 216 193 1152 3945 523 1033 75 2146 1860 4855 3958 4964 2153 490 829 1349 450 2137 2611 4320 824 2977 3519 1538 3396 6
3174038,2728 4541 4539 112 4558 2425 1293 3478 2099 2029 1469
2434167,3502 3062 3946 3136 4292 424 3772 4758 3675 3570 1450 3435 1133
3166326,2053 1430 1990 4388 450 2692 2095 2992 2921 962 3892 1742 3116 4987
326719,1321 895 420 1307 2583 4317 2831 2206 4021 4318 112 900
24225,216 4627 3829 2508 3825 315 779 1538 3159 449 684 829 2697 2137 4320 2146 3863 4011 259 3371 4964 3916 1574 71 4289 4841 3571 4385 4900 4471 3675 2611 4008 1322 2387 4855 62 3985 1252 3308 2431 1304 328
2780237,3136 4587 4727 4558 4168 4471 1015 4871
3585360,3574 4558 4871 1180 1596 4027 2425 4727 3917 2099 44 2728
622373,2921 2445 1321 895 3085 4938 1788 3115 787 2206
185719,4587 3466 2034 245 1990 4871 1015 3951 1694 487 4964 3279 4867 4447
1114752,268 1321 112 4987 2831 1307 900 4317 3478 4053 1788 787 4357 2992 875 4938 3675 2921 2488 245 3782 4021 3867
3137510,3062 3136 3502 4292 3946 1450 1321 4471 4585 3277 3675 900 4758 424 875 378 2565
12821,424 24 1928 2501 3420 3776 4292 2402 248 930 209 4850 3946 982 763 518 866 910 4029 1133 315 4554 4302 3702 4613 3478 4373 4106 1173 368 781 2087 3843 3587 1099 3833 3062 1636
3829729,649 3510 4679 2901 1591 1172
902061,1133 3675 3651 4554 3009 3371 2087 431 2340 315 709 4471 4292 4289 867 4624 2033 2837 305 4585 3146 2528 2278 1404
144087,4558 4727 2340 3148 44 4447 2728 3499
276209,1307 3782 895 112 4021 2831 1321 268 4317 2029 3198 4053 420 2921 4938 3107 3867 4987 900 3235 1701 1042
3303581,4471 2583 2431 2565 1430 4926 1321 4964 3969 4867 847 2095 4987 4318 1026 3675 3116 1424 4179 2895 2801 4889 701
567730,221 591 2710 1814 4216 792 4985 4972 3094 1195 1108 4681 432 1781 4030
1040879,3136 424 3587 3651 930 3554 3946 2025 4727 3561 368 2297 3478 4302 4292 900
2670766,450 3951 4964 4587 4320 1990 3916 2137 1015 3778 2034 4471 4168 4385 1694 3116 2188 3020 3499 116 4841 2431 245 387 4221 4179 2894 487 4852 602 1356
2046861,2921 112 2138 1701 361 2992 268 3242 895 1337 4053 1307 4938 4116 787 1321 900
3766890,112 245 1493 2831 2034 4027 3197 2099 3917 109 55 151 4179 4053 1694 4357 3495 3524 900 4964 4587 3918 3925 4664 3386 268 1395 1572 4221 3198 1990 2728 1844 3148 582 4539 2746 4541 193 532 4987 3778 4450
3421775,1440 705 1825 2660 2344 1247 4493 3333
1064754,930 3136 4657 4727 2837 2025 2367 2659 3651 3478 484 2728 2956 866 1404 4587
1139360,3574 4871 1180 4558 4727 2425 1596 2728
2664284,4587 2894 1694 3916 450 4964 4168 4471 3951 582 1015 4889 1990 2034 245 4221 3116 4385 116
1905699,2992 2921 112 245 3036 4357 1337 4116 4053 4179 2034 4938 962 4987 1307 151 3778 895 1990 2030 4131 1701
2057035,3675 3121 1133 62 4857 3371 3009 2439 1781 1388 1095 3773 4289 2196 4292 76 4585 3062 378 315 4554 3651 3894 3979
1065741,424 3946 4292 3062 3136 982 4758 3277 4850 3502 1321 4471 3554 3587 4302 3675 1450
3056359,1364 2644 4964 358 4313 2202 3485 362 1587 4876 984 4354
1113171,4558 4727 3574 709 2728 2340 2425
1095833,3136 2837 930 4404 1757 2659 4727 4587 2956 4558 818 2340 709 2728 4791 3146 3499
3145193,900 112 245 4357 4987 2034 895 2831 2992 197 4269
2051803,1629 1226 2992 4973 1337 2030 3235 3115 2711 736 112 297 151 3242 361 4357 4053 1701 3107 4987 1818 245 2515 3642 895 2921 4565 2034 3983 2076 4938 1403 3739 4116 3001 1307 2206 3431
757034,900 1321 4987 4317 268 245 1788 3675 112 368 3478 2831 930 4357 2921 875
199728,245 4964 3197 2034 4179 1990 4357 193 4221 4587 3778 1694 301 4471 4987 4320 3951
3429055,4558 4727 2728 3148 2340 302 4027 3574 3917 4168 175 4871 4587 2100 2425 44
3414398,4471 2431 4964 4168 3675 3951 4385 4318 1694 245 2188 2034 3020
3224754,2501 24 1928 4727 424 3776 4554 709 305 3478 930 4292 2278 3146 2340 2433 248
2894711,4587 3951 2034 3136 245 3916 4964 3675 1990 4471 1015 4385 4727 3778 4168 1252 487 387 1694 450 2431 4558 1356 3499 3197 305 4221 3466 2188 3148
3418384,1224 4266 1827 221 4985 3079 3239 3094 4216 933 1580 1387 644 3233 3922 4471 4944 1668 1695 4242 1195
480005,2053 1544 2382 3865 1331 3490 2992 4441 285 2921 4388
2573714,2061 2913 424 4341 2501 3587 3776 357 471 3565 2760 4200 430 3469 2849 1249 4987 3850 1583 1694 2193 4980
1189510,245 1694 2034 1493 2831 112 1540 2921 268
3814869,4727 709 2087 930 3776 302 3146 2351
147983,424 4624 4850 1133 4554 4292 4903 3946 3062 3675 900 3773 4585 982 2087 763 4142 2297 1099 3489 2196
1572150,3373 4992 2554 4759 3987 1568 597 1961 923 962 1424 3978 3168 2651 4171 2761 4987 3736 141 1637 4583 2095 2692 193 358 4429 874 3079 1697 4964 4983 32 4852 3653 2992 2802 2301 3020 4320 2320
3342133,912 3673 4010 3843 4972 4188 4807 2278 203 4767 4778 4426 599 2793 2262 3276 424 2033 3277 1273 1214 1625 3675 2439 431 684 2090 834 3632 2044 866
791717,424 1133 4554 3675 4292 4624 4585 3773 2087 4850 3062 1928 2402 3489 3009 982 1248 3121 763 3514 3813 315 1136 3946 347 62 1099 4903 4106 866 4613
2987305,2487 2382 1256 1321 2921 2992 2565
1070397,4972 792 4857 4216 4985 2710 4266 432 475 1480
984574,4554 4624 2087 1133 3675 3651 3009 4292 4850 4903 2340 867 3489 2196 866
3423155,4587 4964 4471 1990 1694 2034 2431 3951 245 450 487 3371 4168 3197 3778 3675 3136 2188 1446 3116 3499 1015
1830954,4964 4221 3197 3778 487 2034 4471 4179 193 109 2320 2895 3101 4987 3951 1474 470 197 3683 3608 2111 3969 4357 2583 4867 2095 1990 1798 4926 245 3536 3925 1430 4889 3116 2146 3863 3383 1119 1516 1322 2431 4011 4570 3471
219245,1337 245 3197 4285 151 4317 4867 4053 2034 4179 112 4357 4221 2831 297 2099 4987 1990 3524 1493 2599 3707 2992 4021 223 1701 4565 2320 900 420 582 3036 875 193 3778 109 3925 4964 1694
2884769,2565 1742 2583 2992 3036 2921 245 1990 1825 1337 1321
3589339,4168 4964 3916 4587 3951 245 2034 4727 3109 4179 1015 4871 1694 1356 2188 3499 3116 4221 3778 1990 387
1567857,1694 829 193 4964 2387 450 2034 582 109 3951 2320 4471 3197 4179 1395 3386 245 2647 1142 4587 3916 1574 1231 44 2146 2595 4027 449 2611 2431 1015 3925 3558 2508 3917 4289 4221
3535113,3440 1990 1544 1430 3865 3892 2921 2685 3029 2053 4441
439421,2053 2992 285 1544 3109 1990 4738 2921 4179 2414 2685 2382 3778
3401843,4027 1596 4558 44 4871 245 4587 1180 2425 3574 2099 4727 1742 3386 2034
2431103,4871 4727 3574 4558 4587 245 4027 1596 1180 2728
2127241,450 3916 4871 4964 116 2431 3951 4587 1990 4471 1694 387 2894 1356 802 4162 4168 3778 1015 3499 3471 2137 4727 2660 918 4305
1310900,2728 4558 4727 930 2837 3146 2956 3136
1164136,1694 4027 4587 245 4964 3379 4791 4056 1015 3197 1035 44 2034 3466 2728 3136 3951 347 4179 112 4471 216 4221 4494
1767092,424 685 763 305 2501 2278 3843 2061 1994 3476
2162659,1544 2921 4388 285 1990 3440 2490 2685 2053
1231604,2728 4558 302 2425 4027 4727 2099 1596 3574 3917
3855689,1628 4727 4587 3450 3136 3651 3499 4558 1050 1366 4302 3371 4027 2837 648 930
3328783,4727 4558 3136 930 3148 4871 4587 2340 4027 3478 302 3574 2728 2659 368 245 4168 3651 3450 2034
2827417,1430 4964 2583 2188 4471 3778 4179 4459 1133 1608 4889 3116 1990 2146 962
271138,1321 4758 330 1026 2801 1788 3675 2583 526 4987 3081 3116 2328 1701
1755291,3916 4168 4587 4964 3951 1015 2034 3499 245 1694 3148 1356 4390 1990 4727 2340 4385 4558 3778 487 4179 109 4221 305 3197 4871 450 4320 387 2188 4570 4478 3109 2746 4027
433286,2728 630 532 4494 4664 1540 1547
2249572,3009 3675 1133 2439 4857 3651 4554 1781 2278 3121 4292 62 315 2837 866 1095 3371 1308 431 684 3773 2528 2789 4585
2134117,1753 3094 2710 2466 4985 85 2022 4216 1224 1668 591 1909 3233 2793 4266 3003 221 4471 4681 1108 1814 792
2157236,2728 3478 4541 4727 4027 302 786 1180 930 3574 112 2424 4558 2099 3136 268
3415573,1493 2831 2099 3198 4027 112 268 3867 2034 4317 4541 2029 3131 245 3917 3386 223 3782 3524 3495 151 4539 900 4450 786 2599 420 3925 3478 4053 3197 1990 1694
31827,1990 3778 4493 4871 462 1825 3574 3925 1544 787
3192092,424 3136 3587 24 930 4727 3561 3651 866 2025 3776 3554 2340 3946 2501 2837
477561,4727 866 2278 424 305 24 4554 2501 930 3478 3146 2837 486 2340 3776 2033 2956 4558 2025 2433 709 3651 368 2044 4292 3148
693439,2921 245 1572 112 1694 361 268 151 2831 3696 4664 4357 630 532 1844 3917 1562 1701 4964 4179 4494 4027 2034 1493 2407
86478,151 1493 3524 3197 2831 245 3917 662 2099 4317 223 2034 112 3198 4131 4027 829 4179 268 1337 4053 2599 1990 3925 4987 2029 4285 55 1395 4539 3131 4357 4565 1191 4221 193 4450 582 3386 109 2992 3867 2921 1694 4496 3918 3707 4021 420 3778 924 2668 3782 315 2320 3504 4664
3306118,2921 4987 2328 4357 2992 4388 361 2583 1446 1897 2950 1701 245
3551458,4587 245 4964 2034 3916 4168 3951 4027 387 1694 4179 1990 3197 4727 3148 582 3109 1015 4221 4390 3116 1395 2188 2340 1356 4558 4471
2113774,1544 2053 285 1990 2992 2382 4441 2685 2921 3490 802 3865
2204313,2921 4021 1307 1337 895 361 2328 1321 2008 2583 4116 3406
266915,4972 4857 792 3094 4216 1480 2573 4985 1814 2362 1133 1095 1781 2439 1195 1782 2049
365140,3675 1133 4857 3121 2439 3371 4554 3009 1388 1781 4289 4292 3651 4585 62 315 3489 2196 431
3879530,2728 4727 3136 245 2837 4027 930 4587 2034 4541 4558 3478 1694 3675 2659 3651 867
2146994,4471 2431 1321 2583 4317 2320 1990 4867 2008 2814 1446 2921 4587 4987 895
1754468,3675 1133 3371 62 3121 2439 1388 4585 3009 4857 1095 4289 3773 2196 1781 315 3062 1973 2402 4292 4471 4142 4106 4554 76 3489 3111 1035 3450
932084,4587 4320 3951 3499 450 1015 4964 1694 3778 1990 3185 4611 3916 4179 1516 4791
2045592,2728 4727 930 3776 3136 2837 2340 424 2659 4587
954682,424 3062 3946 2297 3136 3587 1099 368 3813 3554
842196,2864 1580 3680 1190 4242 4681 1954 3094 3732 1695 2003 2994 1237 3934 3232 4471 1448 2842 1653 2811
3819687,2921 895 112 3782 245 4987 1321 2034 2831 3085 361
3216790,4587 2034 245 4964 3778 1990 1694 487 4727 3951 4027 3197 4871 3916 4168 3450 1015 4471 387 2188 44 3925 1356 4221 4558 4179 4318 1596 2733 4390
3899132,866 4554 4292 424 2278 3146 709 2837 2501 431 305 3651 2033 4727 2087 1133 486 2340 24 1928 4558 3675
2181785,4727 4558 302 4027 3148 3574 2728 4871 2340 4587 44 2099
251939,4624 4292 3146 3675 3062 3651 1388 1133 4850 4585 2087 867 431 3478 3969 4302 966 1251 1321 1404 2340 305 4758 3946 3277
2879542,4972 1814 4985 2466 1781 4216 1782 3979 1480 432 578 2362 792 1133 1095 2710 4583 4266
3440133,2728 2424 4027 4558 4727 2425 3478 3574
2843648,112 245 1493 2099 2831 2728 4027 4053 2034 900 2992 3478 3867 2921 268 3495 3198 55 630 4541 4587 2424 1844 4664 3386
1242429,1133 4334 62 4315 3675 4585 3111 4142 3121 4216 4972 4857 972 763 1803 1781 1095 4985 966 3773 1388 3813 1480 3514 3013 4270 2262 3894 3979 1867 121 542 3365
2450748,2340 2728 3009 3651 4554 2087 1133 4558 3675 2528 2278 2837 2033 709 431 305 3276 3146 4727 867 315 3371 1005 4624 1404
3255305,1337 2921 2831 245 4317 4131 2099 1990 3917 3197 151 4867 2034 315 1701 361 1694 4053 3925 4116 4357 2328 268 3036 895 4987 3778 2992 112 4964 2407 3524 3131 630 4027
990033,431 2278 305 2033 4560 3938 4727 4658 4972 1140 2779 4558 1133 4767 2044
345218,1321 801 2445 1788 3081 895 4987 2921 4318 4021 4736 526 847
1799270,4292 4554 3062 4289 424 3675 1928 2402 305 2087 3371 4727 248 2196 2501 2745 709 3773 4560 4302 1133 368 3146 866 3450 3843 669 910 1321 751 1450 2033 4471 1035 62 3277
991346,2831 4317 112 900 4357 3036 3782 2099 2034 420 1307 2029 245 1321 3925 4053 1990 4116
1098622,1321 3406 4317 1337 895 4021 2831 4987 420 2921 900 2328 268 4867 4357 1307 1701
3542623,591 3094 2573 221 4681 2710 1108 3385 4216 4985 1884 1814 3933 1668 792 1753 4920 4181 2049 4972 4825 1341 4266 2466 1782 4195 970 566 432 2202 2994
2482025,4972 1782 2049 2439 1198 1480 792 578 1781 3675 2362 3094 4907 566 1814 432 1341 1399
480668,2049 4681 3094 2573 4770 2202 4242 4195 4920 970 591 4602 1695 2957 3933 2106 4411 2809 4825 792 651 221 566 1002 2307 2710 557 2754 1559 1648 3392 4181 23 4611 1198
421130,2831 900 112 1493 3478 245 2034 4317 268 2099 4541 4027 2728 1321 4053 922 2206 4987 4494 4357 3136 875 3495 1042 1788 786 3925 930 3198 420
2375197,4857 2439 1133 3009 3675 1781 62 4585 3121 4380 3371 4289 315 1095 2402 1388 3062 3111 2789 4471 76 3773 3894 3450 4292 4907
3124695,2921 4317 4021 4987 1337 4131 2328 3131 2831 1321 245 1493 4116 112 4867 420 1990 4053 3524 3707 4450 2668 3406 268 4285 2008 895 3925 3197 2320 2034 3242
3015378,4871 3574 4558 1596 4727 4027 1180 2425 4168 4478
37570,112 245 4357 4587 1493 2034 2921 268 4494
28585,1742 3136 3675 3651 245 4871 4587 2565 1015 4964 3778 1321 1694 930 3969 1990 818 2659 4179 3946 866 4221 2025 4791 4987 1404 714 4390 1430
3591007,4382 2941 2108 1234 879 777 3564 441 705 1448 2156 5007 3427 1431 3275 2648 3877
1452363,2728 112 2099 3478 4027 4541 4539 786 3867 4558
508811,2880 3057 3914 3368 4139 3776 4906 3899 2712 3379 4586 2927 4000 1257 745 1473 2899 3850 2592 302 3685 1001 2250 512 3067 3468 1180 185 2766 1199 900 2748 2657 4311 4727 1862 1861 2519 24 1034 2611 2459 2548 443 3853 44 3363 2907 210 4027 1940 3705 2969 4262 4514 4321 3090 4575 658 3843 1326 753 2193 3450
3320204,1133 3675 4857 62 2439 3121 4554 315 1095 3009 4292 431 3371 4585 3489 4624 1781 2196 3651 2278 684 2033 4289 1388 3062 3111 1254
401663,4266 3314 644 188 4501 3780 1915 1964 3094 4471 1625 3233 2200 806 892 4875 1431 1925 1082 2643 3471
3410658,3951 4964 4587 4471 3916 4168 387 2034 4385 1990 1694 245 487 1015 1167 1395 450 3675 4027 2733 3197 4727 3499 2146 714 582 3466
246423,4471 2431 3951 4964 2583 3116 4318 450 245 1990 3020 4587 1430 1321
343725,2960 3533 4409 3465 4672 572 1177 4611 4606 1838 1052 4258 3230 2333 4604 240 927 1737 2349 1442 1625 32 3829 1849 1694 4167 1207 3247 4830 1422 3099 3316 758 4964 4876 3915 3341 493 3970 3396 4427 3274 874 3187 2767 566 3002 448 1924 2237 4570 4855 2188 1802 794 1015 3249 1883 1057 1992 3165 3063 3307 3499 4222
3814878,2728 4558 2425 4027 4727 2099 4541 302 112 4539 3478 1293
3395802,112 2831 1493 3131 4987 245 3198 4450 1307 4357 900 4317 4736 4053 2034 1354 420 2029 136 268 2099 3524 151 3197 1321 4021 895 1337 4938 4541 3782 922
2896401,4871 3574 2260 4478 4558 4727 4168 1628 1596 2732
158315,4727 930 4541 3136 3478 2837 3776 2025 3651 24 2728 3148 424 368 302
2438723,2034 245 4964 3197 4587 4179 4357 112 4987 109 3951 582 4221 2188 2733 1990 3116 4168 2831 4471 487 1493 2583 3925 1015 3778 1321 3916 3675 962 3466 1694 900 4385 3136 1446
3552707,4554 4624 4292 424 3062 1133 2087 3675 4850 2196 866 3121 3946 62
970970,245 4027 2099 1596 112 3918 2034 2831 3925 3036 4053 1990 4587 1844 361 3197 630 3386 3495 3198 151 4116 3867 3085 1742 1701 3778 55 1694 4664 3478 3917 4179 268 4357 532
642187,4727 4558 3148 3916 4168 2340 4027 44 4587 2746 4298 1356 1015 3499 302 3951 4871 387 1167 175 2034 4390 245
3475972,1015 1757 3916 4871 4791 4587 4964 1694 2146 245 3499 2746 3951 2122 4811 4179 1990
3096050,424 1133 4292 4554 3062 4850 4585 3675 982 4624 2402 3773 347 763 1099 3813 3946 3489 315 3121 1928 4613 3514 62 900 1248 910 4106 4896 4903 866 3009 4424 3894 248 2087 1136 378 648 4302
3494044,1662 3129 2710 323 29 221 3829 591 4964 2573 4681 792 1810 3279 2049 684 2439 1324 566 3675 699 4770 1648 3450 709 315 970 3970 2469 3265 1532 23 2106
637174,4987 245 4357 2992 3197 4221 1990 2034 4964 3969 4179 4565 3116 2583 2431 193 4471 526 1430 1798 962 3778 1321 2921 4926 4318 297
962156,1133 4554 3675 4292 3651 3371 3062 4624 62 2196 431 866 2278 3121 2837 3489 3009 378 305 4585 2033 315 4758 1095 3146 4289
2687467,3931 323 2127 1198 29 2919 1355 4175 146 523 699 3129 918 2509 414 123 4900 1532 2809 4770 2049 1031 4930 566 490 2932 2882 1662 4755 2754 3829 1487 4508
3408136,1464 1430 2583 2685 1825 2431 1417 1990 1788 4318 2921 1321 2445 4471 1535 962
1110165,3951 4964 450 4587 3916 1990 4471 2034 2188 1694 3778 4168 3116 1015 387 3499 4320
2713355,424 3062 3946 4850 4727 3813 3136 900 1099 4471
1670715,2225 1046 3414 3565 2625 4849 2242 4095 3392 579 698 1238 2202 1560 2439 3675 3321 2651 3121 1668 4460 1133 1974
1187126,2214 3099 522 4875 874 3196 3302 2022 741 1138 4338 1431 2756 1509 3068 4427 2127 1925 644 3247 2281 3965 3082 3212 3650 4083 1518 4536 651 254 1668 1753 1207 3481 3014 1832
3883823,431 866 4554 3675 1133 1781 2196 3062 4292 2087 424 3121 3651 1095 3009 2278 305 4624 4183 4113 4857 2439 2728 62
1071691,2439 566 3450 1928 4857 4907 3675 4106 4289 1532 709 578 674 684 1399 1095 2681 2508 4611 970 4380 3371 62 1510 934 3121 2789 4955 1867 3010 3308 3009 4874
2040889,2583 2992 4964 1990 2431 1430 4179 4987 3036 4357 2095 3969 4471 2921 3116 4221 1321 245 847 3778 2594 4318 193 4926 3365 2692 962 2565 4867 3951 1819 3197 1337 526 714
3002090,424 3136 4727 24 3776 930 3561 3651 3587 2837 2025 2340 3554 866 368 3450 3494 2278 2501 3478 4541
1160498,1133 4554 3675 4624 4850 4292 424 3773 4585 3489 3062 3009 4903 3121 62 315 3946 2196 1248 3514 763 4142 2402 2087 866 3371 3813 2745 982 3894 347 378 1388 900 4113 4106
2721036,4988 829 3580 967 2320 4239 3383 2657 3197 450 3279 193 1142 323 4323 3466 3863 2034 3925 3951 1474 4567 1694 3778 1951 3675 2431 4320 197 3685 1662 1640 4011
2472933,4027 1596 44 4558 4871 1180 3574 4587 245 2425 4727 2099 1742 3386
3065330,1742 3085 2921 268 4987 4053 3198
1885007,2728 2425 3436 4539 4558
3490245,4964 3951 3916 4168 2034 4587 4570 245 1990 714 3650 4471 3499 4221 1015 1694 4478 450
2471658,4317 4987 112 1321 2831 900 1788 420 2034 245 4357 1493 3782 4053 4736 268 1042 3197 1990 895 4021 136 4450 3198 3707 1354
825955,2728 4027 4558 4587 2034 4727 3951 3148 2340 245 1356 3916 1015 2425 3386 1990 3574 2831 4168
837174,4027 112 2831 4317 4541 3478 268 245 55 2099 3867 4053 420 2728 2029 3495 3131 875 2034 1694 786 3198 900
1617370,1364 4313 362 2644 2202 4354 358
2861311,2921 2685 2445 1430 2583 1825 1464 2992 1321 1990 1313 4388 3925 1535
1887618,4871 3574 1628 4558 4727 1596 4168 1167 3651 4478
3524882,4471 1619 1915 1431 1925 3650 892 3471 3196 1082 3094 1806 644 1964 933 1349 188 4875 4266 4799 2643 805 3233 4812 2661 4407 4570 2997 317 4427 1580 2990 1259 1568 2756 4338
675153,245 4357 3197 4987 1897 2034 197 301 1694 2431 3116 4179 4964 3524 4565
3208116,1321 3062 875 3772 3946 4317 4292 1450 4758 3502 3675 3277 3136 895 787 1337 268 4021 930 368 4736
2897210,1321 3675 2565 4758 3946 4318 3062 3773 3969 4471 1388
234725,875 930 2025 2921 3136 3478 4494 112 1321
2721492,2921 2583 2445 1321 2328 1430 2685 2992 1990 895 2188 3036 3951
400026,847 3714 197 3210 2095 2583 967 4303 2320 308 895 2696 3925 4357 4425 3683 3252 4116 1416 4273 4051 4494
943348,2960 3533 4409 4672 572 1838 3465 4604 1177 1052 4606 4611 4258 4830 3230 1207 4167 2349 1737 2333 1849 240 32 1625 1694 1442 3247 4964 493 448 927 3316 4427 3829 3274 2767 3970 874 1924 3099 3341 4876 4753 4570 2187 3915 3002 1422 3063 1992 4855 3249 2188 3187 2957 4852 2785 1883 2237 4338 3499 758 2769 1802 1568 566 3396 4083
2258391,4583 2651 1095 4315 3675 1388 1133 4585 3979 62 2097 1788 2948 4987 1894 4415 923 1049 3371
2522045,2728 112 3867 2029 4539 4027 786 2099 3495 4541 268 3478 3198 1501 2831 4558 2424 532 55
3022104,112 3867 2029 3198 1307 2831 268 2099 4053 4539 3478 900 3782 1701
1342318,2034 3197 3951 4587 245 4964 4168 1694 3916 4027 582 4179 4221 1395 109 1990 387 4357 112 1015 3148 487 4727 2340 4390 4987 3499 1798
2578360,112 2831 245 2034 1493 900 4357 3197 4317 2099 3524 4053 2992 151 4987 2320 420 3925 3782 4450 297 4565 895
1883427,2921 2992 1990 2053 3036 2382 4179 245 1544 3109 2583 3778
2069809,4554 424 4624 900 4292 3062 4850 3675 1133 59 4585 3489 347 3969 3371 3608 3146 571 62 2087
2401254,2831 4317 268 3131 1493 2921 223 3198 420 1191 3925 245 4027 2407 2599 1337 2034 829 1990 2008 3197 3524 3917 4541 4987 3675 4131 3778 3478 3386 151 4053 2668 315 2328
2855689,424 4292 4850 3062 1133 3946 982 4624 1099 763 4585 3277 4554 3773 1450 900 248 4302 2297 3675 4903 177 4142 2583 2974 452 1321 4613 3969 62 2196 1388 2328 2565 4758 2745 751 2586 3814
1434666,4871 2487 3136
3136704,1133 4554 431 866 3651 3675 2278 3371 4471 1781 974 2837 1628 4292 3276 4758 3277
540941,3136 930 4727 2659 3651 2837 424 3675 867 3478 2340 3494 3554 2025 673 4541 2728
275694,3951 4471 2034 245 387 4964 1990 4385 2733 2583 4587 1694 3197 4318 3925 487 1446 4027 3466 3916
1792900,245 112 2034 1493 2099 2992 1990 2831 3197 4587 900 4053 3778 4357 4987 2921 4179 3036 3925 3109
1673994,2728 4558 2425 302 3574 4727 2100 4539
2411095,3675 4471 2431 1990 450 2095 2814 1252 259 4987 4303 1742 4394 2583 1430 1321 3925 3197 3778
3322367,4611 1808 450 2153 3033 4855 2261 116 3423 73 3396 1252 3519 3405 1080 3722 3689 2977 162 4876 3650 291 1854 3499 4096 2013 566 2260 398 4570 1742 4964 2894 1452 1372 157 4017 2431 448
3155577,1133 1781 3675 4554 3651 4292 1095 866 431 3009 2278 1164 3371 3121 62 3894 4183 2196 4857 4585 2837 3979 1388 4757 3111 1214 4758 3062
3691521,1133 3675 4554 3651 3009 3371 2087 709 4292 4289 4471 431 315 3121 4624 867 1781 4585 3489 2196
1224028,2831 3198 4317 1493 2034 112 245 4021 2029 268 4053 2099 3782 2320 3524 3925 3197 4987 223 900 1990 1307 3131 1321 420 4131 1337 3778 4116
1898050,44 4587 4027 1230 3211 3951 900 4727 2034 2099 387 3148 1404 112 816 3466 2320 2423
1160825,3946 424 3136 1321 3062 4987 930 3502 3277 4758 2025 4292 347 1450 875 1788 3675 4357
3192195,4558 3565 424 3776 2501 4727 2913 4292 2061 3414 1694 4200 3587 4341 4390 4027 4906 2340 4641 800 430 4987 3146 3843 1072 3119 2278 1628 930 420 471
2244612,709 4554 3146 2087 3675 424 24 3371 4624 4292 867 1133 2340 2837 3489 3776 2728 2501 62
3320534,245 112 4587 1990 2921 2992 3778 3036 2034 3109 4357 3951 2583 630 2099 3925 1701 4871 895
2577504,4987 1321 3675 4471 1788 3062 245 112 3946 368 930 4317 895 900 2008
3620306,4857 3276 4972 2793 1095 2466 912 4426 3632 4807 1839 1909 4636 1198 4025
1345934,424 3062 4850 982 900 3946 4292 3136 2586 1099 3813 781 866 4302 3554 2297
1990394,2728 4558 4727 3776 2340 2425 709
3863522,3951 4587 387 4471 2034 1694 4027 4964 245 4385 1990 4168 3197 4727 3916 487 3466 3136 1015 3148 2733 368 3925 112
2594694,3596 1807 950 4549
2450245,3732 1237 4576 2661 4109 1653 1580 1382 4242 1190 2811 2049 4611 2127 2809 1932 4704 3806 3094 4471 4958 157 651
3051253,1575 1321 3969 245 4318 3675 1525 4587 4926 1015 4987 3778 2078 3946 3136 1788 4357 526 4179
3594472,1742 2921 3085 4987 4053
1242010,4938 2921 3782 1337 2160 2030 361 1307 895 112 736 2668 4053 1701 2992
2095831,4554 424 2087 2501 305 2033 4292 709 4727 3675 1928 2278 3062 4289 3651 2196 4302 1133 866 3371
2758014,245 4027 2728 1596 4558 2425 112 2099 1180 4587 4727 2831 3917 2034 4539 44 3386 1493 4168 3951 3916 1844
3661655,1321 3062 1701 2921 268 875 787 4494 3136 3242 4317 2328 3946 1337 2565 3478 895 4987 4541 900 1450
1800359,4554 2087 1133 3675 4624 3651 3009 4292 2196 3371 867 431 3062 2340 3121 3489 4289 4183
3292449,4471 450 4964 3951 2894 3916 4841 2697 1322 1990 3471 3863 4320 829 3011 4889 4627 2431 4385 4221 714 3675 2168 2502 387 4011 3308 3580 778 4587 2188 3778 193 4570 2137 918 2146 2034 1252 4168 3116 4852 245 2594 4900 2583 1015 523 4318 2984
2556900,1133 4554 4240 431 866 2278 3371 3675 4471 974 3316 14 4758
3395008,4587 2034 3148 4727 245 3916 4390 4027 4168 1015 3466 4221 3951 1694 4964 1356 4558 2340 3499 112 387 44 4179 3197 3136 2728 4871 3450 1990 3778 487 1404 3109 3478 3587 2732 2746 930 1742 900 109 3651
57270,4587 4727 3776 930 3146 3136 2728 1289 41 3148 2340 2659 4657 2837 4235 245
3384606,4587 2728 2956 4727 3499 4558 2340
689681,3951 4471 387 245 2034 4587 1694 4027 2831 4964 3197 112 4317 4385 3916 4357 1990 420 4727 4168 2583 1321
155210,4871 1742 2625 2123 2565 1015 714 2780 3675 450 3121 1749 3499 3722
47159,2728 2425 4558 2921 3696 3137
999332,1535 3951 1430 3333 1464 2685 1990 1544 2992 2583 1417 3036 962 3778 2382 1825 450 2490 2963 4964 2431 2921 4493
897232,2921 4493 1990 4871 2267 450 1825 4388 2992 3036 3951 2583
2800430,2425 2728 4539 3283 1293 3574
3568780,2083 4583 2337 3406 3163 3946 1321 816 4029 1636 2432 4711 4357 3101 177 3277 4850 2328 982 2320 263 4424 3969 3851 4019 4926 2863 4589 56 3619 420 4585 4471 4987 1608 4387 452 900 2586 526 895 4317 368
3799312,151 3524 1337 1493 2831 2921 245 4053 3198 3197 2992 2099 662 268 630 112 1990 4131 546 3681 4179 4565 420 1701 3867 2668 4987 2034 3917 3778 4160 3925 4027 4539 3131 4664 2029 4285 4357 3036 3707 4317 109 3504 4221 4938 829
1237766,3036 2992 1990 245 4179 3109 193 2053 4964 3116 2146 2414 3925 1185 630 2583
2842877,2153 4611 566 3033 1176 4855 2431 2697 22 1731 4222 450 1080 3396 4471 2508 1808 4714 3101 1652 2853 1898 1935 3675 3722 757 2725 3354 1252 1304 3519
3671989,1198 4716 3729 1925 3233 3437 2793 2127 4216 287 3196 2492
2978639,4558 3574 4727 2728 302 4027 3148 3450 2340 1180 4587 4871 2034 3478 44 4168
1006263,4727 2659 4587 3499 709 3136 930 4447 3916 4791 2837
3531913,2992 2921 2685 1544 285 3865 1990 1430 2382 2053 4441
1569136,302 4727 4558 3574 3450 2340 2728 3148 4871 4027 3136 930
901311,3675 2565 1321 847 3136 3081 3969 2921 4758 3242 1788 3062 4987
713639,1133 4554 866 431 424 4292 2278 3651 3675 3371 3009 2087 3062
3909477,3976 1544 3168 2921 2304 3203 2360
1576217,2992 4179 4357 3116 2950 3036 4964 1436 193 4221 1798 1819 245 2583 4987 4679 2594 3983 2095 3109
811043,245 2831 112 2034 900 1493 4027 4587 2099 268 420 1990 4987 2921 4317 3925 4357 1321 3197 2583 895
1562321,3198 2831 4317 1493 268 3867 3782 2029 3131 1307 2034 2099 4053 3524 223 3235 4131 420 245 4938 3925 1337 112 2160 1701 2599 924 1990 2921
2131670,112 268 2831 900 4053 3867 2099 3478 1493 4494 2034 245 1321 2206 4541 2029 4317 3198 786 3782 4987 3495 1701
800886,2034 3951 4964 4587 1990 4471 487 387 4385 1694 1015 3916 245 3466 4027 4168 2733 3197 2188 4318 3136
2766623,245 2034 4964 4587 3116 4471 4179 4221 4357 3951 3197 1990 4987 4168 112 582 3778 2188 1798 2583 900
2223557,245 4587 3136 2728 2921 930 3146 1694 2659 112
528661,3867 2099 4539 630 1596 3495 2029 112 4116 4053 3198 2034 4027 245 3431 924 3782 532 2921 1701
3835419,4964 4471 3778 470 3536 1321 2034 1252 2431 116 4096 1430 487 2111 1788 1587 3916 1417 73 965 3101 2188 1990 1742
57657,3829 3625 2153 2207 449 523 1854 4593 4964 145 4923 1151 4570 927 4783 4855 3680 157 4550 4209 5005 4258 1652 785 984 1674 3633 2122 1694 3020 1452 4347 216 1574 2366 2146
3605745,424 4850 3062 3813 1099 3946 781 900 3587 2586 3554 3136 368 982 4471 2297 430 4560 4292 571
3022222,2728 2425 709 3696 2837
3163699,4554 3062 4292 1133 424 866 3675 2087 62 2196 3121 3773 4850 2402 4585 3946 2501 4624 24 4896 4183 4302 4758 1450 431 3371
1940952,424 3946 2340 3813 3062 1099 2297 4727 4850 3587 4302 4560 571 900 3561 368
1154408,3379 4027 302 3776 44 1180 4558 3450 24 1001 4727 2880 2728 1199 3917 2766 4139 512 4906 4732 2927 3386 4539 210 4298 1861 2611 3118 800
2041382,245 112 151 3197 4357 2831 2034 2099 4179 3524 3918 4664 4221 4053 3198 2992 4116 4987 1990 3925 55 4565 900 1493 3036 4160 4317 1694 193 3386
1371463,4357 4179 245 4867 3197 4221 3116 2992 4285 4987 151 1337 112 2034 4021 4116 962 4317 3778 4565
204291,2728 4541 1293 4539 4558 3574 2424 3283 2425 4727 3478 302 2029 2099 3136 4027 112 391 1469
900496,3951 4964 3916 4587 4471 1990 450 2431 1694 2034 387 4320 1015 3863 245 4385 2697 4168 3471 3466 1356 4179 193 3778 3116 2894 4889 4221 2137 3020 1252 216 3371 487
2549433,3574 4558 4727 302 4871 3450 2340 44 3404 4027 1180 1596
298444,2034 245 4471 4587 4964 4221 2188 1990 487 3951 3197 1404 3778 3466 4168 2733 3136 4987 4318 4179 4357 1694 1321 3925 193 3116 4867
2017145,3675 4554 1133 4292 3062 4624 62 4850 4585 3371 1450 2196 3773 3121 4302 3489 900 424 4289 1388 248 4903 3277 763 867 2087 3478 751 1136 4142 1321 2565 3651 378 3146 3969
2749173,3675 4554 62 3371 3121 4292 3062 1133 2565 1388 3489 4585 1321 4289 751 4380 3946 4142 1450 3969 1788 2196 3277 3773
3076219,3951 4493 1990 2431 116 1430 2685 1535
1505437,151 1493 112 2831 3198 245 3524 4053 4987 4357 2034 1337 3197 4285 4317 2992 297 4565 3782 4221 3131 3235 4131 2029 2099 4116 4021 4179 223 4148 268 4160 2668 1307 4938 1701 662 3107 1947 2719 900 2599
205046,2831 245 1493 2034 4317 3198 2099 112 3197 151 1990 3925 4053 3524 223 4987 268 3386 2029 2320 900 3782
3017541,2034 245 112 3197 900 1493 2831 4357 2099 4987 1990 3524 4317 4565 4179 3778 2992 2188 4221 4053 420 1694
698699,424 3136 3587 4727 930 3651 24 3561 2025 3478 3554 3946 2340 3494 368 866 3776
1355504,3510 4280 1172 1742 3101 2258 1591 4679 1430 2950 1608 4855 2583 4179 73 4471 2988 470 3541 4357 116 3116 2188 4964 895 4867 4938 4221 1587 3778 649 4686 965 2111 2895 1641 139
3469936,245 4471 4964 3951 1990 2034 4587 2431 1252 3916 778 4385 3675 4168 450 3471 4221 4889 2583 4179 3116 1015
2920488,2921 895 2992 4357 4987 1337 1701 2583 1990 3242 3235 4116 245 1321 4131 3778 900 4867 3969 2582 4053 4179 1430
1121313,875 3062 1321 3946 930 4541 3136 4292 268 3478 3772 368 3675 1450 4317 4758 2025 787 1337 3502 3277 1701 2770
2944758,4727 4558 3916 4587 4871 4168 1167 3951 3499 1356 4964 4027 116 305 2034 245 1694 2728 387 2431
70380,3596 1807 950 2792
762194,4541 2728 112 4539 1501 3478 3867 2099 532 2029 786 2425 3136 4558
315323,2831 4317 3198 2034 112 900 4021 1321 1493 245 268 4116 4131 3925 2099 4987 420 2029 3782 4053 223 2320 3197 1990 1307 4450 895
2585322,2831 3867 3782 2099 245 2029 2034 3198 4539 924 3524 1493 1337 3925 112 4027 1596 786 420 4053 3495 4116 3431 4317 268 1307 1990 2921
300557,4471 450 2431 4964 3951 3863 2697 1990 2095 2894 3371 3471 3916 4320 4867 3020 4587 2583 4318 4841 1694 2565 1322 4889 116 3778 3116
208670,866 4554 2278 1133 431 424 2728 683 3651 4541 2837 2340 974
2626835,1321 2445 847 3163 3969 2921 4987 801 3242 526 1788 2206 4318 2565 1337 2583 2711 1701
781584,4964 3951 1990 582 2034 4587 4179 450 2894 2733 4471 829 3916 3863 4221 3197 2146 245 1694 3778 387 4385 109 4320 193 1015 3675 2137 3116 4627 1446 3925 2583 1356 4889 4027 4168 1798
1785534,4972 2439 2362 432 221 566 1198 4216 4907 1133 3675 1765 1480 1814 1162 62 2049 1095 4320 578 4380 792 4855 1782 3371 3121 1964 4857
443105,424 3062 3813 3946 900 3136 4471 4850 2297 4585 4560 4302 1099 3554 3502
2953488,2303 2626 3946 1349 4178 2858 982 2611 2432 1601 973 3101 515 3468 1636 4926 4613 3637 1457 248 1301 3277 471 2657 4855 4471 1066 4292 1574 368 816 2900 2725 263 3522 2431 1405 3021 4698 4180 4560 1960 4136 3313 414 795 4130 1252 216 1321 4162 4245 24 1273 4817 276 2798 3195 2899 1860 4641 352 4790 3793 2780
2417204,424 3062 3946 4292 982 3136 3277 4850 2983 4736 1099 900 3587 4302 875 930 3502 2501 2025 430 1321 24 4758 1414 4317
1361362,2034 245 3197 112 2831 4357 4987 900 1493 1990 4317 420 3524 2188 3778 1694 3925 4221 4964 4450 2320
928943,112 2831 1307 2029 3198 245 4021 4053 4317 2099 4357 2034 151 3782 4160
266931,2728 2425 1526 4558 4539
2497780,2352 4611 1581 4171 4583 4471 2651 4759 4265 4964 3675 4289 397 3978 3020 3371 874 923 2095 3736 1082 597 4992 1388 1424
3463949,2487 4306 4441 1131
2016609,487 3778 245 2034 1990 2431 197 3197 4471 3466 3925 2516 4964 4221 3969 1694 900 4318 4987 4357 4587 2188
1044512,900 112 1321 245 2831 4357 4987 4317
2721151,3276 2793 4857 4972 2466 1909 3094 3518 2022 4985
3486760,2049 118 4755 684 1574 2725 3675 4216 4471 2127 2353 2573 3771 697 3481 4857 566 3511 1867 29 1162 4434 4947 4699 1252 242 4874 3829 2106 4242 4972 62 415 1716 3253 1198 2439 1782 1031 1686 2883
3569210,112 2831 2034 245 900 1493 4027 2099 3198 3867 2029 3197 151 268 4317 4053 4587 4357 3524 3778 1990 1307 3951 44 3917
1900600,3136 930 2837 2728 4235 2025 2659 4657 3146 4727 3651 866
2586451,285 3865 1544 3440 4441 2053 2382 3490 1990 4306
1758127,4266 4216 3094 1753 3233 4681 3780 4857 1195 4471 221 3592
2421336,4539 4541 2029 112 1293 2728 3867 1469 2425 3283 1501 2099 532 4558
698091,2565 1321 1026 847 3675 3969 2583 1788
1446096,3478 4541 223 268 900 930 4317 3136 2025 875 368 1321 3675 4736 112 424 4987 1788
2280270,1337 895 1226 2992 4867 1629 2583 4116 3983 1318 2095 4357 3036 2030 3969 2047 4179 3116 2711 297
1710589,2034 4027 245 900 3951 4587 2831 1990 3925 112 3197 2099 3386 4727 2728 1493 4964 3778 3148 4317 44 1042 4541 3916 3136 3918 1694 3675 3478
1253452,624 1321 1788 2445 4926 3969 4987 420 2583 895 2831 4357 245 112 4317 4471 1430 526
3348484,3776 24 2501 424 4000 4727 3478 2728 3443 930 1928 1725 2044 518
161692,2921 4871 245 1596 2728 4027 1990 2099 3778 2992 3574 3925 4587 2034 4727 4558 3036 450 44
1108087,4554 1133 866 4541 2278 424 683 3651 4292 2025 431 2728 974 1251 2837 1628 1404 3316 2298
1461932,1321 895 2583 1307 4021 1788 3969 4357 4471 900 1446 4318 245
1430653,2990 538 1964 1619 188 4471 1931 1431 1915 3572 1095 1806 644 4202 1925 3196 3233 3471 266
298514,1001 753 3914 2927 2 4632 3067 4906 233 1326 2907 4139 477 2880 1861 3342 3899 2245 771 512 3037 3480 44 2611 523 1563 658 2879 4014 3468 2929 3057 2576 3379 288 3363 1862 1266 1400 182 4820 2519 169 2272 1180 3090 1940 2276 2250 2124 1342 3945
842123,4867 4471 4116 2583 3925 2921 895 4357 4987 2095 245 2320 197 4317 2992 1990 3036 1430 3197 900 962 2431 1321 4889 112 3778 2582 4221
905455,2789 2439 4857 3450 566 4380 3916 62 4289 4907 315 3308 3009 3675 684 1112 4320 1248 1538 23 3121 1356 4471 3380 4585 3371 3829 3010 2402 1133 3580 4855 1095 350 4106 1781
311690,424 2340 4727 2297 3946 3587 3561 900 347
2931951,245 4357 112 2921 4987 2034 4587 4179 4494 1694 3116 4221 2992 1321 3969
3356816,2034 2831 900 112 2206 245 4587 4027 3925 1493 2099 3951 4727 1990 4317 3918 3466 1404 3675 3148 1786 2728 1356 2583 1321 268
1647166,1540 1493 4494 112 4053 245 1701 2030 2831 3918 361 136 532 2099 3782 1501 2921 4160 4664 2029 4466 895 4317
2566140,424 3062 3946 3136 3813 1099 4560 4471 368 3502 2297 4850
1690587,4317 1321 895 4471 900 2921 4867 2583 1990 2431 1430 3925 4116 4494 4987
487275,3951 4471 2034 4964 245 1321 387 4587 4168 3197 4318 4357 2583 2188 4385 1990 4179 3116 112 1694 3916
3611761,3969 1321 4987 4926 3675 4471 2431 245 2583 1788 1430 4357 847 197 4318 2565 2921 4964
387380,112 3198 1493 2831 2029 2034 2099 4053 3867 151 3524 245 3782 4938 268 4317 1307 3197 2992 3235 3131 2160 4987 1337 900 4357 4131 4116 4565 3107 4664 1701 2719 4539
1651376,3764 4947 2353 3082 4434 27 4169 2049 798 651 157 4519 1431 2106 2401 4875 1496 4683 4258 1138 4044 2202 741 3903 3302 1621 3196 1439 522 2127 2214 3389 1347 2458 1853 1207 3921 2669 3099 2809 4699 1925 4471 4611 4216 1795 2957 1580 118 1086 4491
2390735,4727 2034 3148 4587 4558 44 4871 3916 4168 3951 245 4027 1356 3499
2382125,2972 1935 1574 116 6 3396 257 515 449 2853 2508 490 4879 3045 3945 2153 984 2366 1652 684 4837 157 2977 3722 3571 3354 1675 4420 276 2725 3598 2150 1705 450 4855 566 3327 2146 3740 4347 1731 1808 4333 2595 1140 4471
3092928,2034 245 112 4587 895 900 1990 2831 2583 3951 3925 962 3778 4116 4357 1430 4471 4987 1321
498208,424 4727 3136 2340 3651 930 3946 900 4541 3554 24
3298120,2927 1193 1914 2124 346 523 1861 3043 3368 3038 1563 44 3410 4514 859 2346 4098 3758 1463 4906 3914 585 4953 2250 4727 2952 2075 2716 1014
1435960,4471 4964 2565 2095 2583 1430 3471 1742 1322 2895 2188 2431 3101 4886 1417 259 3449 358 2950 193 3615 1252 3925 2039 4987 1608 1446 4179 3778 4686 4926 4221 1974 4867 109 3197 3969 2146 1450 2320 1990 962 2611 1320
1195838,4447 3499 4587 4558 2340 44 4791 4727 2746 2728 1757 3148
458866,2487 1131 4306 4441 3865
255241,2034 3951 4587 4964 245 4727 3916 387 1694 4168 1990 4385 3499 4027 1356 1015 4558 4471
1530795,112 245 2831 4357 2034 900 3197 151 4221 4179 3036 2188 4269 4317 4471 1990 3466 3116 582 3925 4565 4987 4889 3642 4587
2002488,967 3210 3863 4303 2320 4964 2095 4988 197 847 3925 3197 450 3683 2583 398 1694 3714 3327 2431 4471 2611 1317 308 2034
1916272,24 4727 3776 1293 2728 2298 4558 302 4541 3478
2327774,4292 4554 3675 4758 866 3371 1133 3651 3062 3554 2196 1321 2278 3146 4289 424 3277 1788 305
929793,1990 2992 2053 2382 3036 4388 2921 285 4179 1430 1185
2239169,4554 1133 3651 866 3675 431 2837 2196 4292 2278 4624 3009 3371 1308 305 2087 1781 2033 3146 2340
707735,2831 4317 1321 112 900 1307 420 3782 895 4357 4987
2402667,112 1493 2831 900 2034 245 4317 2099 4357 1321 420 1042 3782 4053 268 3198 4450 4987 2029
287092,1757 4447 2260 1015 4791 1694 4587 3499 2728 4558
3319912,4791 4871 3300 714 3499 1015 4964 1727 4587 4877 4460 3951 470 1992 1587 994 245 1516
2954899,112 2831 1493 2034 900 245 4317 4357 420 4021 2099 1321 3197 1042 4053 3524 1354 895 2029 4987 3782 297 4450 3198 151
1777739,2831 4317 420 2034 4027 112 245 3197 2099 3925 3131 3198 1694 2320 3951 4021 1307 3918 1990 4053 151 4450 4357
1065149,1318 4973 2030 535 1947 4679 444 564 1845 151 2345 2921 2711 2950 2992 1403 1629 1243 2583 3739 72 1562 736 1307 1421
1305755,3951 4168 4964 4587 4471 2034 245 3916 1990 4385 387 2188 3466 3116 4221 4179 1015 487
357291,1293 2728 24 4558 302 2425 4539 3283 3776 4727 4541 3574 709 2298 391
1399275,112 268 2728 4494 245 2921 4357 4587 3146
251387,2921 3976 4388 3210 3365 1819 3168 2696 1544 2992 2360 1533
1302805,2728 4727 930 3478 4541 3136 302 2659 4027 112 4558 900
1903856,3951 3916 4964 4471 4385 2431 4587 450 2034 116 2137 1990 4168 3499 4727 1252 398 1694 3778 3136 4318 3371 1015 305 387 778 4841 3675
675070,3675 1133 4554 3371 4289 3121 4292 62 3651 3062 4624 3009 2196 378 305 3969 4758 866 1388 1450 4113 4415 2087 4471
94082,1540 4027 3917 4317 800 2831 1335 2728 4207 315 420 245 2823 3386 532 4494 4964 1694 1493 361 2008 109 4053 4541 3163 624 2921 1337 829 875 2837 4450 2599 4987 2099
1227987,2728 2425 4558 179 709 4539 391 3436 3283 2837 4466
2840406,424 4554 2340 3478 4000 2087 2278 4850 4624 3146 3776 1005 866 4292 24 4727 3561 900
262588,1321 112 2831 1307 245 2583 2034 268 4021 420 2921 4471 900 4987 4317 3198 4027
1897050,4727 4558 3716 2351 2158 175 709 2387 3450 951 3776 1072 3499 3916 930 4390 276 3843
2120860,1321 2921 2565 2583 1742 3675 245 4587 4318 4471 1788 4987 1430 1591
1785225,4964 1990 450 3778 3951 2034 245 4471 4871 4587 387 2146 4168 4385 2534 3197
3611903,3062 424 875 4292 3946 3277 3675 900 1321 1450 3136 2586 4850 571 930 2983 4317 430 4736 4758 4987 1099 3554 3502 3478 3587
2817175,424 3136 4727 4471 3651
1352951,2367 1321 1404 112 4987 1216 2604 3136 1430 4587 4357 245 930 4938 1788 4926 3478 4541 2069 2583 4471
3911263,475 1668 4242 4958 4359 4848 2710 529 3061 791 777 2259 1827
1407336,24 424 1636 3021 4850 3619 430 3946 781 248 324 982 4029 930 2506 2501 3678 3420 2905 3587 3851 4302 3843 3776 4000 1099 1725 4292 368 1928 3062 3119 3433 4489 4554 4194 1473 4807 471 4586 4377 1803 2899 4926 1895 751 573 4423 3478 900 315 1960 2880 3277 2262 2586 2963
2083795,4493 3333 705 1535 1825 1464 4382
345919,2921 4388 2992 2685 1337
2173279,4727 4558 302 3450 3148 3574 4027 4871 2340 3136 4587 4298 44 3776 930 175 2728
340875,4541 2728 4558 1293 302 3478 4539 2425 4727 3574 2099 112 24 1180
167274,2921 245 1596 1180 3574 1493 3867 4027 2099 2831 3085 630 3925 1990 3478 268 2034 1701 3495 3198 4871 4053 2992
3641709,424 3062 3946 3136 4292 2297 3587 3554 1099 3813 900 1321 3502 368 4471 4758 4850 2586
2627375,4585 1133 4624 4850 3062 424 4292 4554 3675 3773 1450 62 763 982 4302 2196 1388 3277 4903 3009 3489 4142 900 177 1099 3946 571 2297 3371 2974 248 1321 2087 1136 3478 4424 2586 430 751 3969 3894 4758 3554
2036393,866 431 4554 3651 2087 424 4292 3062 4113 4624 1133 1781 2728 3675 2278 2196 867 2033 3121 4758 4302 4850 59 4000 3009
2114190,2501 424 4554 4727 3776 24 930 4292 4807 4302 3587 368 1928 3478 248 305 709 2340 2278 763 430 2433
3059226,1130 4007 3266 4010 472 438 4209 1273 4840 2128 2995 3497 3505 1198 176
2809187,4727 368 4587 245 4558 3136 3148 2340 930 3478 3450 1742 3146 4471 305 3675 4168 4390 4302 2034 4027 112 302 3561 1404 24 4541 867 2728 4221 3651
3457431,431 4658 2278 2033 4558 305 4727 4560 1140 3938 2537 2779
1565048,2034 245 3951 4471 112 4587 1694 3197 387 2831 1990 4964 4318 4168 1321 4357 4317
1953722,3062 4317 900 1321 3946 424 3675 4292 875 4987 3136 2586 4541 3277 4736 930 112 3651 268 3478 430 223 2025 368 895 571 2008 1788 1450 4302
3643809,2487 4306 3865 1131 2792 4441
3609875,424 1133 2278 866 4554 4541 4292 2025 683 3651 431 1251 2837 430 2728 4850
433713,2921 4388 2685 2445 2992 2583 1990 2832 2328
2016944,2793 3276 4972 4857 2466 4636 1095 1839 4807 2278 3094 912 3632 1909 2287 4426
1151736,151 2099 3917 1337 3197 245 4053 2831 4131 315 112 1990 582 4867 4357 2034 3524 1694 829 4539 4179 109 271 3707 4317 193 2992 4285 1701 3036 381 4221 3925 3983 4164 662 3778 4664 297 4450 2599 900 4987 4964 4116 2029 2320 630 4027 4565
2532309,2728 2425 4558 2424 4539 179 1540 1547 709
1660572,3951 450 4964 1990 2039 2660 116 2431 4493 4471 369 2583 3116 1430 462
1120609,3131 3782 2029 3198 1307 297 2831 3524 112 4494 245 2992 2599 268 4317 381 4357 4450 4736 2034 2008 3707
1576105,930 4541 3136 900 3651 2025 3478 875 368 424 24 268 3675 3587 4317 112 4727 3554 4292 2837
2576217,1321 245 2034 4357 112 3197 4987 2831 900 268 4317 3925 4471 3675 4021 1788 1493 4587 962 4179 3198 4318 3778 2992 2583 368 2320 4221 1430
1017427,245 112 1493 2831 2099 2992 2034 4053 4664 900 4357 3197 151 3036 2921 3925 4987 4116 3524 1844 4179 630 4027 1990 1694 268 3917 3198 4587 55 3918
1693181,630 247 194 1562 532 3696 2728 4664 1701 4494 2618
203988,4471 3062 1321 4560 3946 4758 3813 2431 1972 1788 1099 424 3554 3969 3773 4585 3502 4318 3136 3277 2583 1450 4850 4292 378 1967 1430
2500174,4471 3951 4964 1990 2034 245 3675 4587 4385 1252 2431 450 2583 3925 3197 778 3471 487 4318 3916 2733 3466 387 1446 4889 4221 4179 3778 4987 3011 2146 2769 1015 193
231766,900 3478 930 4317 4541 2831 875 112 268 3136 2728 2025 1042 2659 1321 4987 3675 245 368 1493 4494 786 1788 2099
3113582,2728 2837 2874 930 4541 3136 3146 3478 4657 3651 2078 4727 2340 709
2727402,4727 4587 245 4871 4558 4168 2034 4027 3574 4221 112
1813478,247 1701 1421 2030 4094 630 112 1562 2711 4973 4494 1337 4466 1226 4938 4160 1889 686 2160 444 1818
569692,2600 1990 1742 1131 2921
3098863,424 3136 982 3946 3062 4850 900 3813 866 4292 1099 3554 781 4302 2297 3651 2586 3587
1323880,4727 3136 3450 4558 3651 1628 3776 2837 930 3146 4587 709 2340
658060,4727 4558 3148 3574 4027 2340 2728 4871 3478 4587 44 2034 302
3362024,1293 3574 3283 4558 2425 4539 3478 2728 391 4541 4727 302
2338682,4727 4558 4027 2034 3148 2340 4587 3916 3136 2728 3574 3450 4871 245 2659 4168 302 1356 3951 1990 1015 44
1519378,424 3136 3554 3651 3946 4727 3587 900 2340 3062 930 368 2297 4471 3813 24 3561 4292 3478 4302
868671,2053 2992 1185 2382 1544 285 2753 1990 4388 4179 2692 3168 3109 2921 546 151 3036 3778 3983 4357 1337 3197
2831446,4587 4964 3499 4168 3916 1694 3951 1015 1356 2340 2034 1990 4727 245 2746 4027 4320 4390 4221 3450 450 4471 487 387 3136 3116
703889,965 1148 2111 1587 4471 2950 1119 1925 87 4221 3101 1742 1252 2714 798 4855 817 4179 1172 1430 4357 2583 2491 2034 4964 109 3778 3948 3969 470
2859530,866 4554 1133 424 2278 4292 3651 431 2837 3146 3675 4727
3526260,2831 1321 4317 112 1307 268 900 1788 420 3478 3782 4987 3085
176752,4964 245 3951 2034 4587 4168 4471 4179 1990 3916 3109 2188 4727 4221 3116 1694 3197 3778 387 1015 582
2315796,221 4216 792 591 3094 4985 2710 4681 1195 1814 4972 432 1108 4030 1781
687724,3136 424 3651 930 4727 3946 4292 4541 3062 3554 2025 3675 2297 368
3557368,4554 3651 3675 1133 3009 3146 1404 709 4624 2340 867 2033 3371 2837 2087 4727 4289 245 4292 4558 431 2728 685 2528 305
2431353,1133 4554 431 3371 3675 3651 1781 3276 974 2278 4315 866 1095 4972 4240 4292 4471 1628 3062 4880 4758 3277 2090 4857 14 2033 305
3103493,1321 3242 3675 3062 787 4758 2921 1450 4494 3772 2418 1788
829645,1990 4871 3778 3574 462 3925 245 1596 2921 3951 1628 2583 3109 2146 1568 787 4493
1973972,112 900 2831 2034 4317 1321 245 1493 268 1042 2099 3198 4357 3478 2029 420 3925
2831691,3565 386 2225 456 1133 2242 3392 3913 698 2135 1046 2565 3151 212 4292 4974
1642535,2921 2445 245 1533 1321 420 4987 2583 4926 2831 2431 2328 1701
1215727,245 4987 4357 1897 4565 4221 3116 4179 2034 2992 3197 526 197 112 4269 3642 4964 470
2416620,2992 2053 3036 2414 3109 2382 1544 4388 1185 2685
3847015,424 3813 3946 3062 4850 3587 1099 2297 3136 571 3651 866 3554 2586 4302 900
1579850,216 684 3825 3829 1538 779 2508 3159 4627 2137 315 449 3916 2697 829 3675 62 3371 4289 4320 4008 2611 3121 259 2146 4011 71 3985 4964 4385 3471 1578
780138,4727 4558 4871 3148 4587 2340 4027 302 4168 3450 3916 3574 3136 1167 1356 305 4390 3499 4298 175
795376,2728 112 4558 4727 4027 4539 1293 3148 4541 2099 532 302 3478 3574 1501 2425 2029 3867 2034
466958,4558 4727 3148 302 4027 2340 3574 4871 44 2728 175 4168 4587 1356 3917
2924827,112 1493 4357 245 1701 4987 4053 3642 1540 2992 1337 875 268 1321 4587 2711 361 2030 4450 4494
2370952,2921 1321 2445 1337 1533 2328 847 2583 4987 4021 2992
3389090,4554 1133 4541 2278 866 3651 974 2728 431 2025 4292 1404 683 424 2837 1628 1251 4758 972 751
1179873,4964 3951 4471 1990 4168 2034 2188 4179 582 4587 487 245 4221 1798 3197 3466 1015 1694 3916 3116 4385 109 387 2146 3778
2815689,3062 3136 3946 3651 3813 424 4292 571 2586 1099 1321 4850 4302 378 3478 3675 3554 3587 2297 875 4903 4758 930 866 4585 3969 3277 2770 787 1701 368
717972,424 3946 982 3062 3136 4850 4292 3587 3813 4302 2297 900 1099 3554 3651 3277
3486648,245 2921 4587 2034 1694 4221 4471 4027 4987 112
1759882,2831 112 1493 2034 1321 2206 245 895 2583 900 268 4317 3925 1430 4357 3198 4587 1042 4494 4987 2099 1788 1404
584496,112 1493 2831 4053 268 2099 2034 900 4494 4317 3867 245 3198 4357 1701 922 3495 4027 4987 3478 3386 2728 4664 3925
1761146,4021 4317 1321 895 3406 2921 2831 2008 1337 2328 2583 4987 420 1307 3131 4116 4131
1021818,1293 3283 3574 4558 391 2425 4539 302 1469 4541 2728
1565283,2921 2831 245 3524 420 2445 1337 1701 2328 4987 1493 4496 1533 4053 2034 271 1694 112
3201333,4317 875 895 1321 4987 4357 900 112 2008 3062 2992 420 136 4736 1337 2921 4053 3675 787 2831 3242 4494
261632,4558 4727 302 3574 2728 3148 4871 2340 4027 2425 3404 2659 3136 4587 2099
385604,4587 245 3136 3499 1252 4964 4558 2728 305 4727 3146 1015 2034 4471 4791
2218525,4587 3916 1015 1694 4727 4168 3951 4558 2034 4964 245 1356 387 2340 3778 4027 4221 4320 4390 2746 1990 4871 3136 3499 305 4471 4641
2761741,4987 1321 245 4357 787 112 268 3478 4221 4587 900
1130935,1544 1131 3440 2382 285 1990 4306 4441 2487 2685 3865
2530605,2921 112 245 3925 2831 630 2992 1701 1990 2099 3036 895 2034 4053 4116 1596 2583 3085
2238606,2831 4317 2099 3198 3867 3917 2029 112 4053 4027 2034 1493 268 245 3085 3782 4131 1990 3197 1701 900 3524 4539 3495 3925 223 420 3386 151 2921 1337
1277692,245 4964 4587 1321 1990 3778 2431 4471 4179 3969 2034 1788
297344,4871 3574 2260 4558 4478 4727 1596 1628 4168 2732 1167
938913,2728 4558 2425
3874629,2034 4587 3951 4027 245 3916 4964 3148 4727 4558 1694 44 1015 1356 1990 4168 4385 2340 3466 3197 3136 112 387 3499 1395 487 2746 1404 3778
506481,3951 3916 1990 450 4964 116 4587 1015 1694 4179 4168 1356 3778 387 2034 2188 2351 4871 4221 2431 4320 2894 3116 802 3499 2137 4471 245
729467,259 4984 3020 2137 3471 4964 2153 4179 4471 450 3863 4011 358 3969 1430 701 4611 2431 4385 1083 3011 109 79 3159 193 4855 2146 1336 2373 3197 2611 3519 2863 1322 2594 1304
1121901,1293 2728 2425 4727 4541 4558 4539
2419428,1133 1781 3675 4292 4554 1095 4758 62 866 1214 3062 3651 1164 3121 4585 3894 378 3371 1388 431 2196 4183 1321 76 1450 966 3969 3009 3111 1788 875 3773 2978 3277 4880 4850 1973 4315 3979 2278 4757 4857 625
2321608,2728 4727 709 930 3136 2837 4558
1324544,3559 2818
1770909,431 305 2033 3062 1095 2439 3675 1928 4758 4554 4727 4292 486 1133 2196 2278 2087 3371 4289 3843 709 4183
3673826,4317 268 1321 900 4987 245 1788 112 3675 2831 3478 2921 368 3198 3925 223
3604084,2439 566 1928 578 3450 424 2508 684 3843 3773 3675 3010 1532 2681 2868 4471 62 3371 4292 3514 2789 4106 4289 490 3013 4029 4955 1538 3810 3159 315 1399 3829 2402 1133 2188 709 23 4857
376514,1321 2583 4471 2431 4021 1430 1788 895 4987 2921 4318 4867
558027,245 112 2034 900 2831 1321 1493 4357 2583 4987 1788 4318 4471 3197 4587 3466 3925 1430 4317
1370074,3574 4871 4558 1180 1596 2425 4027 4727
2143307,1559 1705 116 1385 3389 364 2508 2972 3737 291 1574 4855 566 157 449 490 3396 4258 212 2150 1452 3173 3689 160 3505 2391 3393 3628 1731 3536 2725 3876 1935 2697 3702 2469 4304 3354 2502 1937 6 4471 3945 66 128 2050 4923 1143
2222792,2992 4179 1331 3116 1430 2583 2921 2053 3778 4357 476 4964
1853111,2728 2425 4558 1526 4539
2729675,4027 3917 2921 532 1694 2728 2099 1844 44 245 3085 630 4587 112
919763,4357 245 4987 112 3642 4221 4053 4269 4179 151 900 297 895 3197 2992 2034 2030 4565 962 2188 1947
3514087,684 743 3928 4334 3632 1095 4013 685 4142 763 315 454 3514 1072 2439 972 3675 2882 3843 1133 2278
3893263,4587 3499 4964 1694 3951 1015 3916 4791 245 2034 1757
1125948,4317 1321 2921 2831 420 1788 2008 4021 895 268 900 3131 223 1042 1493 4987
1861364,1321 895 787 4021 1701 4317 2921 1337 1788 361 2445 3242 2583 1307 4987 4867 268 4471 3969
2843452,1694 4587 3916 4964 1015 1757 4791 3951 3499 2746 245 44 4558 2340 2034
3314773,4727 302 4558 3574 3148 4871 2728 2099 2340 3478 3404
1759252,2831 1493 420 4317 3867 3198 2034 3782 3131 2029 268 3524 2099 245 112 2921 1990 3925 4053 924 1307 4987 1337 4847 3431 3495 1042 3197 4027 4539 2599
340051,1321 2921 4987 2583 3675 4471 1430 1788 4021 4357 895 787 2431 2445
2137452,2728 4541 112 4539 3478 2099 2425 4558 1293 3867 2029 1501 4727
3625339,1990 3951 4471 4587 2034 4964 3778 245 2188 4179 487 2431 387 3197 2583 4727 4385 1694 3925
3755243,1694 2728 532 4027 2921 3917 245 3136 1844 4541 2034 1493 4539 2831 4494 630 930 3386 361 875 2407
3745263,424 3776 2501 4727 930 24 3587 1928 368 430 3478 2340 4292 2433 2061 3146 4554 3667 866 3843 3148 4302 4000 2278 2506 1725 3561 4558 2025
2201766,424 763 1633 2061 347 135
3408617,649 3510 1084 4679 1591 1618 1172 1430 3020 3025
3557375,2431 2583 1321 4471 4318 1430 4357 3116 3969 2095 3951 2445 4987 4867 1446 1417 245 962 2039 2921 4889 4179 4964 895 1990 4021
1720446,3003 1095 4857 522 1162 2466 2793 4985 4471 1456 4875 538 1668 1568 3233 4972 4964 874 1909 1694 2710 4216 2022 2306 3196 2756
144995,1742 2565 1990 4587 4964 245 3778 4871 3675 2034 3651 1015 2921
2402610,1990 2992 4388 2053 2921 2685 1544 2328 245 3036 2382 3778 285 3925 1337 2583 3951
231352,4736 2983 3277 875 2025 424 3136 3946 1321 4987 3062 4292 930 900 347 3478 3587 4317 1788 430 3651 571 4357 3554 4711 4029 3675 24 1450 4302
2732670,2202 785 2957 2644 3539 3579 1364 3421 4313 1482 4258 3692 1974 3275 4052 4964 1207 4519 470 2754 4686 4570 1431 4947 358 4876 157 3978 876 3165 4087 1252 4942 2727 706
3422251,2728 4541 4539
1077659,245 4964 4168 1990 2034 4179 4587 3116 3951 582 3916 3197 4471 1694 387 2146 4221 2188 2583
3865855,2728 4558 2425 709 2837 4727 4541 3137 3146
2924670,4727 3148 4558 4027 4587 2034 2340 245 3916 3136 302 1015 1990 3951 3450 4168 3386 1356 4871 3778 44 4964 2728
1137954,3136 2837 4727 930 3651 2728 709 2956 2659 866 2025 3146 4541
2418769,4587 3916 4168 3951 1015 245 4871 1694 1990 4964 3109 4179 1596 4221 3778 994 2034 4390 3116 3499 1356 802 1167 2146 4027 4478 193
3774898,3062 424 1133 4292 4758 4554 3675 4850 3969 62 4585 1321 3773 982 378 3277 1450 4113 875 59 866 4624 3946 900 2196 547 1972 1276 571 1388 3478
3431933,4558 4727 4871 2728 4027 3574 2425 1180 4541 302 2424 1742 1596
3248580,2921 361 2030 112 1337 1701 2328 1307 268 151
1543526,3675 1133 3489 4554 4585 315 424 3121 3009 4292 1248 4624 4850 3773 2087 2402 3371 1928 62 4106 3514 4903 1136
304855,3062 4292 59 3946 1251 4113 424 4758 3146 4624 1321 352 1388 1363 3478 3969 4850 3277 2196 4302 3675 3773
3311468,2501 4554 424 24 3776 3478 930 1928 4727 2340 368 2278 3146 4292 2728
2729400,4727 4558 302 3574 3450 4027 2728 4541 3478 368 3136 1293 3776 4587 3148 2340
1487158,3574 4871 4558 1596 1180 2425 4727 2260 3917 4027 4168
886688,44 4727 3924 3211 302 3148 4311 2880 3776 4558 4027 4139 2099
1240303,2728 112 3478 4027 2099 900 786 4727 2034 4541 3495 2831
1614176,2425 3696 268 709 2728 4558 3137 3146 4541 4791 630 1694 436 532 2837
31293,4727 4558 3574 4027 2728 3148 1180 2340 44 4871 2425 3478 4587 3404 302
231868,4357 245 4179 4867 1321 3116 1337 112 4221 3197 2034 4021 2583 4987 4285 4964 4317 4587 4471 1990 875 3951 3969
1314917,3198 2831 112 2099 1493 2034 1307 4317 3782 245 2029 3867 4021 268 4053 4027 3524 3131 4938
418422,2921 361 1493 245 268 1572 271 4964 3504 2831 4450 112 1694 1540 4357 875 1337 3524 4496 4664 109 1516 1701 3917 151 4494 630 2008
2098827,112 245 2831 2034 2029 1307 4053 4539 151 3085 4987 2099 3867 3197 268 4587 1701
1674714,4021 4987 112 4357 1321 3642 3778 3197 4053 151 4317 2992 1788 245 4867 4269 3116 4116 895 3406 2034 1337 900 1042 4221 297 420 3707 1307 787 4450 3036 1430 4938 1947 1701 197 2831 136
1793588,424 982 4850 3062 781 1099 3946 900 430 3813 4302 2586 571
2298282,2992 2583 3116 1990 4987 4179 245 4357 3036
3096406,2921 3365 1533 847 2445 1742 3210 361 3163 2583 3714 62 2814 3925 2565 3675 2431 3204 197 4471 2992 2692 4303 3976
869263,24 3478 2728 4541 112 3776 1501 4727 424 3136 930 2298 2099 2025
2092363,2565 4871 1015 1742 3675 714 450 3383 2123 3778 1990 3121 3722 701 3300 3969 4791 4964 1321 245 4587 216 2780 1757 2122 2625
3379952,2728 3776 2425 4558 302 4727
3236110,424 4292 248 2501 763 982 4850 2402 3946 24 1928 910 1133 4180 3420 4554 4613 518 4029 3675 4302 315 3062 781 4373 2745 3277 1099 930 4585 4424 866 209 4106 3489 1173 2905 4896 3587 1636 2974 3702 3776 3833 2506 3075 368 3433 430 62 4926 3163 3894 1035 3478 3121 4641
1178827,2921 3163 895 3085 3242 4317 2445 245 4494 420 268 1321 2206 2831 4987 361
2324984,1321 4317 2583 420 895 4471 1307 2206 4318 2831 3925 112 4021 1430
2129627,424 3946 3062 3136 3813 4850 4471 4727
3706282,866 424 4727 709 4554 2278 3146 2501 2837 305 2340 486 24 4558 431 2033 4292 3651
1969652,2728 3696 630 194 1562 709 2425 4558 436 532 1540 112 4322 3146 3137 4587 1701 247
3664815,2728 2425 4539 4558 1293 3574 302 179 3283 3478 2100 391 4541
2534743,3675 1133 3009 3489 3773 4585 4292 315 4624 4554 62 424 1248 3121 4850 2402 1928 4106 3062 4903 3946 4142 910 763 2087 248 3371 3702 3514 3894 4471 1136 4613 3813 982 2196
750151,496 3253 2919 3675 323 684 2978 918 1133 454 3894 2439 3121 3265 3007 4767 2278 1324 4585 1254 3210 1566 3371 3009 4930 3673 4857 4216 1095 62 3813 3111 685 1480 4862 422 4471 237 2528 3833
3188024,2112 4388 2992 2360 3036 151 2382 2053 285 1990 2921 2328 4587 315 2095 3032 3925 1337 3197 1572 4179 3109 2414 245 4494 4027 4964 2728 1701 4317 630 1844 3210 361 109 2950 112 4053 1446 1544 2445 4357 2753 829 4131 2583
2181891,2921 2445 847 3969 4987 1321 2583 3242 2992 3163 2206 1533 895 4116 245 1430 2565 3197 4926 1337 1788 420 2034 4867 4357 4471 3235 4221 1990 3982 3925 4964
120408,424 3062 3946 982 3136 4850 3813 866 4292 1099 900 4302 2586 781 3554 2297 3587 3651
1852329,875 930 2921 3478 2025 3085 1321 3651 3136 895 787 1788
3895947,2260 4871 4478 4558 4727 4168
1723565,4727 930 3776 2659 3136 709 3146 3148 3478 4587 818 2837
724805,112 245 1493 4357 4987 2034 2831 1321 3197 4587 900 3198 4179 268 2583 4221 962 4021 3925 3778 4027 2992 3116 4317 1354 922 4053 151 2921 1990 4116 3036 3951 4471 420 1701 1430 4964
2374830,1131 2487 4306 1544 4441 285 2600 3440
913374,1095 4585 1133 3675 763 685 2262 3514 454 4850 3813 3277 2196 3194 3894 424 431 4142 3632 1072 3062 3773 3476 4029 684 4471 248 3371 1214 2439 3946 263 3942 2278 305 4767 539 357 4292 4010 4458 1972 1577 3928 1450 972 1321 4200 1252 923 62 3624 4758
301397,1629 1226 2030 1337 4546 895 3983 361 2992
1462601,1580 3934 3376 1448 538 4382 4607 989
632190,1337 1307 4021 2921 895 4116 1321 268 361 1701 3242 2418 4987 112
1608654,2728 1540 532 1694 245 4027 2921 630 3917 112
393942,3276 974 4658 2728 2528 2837 4558 2278 3651 4554
1990035,2053 2992 1544 1990 285 2382 1185 1430 3778 3036 3109 3168 4388 2921
2335387,2008 875 3478 2921 3651 930 2025 4541 3085 3136 787 268 818
2220628,424 3946 3062 3136 3813 2297 3554 1099 4471 900 3587 347 4292 4302 368 4850 2340 930 4560 4727
1211154,4317 2831 1307 420 112 4021 1321 3782 3198 245 2029 895 4053
371877,3951 4964 4168 4587 2034 3916 245 3499 4471 1694 3197 4179 4221 4385 1990 387 4727 1015 3116 714 1798 1395 487 2188 4558
744945,245 4357 900 4987 895 3116 2034 112 962 197 3778 2583 4269 1430 4471
2585042,112 2831 245 4357 1321 1307 4317 4021 900 2034 3198 2029
3347425,3877 2108 116
1021951,4854 4855 918 515 2919 566 2780 3396 1585 1154 1576 1176 2914 4222 2153 3121 1268 2165 3355 1731 757 3101 3810 4584 3883 1248 2977 2431 3009 2546 4264 3675 2725 2357 1035 3393 2303 3695 4180 4560 4624 1252 4471 2087 1149 619 1170 3136 1450 4914 1578 3773 955 3301 4289 2361
2655742,930 4317 368 875 3478 420 3277 424 4736 2025 3136 4758 4987 4302 3587 1321 223 1788 3946 4207 3651 347 900 4727 4292 3062
77160,1321 112 268 900 245 1307 4317 3925 4471 4357 4987 2583 2034
3890161,4554 866 424 2278 2501 4727 4292 3651 3146 2837 305 2340 1133 24 486 2033 3478 930
1086479,245 112 900 2034 2831 4357 3197 962 1493 4987 1321 4221 4021 151 4867 2992 3778 1990 4587 3198 4116 4317 4889 4179 3036 2583 4471 3925 1354 2188
608873,4584 1248 3883 515 3468 566 4955 3985 2919 3045 2439 2868 3121 3062 2780 4526 1268 3773 3009 4855 3675 2657 3075 3451 4106 3946 454 4624 1133 730 490 3013 4896 4585 1399 2900 3355 1912 2165 4264 673 4292 3570 1510 3159 1585 3919 842 3452 3502 2317 675 1577 2357 4471 62 3145 3371 4142 3505 2087 3088 4900 918 2534 2196
2542796,3520 450 3243 4611 808 957 4984 3327 2853 3829 1080 4952 4964 3722 2749 4841 4471 5002 3863 523 2644 3405 2697 3519 4855 566 291 4277 2431 1808 1359 1833 4011 2508 157 2366 1574 2122 4852 1898 2809 1252 3471 3580 4570 2112 3951 4289 1810 4017 1544 1083 4837 2502 1143 829 116 3344 4923 3354
1717572,1230 4587 3951 487 387 2423 900 816 3925 3466 2034 4027 4471 3197 3211 1990 2320 44 3778 1404 4926 2185 4385 3148
3400620,4727 3136 3450 4558 930 3148 2837 4587 2340 3776 4541 4871 302 1356 3651 4168 4027 3574 3916 1015 305 24
390199,424 3813 4850 3062 3946 2297 3136 4624 982 1099 2586 900 3554 4471 3587 781 4302 571 430 4560
3287892,2921 1430 2445 1642 2685 1321 1464 1788 2583 2992
3334077,3136 3675 930 1321 4758 2565 2025
2926475,3675 1133 3121 3009 62 4585 4292 315 4554 3371 4289 2439 1388 3651 3773 4624 4850 2087 378 684 3062 685 1781
3719762,1318 4274 895 2711 2047 3541 1549 2164 1591 736 2445 1403 47 361 2488 1436 4938 1321 4612 3028 2884 444 847
380479,2921 4938 4040 4910 736 3115 1226 3739 3235 2445 2030 1878 4361 1307 3242 895
1470989,3877 4382 2108 588 116 705 1028
1733357,2050 3793 2508 3396 1574 116 4855 3689 364 2391 2469 4258 2972 449 1937 3519 3393 3149 3536 2697 216 4011 1935 2977 2502 4320 523 2725 478 450 291 4276 3829 566 1143 829 2553 1652 1705 3169 1349 2611 1252 2595 1578 1559 490 470 909 4162 157 321 4304 3916 2387 1538 3722 4964
3833702,4554 4624 4292 3062 3675 1133 424 4850 3489 3773 4903 900 4585 2196 62 315 982 3969 3946 2402 751
2272602,2696 2921 3365 2988 2992 4592 2685 1061 2583 1117 1436 1430 1825 1587 2380 632 2562 3168
2511170,4871 4027 44 3574 1596 4587 4558 245 4727 3778 1180 4168 1694 2425 1742 2099
449051,424 3136 4727 3651 3554 3587 930 900 347 2340 3561 4292 4302 368 3450 3062 3478 3494 3946 3675 4471 3813
2325139,2728 4558 2425 4727 1526
1853646,112 895 4357 1321 4987 4317 900 2583 245 2831 962 420 4867 4021 136 2034 1430 2320 2992
1704128,4541 268 900 112 930 3478 368 3136 875 3675 2025 4727 4317 424 3651 245 2837 2831 24
2475556,2728 4558 532 2921
2250741,4541 2728 112 3478 2099 4539 4558 4727 2425 1293 4027 302 268 1501 2029 786 3574
710337,4471 2431 3675 1321 2583 1430 4964 4987 1990 245 4179 4867 4357 4318 3951 3969 2188 4221 3116 3778 1446
1875223,4727 3574 302 4558 2728 3136 4027 930 3450 3148 4871 2340 3478 1180
3871088,2728 4539 4558 1596 532 2099 2425 3917 1562
2643306,2728 2425 2424 3478 4539 4541 4027 1293 1180 4558 2099 112
616429,1596 4871 3917 1180 4225 3574 2425 2099 4539 4558 630 4027 2728 532
44604,302 4727 3574 4558 1180 2728 3450 2340 3148 4027 2099 44
3228368,2921 245 2445 2831 3524 1533 420 4357 2992 1701 1337 112 4987 1694
715106,1307 112 2921 4938 895 361 2029 2138 1701 4116 2030 2992 4053 268 4867 4987 3242 3431 4021 4494 1059
1445945,2992 245 4179 1990 2053 4357 193 4964 3036 1185 4221 2921 271
742868,4554 1133 4624 4292 3675 3651 866 2087 867 2196 3121 3062 3146 3371 4183 424 2728 2837 2278 875 4113 3489 3478
153504,2831 245 112 3198 4021 4317 3782 2034 1307 2099 4116 2320 420 4053 3925 2921 3524 4987 1990
313116,1321 3406 4987 2583 895 4471 4317 4357 4021 900 3969 4867 1788 2431 2432 420 3062
2837976,3951 4964 4587 4168 3916 4471 2034 245 1990 387 3116 2188 582 4385 1694 4179 1015 450 3197 4320 3675 4221 3499 3109
2637817,1493 829 2831 3524 3198 1337 2029 223 4317 2034 3197 151 2099 1990 3131 3867 3917 4539 245 4027 662 4131 3778 420 4053 4021 112 924 2599 4450 3386 268 3925 2668 3707 4987 315 1694 4285 3782 3495 271 1395 55 1325 1191
1840797,1493 2831 3524 3131 3198 268 2034 245 3867 223 4027 2599 151 829 1990 2099 3197 3386 4317 3495 3917 662 1191 3925 2029 4541 1337 420 924 4987 3778 3782 4053 112 1199 1694 2668 4450 55 786 4539 1307
2653346,4554 3675 1133 4624 2087 4292 867 4850 3651 3062 4585 3146 62 3009 424 3371 315 3489 900 4903 2196
2748262,2728 2921 1540 245 4558 4587 1694 532 4027 2425 3917
1353900,2034 245 3951 4587 1990 4964 2583 4471 714 3916 1430 900 2831 462 3197 3925 112 1404 4221 3675 3778 1252 4357 1442 4727 4570 4276 1788 1786 1015 4168 2039 1321 4987 962 2431
532168,3276 4857 2793 4972 2466 1909 4985 3518 3094 792 1095
2474852,2565 1742 4871 714 3778 2431 4791 2534 245 3675 3969 3121 3300 1321 1990 450 487 1749 1015 4471
385981,4471 3116 4964 4987 3675 245 4587 3951 4221 4357 4179 1321 4168 2034 3197 1990 1798 582 2188 3136 1430 4867 3778 1446 2583
1470029,2565 1742 3675 3121 714 378 2780 2123 3969 3778 4871 3985 1321 3136 701 1015 3300 1990 1450 2625 245 4476 3615 3946
3667458,4624 3062 4292 3675 1133 4554 3651 4850 3946 4585 1450 4758 4302 431 3969 1388 1321 866 2586 3146 867 2196 2087 3371 3773 3277 3478 62 344 751 378 3121 4289 3009 424 571
2803337,2728 2425 4558 2837 4027 4541
2085098,112 245 2831 900 2034 3478 1321 268 4357 1493 4727 4587 930 4471 4027
86463,4388 2685 2382 2600 3440 1825 2053 2921 2832 1990 1544 4306 2487
3301471,3062 4292 4554 3946 424 4850 1133 24 62 3675 751 248 4029 4585 2402 1803 1636 2196 1173 2501 866 1099 3773 3277 4302 3121 982 1928 4142 4896 3371 1076 1450 430 315 781 4106 3969 1321 2565 2328 3021 4758 378 1388 1577 3010 4289 177 2586 368
812675,116 4242 432 2710 1668 221 3877 475
1949481,3574 4727 4558 2728 1180 3478 4027 2425 3148 2099 302 4541 2340
2261172,3675 4554 1133 4857 3276 3121 3651 3371 3009 315 4292 2439 1781 4289 2528 867 2837 1388 431 62 974 3894 4585
3824871,2583 1430 3951 2992 1417 2095 3036 962 4679 1535 2950 2685 2594 2039 4179 4357 2445 1321 3116 4867 2988 4240 4964 1990 895 2921 2188 4318 1464
2184096,2034 245 3466 4587 112 1694 1990 4867 1493 4027 2206 4964 2599 3197 2831 3951 4317 1015 900
1645924,424 3946 3062 3136 4471 4727 3554 930 4292 1321 4758 2340 368 3587 2297
330109,424 4727 3587 2728 930 3478 3651 3494 2298 866 24 3561 3136 2340
2695544,2831 112 268 1493 4317 900 3198 3478 2034 4053 420 4987 245 2099 3867 1321 2029 3495 1354 1042 4027 3782 1307
996539,2367 1321 245 1216 112 4987 1404 1430 4587 4926 4357 2583 4938 4471 2604 1788 2034 3136 1493 4318 2992
2508722,112 4987 4357 895 1307 245 1321 4021 3642 2583 4053 2034 2831 1701 151 2030 268 962
2400497,3062 4758 3946 3502 930 3136 4292 2025 424 1321 1450 4302 900 3675 875 3651
966598,302 2728 4727 4558 3574 4027 3148 2425 2340 2099 3478 3386
2879878,221 4216 792 591 4985 2710 3094 1814 1195 4972 1108 4681 1781 1480 432
2779661,245 4987 268 1321 4317 900 3675 112 2921 2831 3478 1788 4357 4471 930 875 3136 3198 2992 223
1242205,1321 2445 2583 2921 3969 4317 2565 3062 895 2328 1701 2431 1788 3675 4471 268 4494 4987 1337 4357 1450 1446 4021 361 3242
1213245,4317 1493 2831 900 420 1042 112 1321 2034 3782 895 2099 4450 268
1201977,44 4027 3211 4727 4587 900 3148 1230 2099 2728 4539 3776 2423 3951
2644179,2728 2425 1293 4558 4539 3574 4541 3283 3478 391 4727 2099
413711,245 2034 4357 4987 4221 3197 1694 4926 4471 4964 4587 2431 4179 3969 112
2436954,424 3062 3946 3813 3136 982 4850 1099 4585 4292 4302 4471 368 3554 781 3587
30631,4541 2831 2921 4027 245 112 268 3478 2728 1493 2099 3867 4539 3198 2034 1990 3386
1047584,424 3587 4727 2340 3136 3561 3813 347 3946 2297 2025 3554 930
2603066,245 112 2034 2831 4357 3197 1493 4179 4221 151 3524 4987 4964 3116 582 900 1990 4053 4317 2992 3198 4587 4021
2425067,424 2025 3136 930 3651 3587 2837 24 4541 4727 3561 866 875 3776 3478 3946 368 2298 2501 4292 3554
1839528,44 4027 1596 2099 245 4587 3917 2425 3778 1694 2746 1180 3495 4558 1990 4871 3574 532 112 4539 3109 1356 3386 3137 1844 2034 4168 630
1473208,4791 3499 4587 4447 1740 4964 2260 714 1757 1252
300348,2921 2992 2685 4388 2382 2053 1430 1464 1990 2583 2445
101975,3136 2728 2837 930 4727 3146 2659 4235 4587
2003230,2644 1364 4313 4964 358 2202 984 785 2957
1338832,112 1493 245 1216 4357 4053 4987 2034 2831 3782 2992 4450 1337 4565 1694 3524
2016276,245 900 112 2034 4987 4317 2831 3197 1990 3925 1321 4357 2583 4471 268 4116 962
69768,3866 4311 3667 2905 2193 2899 3420 900 4000 2337 3776 3685 4027 4029 1034 1473 4424 2211 2423 3211 4727 368 1349 3946 1017 967 4056 324 1257 1230 930 4471 3443 347 3601 3433 3224 4926 430 1414 4565 3951 4178 24 4641 4207 4130 4180 2728 2224 4139
1225431,112 900 895 1321 2831 245 4317 4357 2034 1493 4987 1042 4021 420
2885824,3499 4587 3951 4964 1015 245 4791 3916 3875 4871 1694 2034
709446,245 112 2728 1694 2034 4587 4027 4964 1540
991270,801 2921 1321 1878 2445
1642496,112 2831 2034 1493 2099 245 4027 900 3478 3867 268 2728 2029 3495 3198 1990
3338786,424 4727 930 3136 3651 3946 24 368 3554 3062 3561 3587 900 3478 2340 4302 3146
1274580,2831 3524 151 3131 1493 3198 1337 245 4053 4317 2921 3197 268 4987 2668 2992 223 3235 2099 2599 2034 1701 4131 112 1990 3867 3778 4565 4285 3917 420 3707 3782 4357 4938 4160 900 3925
2023659,2992 2921 2685 2053 2382 4388 3036 1990 285 1544 3109 1430 4179
2590362,3094 3518 4266 1195 4216 2793 3780 1964 2200 4985 4972 1480 221 2786 4857
3757465,4447 2728 4558 3499 2260 4791 4727 44
1023845,3969 4987 3197 4964 197 4357 245 4867 1430 2034 895 2583 2431 4926 3778 4471 4179 4221 3163 1990 4318 4904 3116 2992 4116 1321 847
3576441,3675 4292 3371 4289 3062 4554 2351 3010 669 1928 2402 1356 709 1450 910 450 3277 424 3951 1321 305 248 3773 1136 701 1404 751 982 4106 684 2033
1875995,2583 1430 2431 1825 1464 4471 1990 2685 3951 3925 2445 1321 1417 962 1642 4318 2206 3036 2992
2714352,245 4357 112 4221 2034 4179 3197 4987 151 3116 2831 2992 3642 900 4565 4116 1493 582 3524 4053 4317 2188 962 2099 4269 4587 297 4021 3198 1798
1428060,2831 4317 900 112 1321 1042 2034 268 420 895 3198 3925 2583 2099 1493 3782 3867 2029 4494
2084035,245 4027 2728 2034 3148 4587 3197 3951 112 2099 1990 3778 1694 4727 1015 4558 4541 3466 4221 4964 3917 2425 3925 3478 4168 109 3574
646736,245 112 4357 2831 900 2034 4987 4221 4179 151 4587 1844 3197 3116 4053 4116 4317 2188 3036 3642 1990 962
1534920,2431 3951 4471 2697 2039 4964 116 3863 1990 1417 2583 3116 2328 3471 3916 962 450
3042550,2831 112 151 4317 3782 2029 1307 245 2668 2099 2034 4938 3036 900 420 297 4847 223 4021 4053 4160 4565
2055621,2921 268 4494 930 787 2728 3136 2025 2418 3242 4541 3085 112 875 3867 2837 1701
2651095,930 4317 900 3675 875 3478 3136 2831 2659 268 1321 112 368 2025 1450 3062 4987 4541 4758 245 1788 1042 4494 2728 4357 3946 3651
2744225,3198 1493 2831 3524 2034 112 4987 2029 4021 3782 245 3131 1307 4317 4053 2099 4450 268 3197 4938 4131 151 3107 4357 3235 3778 2668 3867 223 1337
2353041,424 3062 59 4554 4292 1133 4758 3277 4624 4850 4585 1450 4113 2196 3675 982 875 3946 866 1321 2087 24 3773 3478 3969 571 62 430 2278 378 763 3587 4424 648
2923506,4554 424 2087 3478 4624 866 2340 2278 4292 4850 3651 3146 4000 1133 3561 900 4727 1005 571
1770232,2831 245 2034 112 2921 4317 1493 420 4987 2099 3197 3925 1321 900 4021 4116 4053 4357 4131 1990 3782 2583 3778 3198 2992 1337 3524 962
38617,2728 4027 2425 4558 3917 2424 44 2099 4727 4587 3574 1180 4539 245 1356 4871 1596 2921
2854142,4587 3951 4964 2034 245 4471 3116 1990 4179 4168 4221 3197 4987 3916 450 387 2583 2188 3778 4357 1321 1798 582
658139,424 4727 3587 866 24 3561 2340 2501 930 2025 3946
1598322,3382 219 3653 361 4583 1215 4607 3614
3543879,4727 3148 4558 4027 4871 44 4587 2340 1356 3916 245 3574 4168 1015 1180 2746 2728 2034 3499 4390 3778 1596 1694 175 2099
3156986,2728 4539 2424 2921 4027 532 1547 1469 3917 2425
2971272,3865 4306 1331 92 4948 2992 2053
2874846,216 315 2146 684 449 2508 779 4964 4627 2137 829 3829 1538 3159 71 3916 3863 4011 2611 4320 4855 3571 259 3778 1574 4385 2697 3825 3371 193 4900 387 2387 4471 4008 1322 4289 109 328 3675 487 4841 3308
2126694,424 4727 2340 3561
2514690,2921 4494 268 875 1701 361 3242 1337
1249402,2565 1742 1321 2921 3675 2583
1567750,24 1293 4539 2728 4541 3776 3283 709 2425 4558
1764963,245 3197 4357 2831 112 2034 4179 3116 4471 582 4221 4964 4317 4987 1990
654417,4558 3574 4727 4871 2340 2425 2728 1596 3917 3148 4027 4168 2100
3065915,2831 3198 4317 112 2029 3107 1493 2034 3235 3867 420 1307 3782 4053 2099 4938 268 4987 3131 895 900 4021 4116 1042 4131 1321 3524 1337 2668 2160 245
3812969,4857 3009 1133 3675 2439 315 3371 1781 62 3121 3651 4554 4624 3489 4289 1095 4585 431 2196 1388 1254 684 305 4292
3297243,3917 2831 2099 4027 3197 1493 223 3198 151 245 2034 4317 3867 3524 1990 3925 829 662 3131 2599 4539 4053 2029 3386 4131 924 1337 1694 268 1395 1191 55 112 3782 420 315 2728 3495 3918 1199 4207 3778 3707 109 4987 2407 4450
2939071,1694 4964 2153 3101 4855 2431 3916 1015 450 4984 1474 3424 1356 3951 4611 3020 73 3519 2034 2451 1652 3778 1252 3722 3863 4404 1304 216 4179 470 4258 3396 2146 4276 1384
1983349,4587 4871 4791 1015 1757 1694 245 4964 4558 1596 4811 1742 3499 4027
513637,2053 2992 2382 3036 2921 1990 3109 1331 3778 92 1544 4179
685150,2651 1082 3453 4583 1238 2948 2625 538 4471 1974 4254 4964 3079 139 4816 2352 551 4415 1095 2588 3613 2754 1431
3597146,4727 3148 4558 4027 3136 4871 4587 2340 2034 3574 3450 302 44 245 2728 1356 3916 930 2659 4168 3478
1437862,2728 4727 4558 4587 2340 3148 44 3776 112 3499
1687862,3276 974 2528 2837 2728 4658 4554 3651 2278
1035184,709 4558 3146 2837 2728 4727 3651 305 4554 4658 431 2278 2033 1133
648718,4857 3276 2466 4972 2793 4985 3518 1909 1095 3094 792 3003 912 2710 1108
1868430,112 4053 2831 3198 268 245 2034 3867 2029 1493 3235 2921 1990 2992 1307 2099 4938 4317 4987 3524 3197 3778 151 1701 900 4357
3227041,1628 4727 3450 3651 4587 3499 3136 2240 4458 4558 1366 648 3776 3875 4302 2837 930 3277 994 3146 1050 4459
2192426,112 4027 2831 2034 245 1493 2099 3495 3148 55 44 3197 900 3198 3917 4053 3386 3478 4727 4587 1844 3918 1694 3867 2728 1990 3524 2029 1395 4558
3565374,895 4357 112 245 900 2992 4116 4987 197 2099 2831 2034 4317 3197 4053 1990 3778 3642
39470,112 900 2099 2831 4357 2034 245 895 2206 4053 2029 1786
1753294,2034 4027 4727 245 4587 3951 1990 4964 387 1694 4471 4558 3916 3148 4385 2733 2831 3675 1356
2635085,112 2831 900 2034 1493 268 1321 245 4317 3478 1307 2099 3198 3131 4541 1788 4357 4987 895
2656284,4541 875 3062 3136 930 4317 1321 268 3478 900 368 3946 4494 2837 3085 1450 4292 3242 3772 424 112 2921 787
185991,866 4554 431 424 2278 1133 305 2501 486 3146 2033 4292 4727 3651 3675
3820725,2921 2053 2992 4388 1990
3323461,245 2034 112 4357 1694 4987 4964 4565 3197
3679970,4539 2029 1293 3283 1469 2728 4541 112 3867 2425 2424 4558 1501 2099 532 3574 3478 391
2793919,4972 2793 2466 4857 3276 1909 912 3094 2022 1753 4636 1095 1668 203 1480 4807 4985 2710 2090 1108 4869 2306 3632 3437 4778 3003 123
1246111,3062 3675 3136 1321 2921 875 268 900 3946 4292 2565 1450 3502 2328 930 4302 368 3277 4585 509 4471 787 4541 1337 1446 4758 2586 3146 424 2770
2001342,2831 1493 2034 3198 112 245 2029 2099 268 3131 420 3867 4317 3478 4027 3495 4053 3524 3925 1307 900 1990 3782 1042 786 1354
9873,4132 3510 1587 3234 1430 4679 3951
2638980,1321 895 4471 2583 1307 4116 4357 2431 2565 4987 1446
942970,245 1596 4027 2034 1180 2921 2831 1990 3925 112 2099 630 4587 3778 4871 1694 3386 1493 3478
2947043,3009 3675 3651 1133 2087 2340 2278 4554 4624 2728 431 315 2837 2033 2528 1005 867 3371 305 4558 2439 866 4292 4727 3276
2243176,2487 2792
3847704,112 2831 900 2034 1493 245 2206 1786 2099 4053 895 4317 922 1321 4357 1354 3925 3198 1042 1990 3918 4987
728479,2034 245 4027 3916 3951 1990 2831 4727 4587 4558 112 4964 2728 44
1043978,3062 1321 4987 3946 4317 1788 900 112 4357 424 3277 245 4292 3136 4471
359097,4587 4558 4727 3136 245 2728 3499
2657647,4727 4558 3148 4027 4871 2340 2034 4587 3136 302 3386 44 1356 3916 245 3450 3574 1015 4168 1694 4298
2543337,2030 1226 1337 1629 4973 1318 895 1421 4546 2711 444 2992 361 1243 1818 4116 3983 1307 2047 4938 2488
2279539,1701 245 4357 268 1493 630 4179 112 4494 4587 532 4964 2921 4053 3983 247 109
340149,302 4727 4558 3776 2728 2425 709 3148 2837
1740749,2439 4857 3009 1133 3675 62 2789 315 4585 4380 3121 4289 3371 1781 1095 3450 4907 4471 2402 684 3111 1248 566 4106 1388 1254 3773 3062 76 4320 3894 4292
2478550,112 1321 268 4987 4317 2831 900 4053 1307 136 4357 787 420 875 895 4938 245 3478 4736 4021 1701 1788 3242 3782 3131
1819626,4587 245 4964 1742 3136 3951 714 2034 2583 1404 2728 112 4791 109 1990 4541 4471 3300 4404 3478 3148 930 4221 1216 1757
829149,532 1694 3917 245 4539 2728 1844 4027 4732 3386 2034 630 2831 112 4964 2746 4664 2921 3197
205841,424 3946 3062 3136 4850 3813 3587 2297 4292 900 4471 3554 347 4302 3502 1099 571
408006,2009 3946 24 3075 4292 2402 816 4180 930 248 4667 3843 763 2432 3062 1588 1960 4613 4029 4424 3502 424 3433 982 368 3420 3587 290 3833 795 1976 4458 2905 1149 648 352 4926 1173 1099 3570 4585 2501 4255 4302 3277 4850 430 3494 2837 3478 3136
2100164,2728 4558 4727 112 2340 3137 2425 2099 3574 3148 4541 4539 4174 2298 3404 4871 709
2412404,2921 2445 4388 2328 2685 1701 2992 1321
2731986,4727 4558 3574 3148 2340 4871 4027 302 2728 44 4168 4587
1645630,4727 4587 3136 4027 3450 3148 2340 4558 4471 368 1694 387 3951 3776 2034 930
1094584,424 3136 3946 2297 3554 900 368 3062 4471 3587 3813 4302 4292 3478 930 2586 430 1099 3651 4850
902565,2921 3235 1701 895 3242 1059 1337 2831 2992 3925 420
3880081,216 515 176 1268 44 3468 1035 2900 1009 490 3101 2611 2518 1574 353 3919 4855 2780 4027 684 3379 1860 829 4471 1912 2728 4162 3702 2746 2150 3740 2508 191 1694
524795,4179 193 3197 3379 4964 4587 3853 1694 245 4221 4357 2034 3524 582 3951 2611 4987 3466 3116 109 44
435524,112 245 2034 900 4357 2831 2099 4587 1493 895 3197 2992 962
972686,1990 2431 714 2600 4964 245 4471 2583 3951 3778 1252
3884016,2034 4027 3951 2831 112 245 900 2099 1990 4727 4587 44 1493 3925 1042 3386 3916 1356 4385 3148 2206 2728 1694 4964
1131650,112 245 151 1493 4987 4357 2992 2831 3524 4021 4053 1337 4867 4317 3197 2099 4131 4116 3036 2034 3198 900 1990 4285 4450
3422283,2034 900 2831 112 1321 245 4027 4587 3925 2583 3951 1493 268 420 4727 4471 4317 4318 4385 1990
2842844,4554 424 4624 4292 1133 3062 4850 3675 4302 982 2087 4585 62 2196 3946 3651 3121 3969 315 3773 2402 3489 3478
934682,112 3478 3867 2099 2831 268 3495 2029 1493 4539 4541 900 786 4027 245 2034 2728 1501 3782 3198 532
489524,2831 112 1493 2034 245 3198 4053 268 3495 2099 2029 4317 3524 4027 3867 420 3478 900 151 4987 1354 3197 3925 1990 3131 55 3918 3782
257926,4727 4558 3574 302 3148 4871 4027 2340 3450 4587 2728 4168 175
3612844,3916 1015 4964 829 3951 4587 450 1694 1990 2894 216 4841 4627 582 1356 387 3863 4320 2697 449 4179 4168 4900 4471 2746 4011 4221 2034 3778 3116 2146 3580 71 523 315 2122 245 2431 193 4385 2351 2137 3109 4867 109
13103,424 2501 24 3776 4554 4727 2340 866 930 2278 4000 3478 1928 2728 305 2087 2837 2025 1005 3443
732799,424 3062 4554 4758 4292 1133 1321 3675 4850 59 4624 4585 3277 3478 3969 1450 1276 2196 4113 982 1972 4302 2087 3476 62 571 3773 763 900 866 875 378 4183 3946
2337746,3062 3946 4850 2586 3136 3813 1321 424 982 4292 177 1099 900 1450 3277 3969 571 2297 4302 4585 2565 352 4624 378 4758
985309,2728 4558 2425 2837 4727 2340
2677222,4727 4871 3951 2034 4587 3916 1356 4558 245 4168 4964 1990 4471 450 3778 1694 387 3499 4027
2220088,4587 245 4964 4791 434 3300 3951 2065 4471 1404 1694 2034 4221 3116 3499 2367 4357 1516 4987 1430 3136 4179
2630568,112 4357 245 2034 4179 3116 3197 900 4021 4221 2992 3198 962 3642 2831 151 4987 1321
2180194,4554 1133 4292 424 4624 3675 3062 4850 3121 3773 4585 2087 62 866 2196 378 2402 982 3371 3651 3489 763 4302
2613573,4716 2492 480 538 361 874 3168 287 1337 2992 4585 151
2019787,112 1493 2831 2034 245 151 4357 4317 4987 3198 3197 900 4021 2099 3524 2029 2992 268 4053 3778 1337 4285 4221 4116 3131 1321 4179 1990 3782 1354 2668 4450
1821831,4558 4727 2728 2340 4587
741538,4871 44 1596 3574 4558 4727 4027 245 4587 1180 3778 1694 3450 2099 4168 1356 2034
738954,2034 4587 1990 3951 4964 245 3916 1694 3197 1015 2733 4471 3466 3778 387 3675 487 582 450 4385 4168 4221 193 3925 2831
223205,4256 454 4010 1095 32 4315 4663 76 3061 3632 1781 3928 923 4216 1133 1480 4585 685 4850 1388 3233 3894 2439 2278 1198 4857
2661091,4027 1596 4558 4871 3574 1180 44 2425 245 1742 4587 2099 4727 3386
1335378,3276 4658 2528 4558 2728 974 2837 2278
3173581,4727 4871 3651 4587 3574 4558 245 4027 1180 1596 3478
940741,4871 3574 1628 1596 1990 4168 3916 4478 1167 4587 2732 245 3778 3951 4558 3925 4727 994 2267 1015 4964 1694 4221
3265084,4727 4558 3148 2728 4027 302 2340 3574 4587 4871 44
213814,424 3946 3587 3136 982 900 2340 3062 4850 2297 3813 4302 4727
1522360,4727 4558 302 3136 3148 3776 930 2340 24 2837 2728 3574 4587 4541 3478 3450 709 4871 2659 2298
711268,4871 3916 1990 1167 4493 450 4478 4727 3951 116
365358,112 3478 900 4541 268 2831 2099 245 368 2034 1321 4027 4727 3136 930
1202222,1321 112 2583 900 245 2034 4471 1430 4357 4318 1788 962 1307 4021 2831 268 3198 4987 3951 3925 1990 4317
3242664,3776 4727 424 3148 2340 930 24 2501 368 3667 3478 3587 4558 302 3450 4554 44 709 2433 2964 1928 305
1297287,2921 875 2008 3085 4494 361 268 3478 3136 787
1529416,4256 454 2710 2793 4216 1781 3518 4972 4985 3125 4010 4857
3859823,424 982 4850 3062 781 1099 3946 900 430 2586 571 4302 3813
896446,2921 2992 4388 2583 962 1430 2685 4179 3036 3116 3951
2475955,4871 1596 4168 3778 3916 1990 3109 245 3574 3951 4027 2146 4964 4587 1015 2746 4727 4179 2034
1292075,4611 4964 1474 3951 1990 2853 4179 4471 2431 3863 3116 450 398 3778 4221 4510 3185 3197 3279 4791 1516 714 3300 4320 193 701 3969 1798 2502 1539 1322 1430 2095 2146 3383 3011 1142 4587 216 2034 245 3597
2881479,4539 4541 2029 112 3867 1307 1293 1501 3478 268 2728
1377263,424 3946 2340 3813 3062 2297 3136 4471 4560 4727
3917592,3136 424 3946 4292 930 3651 3062 3502 2297 3675 3772 982 3587
3188939,24 3619 424 3587 430 4736 4311 3776 1414 3347 3851 930 4761 4207 2025 4000 532
3281011,4539 1293 3283 4541 2425 2728 4558 1469 391 3574 2029 3436
3783574,157 4071 4460 2651 4320 4770 4471 2588 1716 448 2106 4708 4858 2202 4602 162 1431 4087 2957 4611 1238 2754 874 1551 4852 3392 4759 4570 1904 871 2049 3279 3989 2458 1964 3987 1207 1764 2391 4258 876 1974 1784 1162 3128 1086 1198 4816 1852 2707 1799 4964 1568 2299 4683
745028,4471 4964 3951 4168 245 4587 2034 1990 3916 4385 1015 387 2188 3466 4179 487 1694 582 4221 3116 3197 2146
896979,3951 2034 4964 3916 4587 245 4168 4320 1990 3778 3116 1356 4179 4727 3197 387 3109 1015 2188 1694 3499
1028002,3094 4266 4216 432 1764 1782 1198 3829 1480 1431 792 4471 2202 3247 566 2767 3471 4384 1872 4985 4152 1753 1138
1372867,4624 4584 4560 3570 673 4180 3807 3773 4476 3277 3443 2087 2780 1149 3136 474 2989 4292 3075 2540 4758 1450 2335 515 3121 3985 2402 3062 3009 3946 2919 3502 930 1972 378 62 1133 3554 1248 3883
3184914,424 4317 3062 3946 900 4850 895 3136 1099
1447235,2728 4539 2425 4558 4541 1562 2099 112 532 2424 3696
346768,1364 4313 2202 2644 358 785 5005 64 984 1482 754 1252 4686 4964 362 3579 4876 1587 2754
1611425,245 4987 4587 3675 4471 4357 1321 3969 2921
2097793,2431 2583 4318 1430 3951 4471 1990 2039 1321 450 4964 701 3020 962 2095 3675 3863 4587
3396507,424 4850 982 3062 3946 3813 1099 866 900 3136 781 4302
2245642,4972 2439 578 1133 1480 1781 3675 1814 792 1782 1095 2789 4857 62 1195
484315,4587 2034 4964 3951 245 4320 3916 1694 1990 3197 3778 2188 387 4027 4168 1015 4179 1356 3675 4221 3116 4727 44 582 450 3148 4471 2746 487
1732100,1742 4871 2565 3675 2780 3121 3136 2625 3651 2123 1015 3985
1826077,1133 4292 4554 3651 3675 866 3062 431 4758 2196 1781 4624 3371 378 2837 2278 4302 62 4585 3009 3554 3277 3121 3146 3969 1450 3111 4850 648 3894 1251
3749108,4857 1095 4216 4985 4972 792 1480 1133 454 2710 3632 475 432 3471 4266 4010
2487269,245 112 4357 4987 4221 2034 4179 151 3197 900 3116 3642 4269 2831 2992 1990
1642890,4554 3675 1133 2087 4292 3651 866 4624 431 2196 3062 4302 3146 4289 2033 305 867 3371 1928 424 3121
3105408,1321 112 900 268 4317 3478 4357 1788 3675 875 245 2831 3198 787
2898522,112 245 1493 1540 1694 532 268 2921 4587 4357 2831 4664 4494 1572
3062470,2921 112 1533 895 4021 245 3115 4938
1921770,1544 2053 2382 285 2992 1990 4388 2685 2832
3038047,1321 3062 1788 875 4471 1450 3946 895 4292 4317 3969 2921 4758 4987 3675 900 787
1158095,2728 112 3867 2831 4539 2029 4541 2099 3478 4027 1493 268 900 786 3495 532 2425
3311374,112 245 4727 2034 4587 4357 4027 900 3478 2831 2583 4558 3198 3148 4318 2099 3466 3925 268 3951 2728 3197 1321 4179 1990 4168 4053 1430
2005293,1133 4334 62 3675 4585 972 4315 3111 1803 3773 4142 4216 1867 4857 3121 3813 3894 2432 684 763 1781 1095 4985 4972 3514 966 1107 2439 1388 357 1480 3013 542 2262 4880 4013 3833 3365 4292 795 2565 2328 121 203 3371 76 2332 1198 2666
2460360,2831 4317 1042 112 3867 1493 2099 900 3782 268 2029 420 2034 895 4494 4053
224241,1321 4179 4964 4357 4987 245 4791 4587 526 3969 1788 4221 3951 875 3116 2432 3421 2583
525171,4727 2034 1990 245 4587 3778 4871 4964 4027 3951 4471 3925 1596 1742 4558 387 4318 487 3916
1109181,1596 4539 2099 1180 630 2425 532 4027 3574 2728 3917
644118,1293 4539 2425 3283 2728 3574 4558 4541 1469 391 3436
387142,1321 982 3969 4577 4585 3062 3773 3802 1788 1450 625 547 4758 62 4471 2565 3675 352
1350474,3062 424 875 3946 4292 3277 430 2983 4736 982 4317 1321 2586 900 3136 4850 2025 1803 571 2008 1414 1099 3651
3226549,4216 4266 4857 2710 221 1827 4985 4944 3780 2370 792 4972 591 3518 3233 3061
1911583,2921 1321 1337 4116 4987 4357 245 2992 2583 1742 2025 112 2565
1680703,3136 4587 368 3651 4727 424 930 3478 4471 4302 3587 2340 3450 4758 3148 3946 2837 867 2188 3554 2034 4168
3078675,1321 4471 2431 2583 3675 4987 4964 245 3116 1430 1990 3020
3604239,792 4958 3564 4242 3877 3427 1234 1215 2108 4857 4985
2776820,4554 1133 1781 3675 3651 1095 4292 2278 3894 431 1214 866 1164 3371 3009 974 3979 4758 4757 4183 62 2837
3245759,4554 2087 866 4292 4624 1133 424 3651 305 3478 3675 4727 2278 2340 2033 2196 431 4302 1005 3146 3062 4758
2168179,4727 302 4558 3148 4027 3574 2728 2340 4871 44 4587 2099 2034
749484,4964 3951 4471 1990 450 4587 3916 2034 1694 1015 4841 387 2431 582 4168 3778 245 4385 4320 4221 3116 4900 3863 2188 2697 3020 4179 1252 3197 3371 487 3675 3136
3710086,2831 4317 1493 2034 4027 900 3925 420 2099 245 3197 2320 2599 112 1990 223 4053 3917 3198 1337 3524 3918 829 3386 151 1844 4131 4587 268 3131 4987 4450 315 1694 2728 1395
1070008,2034 245 4587 1990 3916 4964 4027 112 2340 3951 3136 1015 3197 3778 4727 1694 109 3148 2728 4168 1356 4471 900 2831 4558 3675 4987 387 4221
3137506,2831 245 3197 151 2034 1493 2099 3198 3917 3524 1990 662 112 3867 4027 4053 2029 223 3131 4539 268 3778 3386 1191 3925 1694 55 829 4317 4565 4179 2992 2407 4131 1337 4987 2599 3495
673200,4624 3146 4292 3651 2087 424 867 4850 3478 3062 2340 3675 2278 1844 2728 431
3514095,4727 4558 3148 3450 3574 2340 3776 302 4027 4587 3136 4871
102561,424 3946 3062 4850 982 3813 3136 2297 4302 900 4292 3587 2586 1099 571 347 3502 3554 3277 368
1289628,2156 705 4382 2108 1234 2344 4607 3427 441
1071142,424 1133 4554 4292 4624 3062 4850 3675 3946 3773 4585 982 62 2196 2087 763 866 3121 2402 2501 1099 3894 3489 4302
2735259,3946 3062 424 3136 3502 4292 3813 4758 4850 982 3772 2586 1321 2297
3188058,1440 2382 3865 2992 1331
522598,3675 4554 62 4292 4624 3371 3062 1133 3121 4289 3489 2196 1450 4585 4903 4850 2565 3773 378 59 900 2087 1388 1173
1049763,1133 3675 3009 3651 2087 4554 315 4624 3371 2340 431 2837 2528 2278 867 2033 4471 2728 3121 3489 2439 866 305 4289 1781
2719464,532 245 1694 3917 2034 1844 4964 4027 112 2728 4664 3386 2831 4539 630 3197 4357 2746 361 3663 4587 4732 3495
2915424,2728 3696 2425 4558 1562 709 436 4322
2106137,268 4317 3242 4494 1701 2921 875 1337 3062 2328 2418 1321 3085 4053 3675 787 368 2565 361 223 420 3136 2138 2831 900 4541 3478
2572352,3148 4027 4727 2034 4558 4587 2728 2340 245 112 44 2099 1356 1015 3478 3386 2831 302 1990 3136 3951 3917
2448923,3379 3853 4027 1860 193 44 829 2459 2611 4423 210 4139 4179 3685 4587 1269 109 4895 4221 2927 1694 3197 4906 900 2858 4056 5009 2146 2928 4504 4298 75 3705 2519 4011 1199 2766 1574 1066 1281 3945 169 3279 1001 71 3951 302 2992 3571 4514 3118 2657 3713 4964 2845 216
1109615,4317 245 2831 2034 2099 4987 112 3197 3925 900 223 4053 1990 1493 151 2320 3782 3198 268 4131 4357 3524 4221
1004281,875 2921 2008 3478 4541 3651 930 268 2025 3085 818 787 2424 3666 3136
494211,4388 2921 2992 2685
2597997,1596 71 1199 1749 1742 4871 367 2565 2328 1167 4791 2992 1990 1337 714 4811 2921 2593 1825 245
3332463,1321 4317 268 112 900 2831 4987 1307 1788 4021 3478 4357 2921
2398738,866 424 2278 4727 4554 431 2837 305 2033 2340 3651 4292 1133 3146 2087 486 4558 709
2481144,245 4587 2034 1990 3109 112 4179 4168 3778 4871 3951 3116 1694 2099 2992 3197 2831 900
2038624,4382 2608 2648 588 705 1339 2156
903578,1321 787 875 3675 1450 3242 3062 1701 3772 4317 3946 3136 368 3478 2138 4758 268 4292 900 1337 1788 4302 2586 4494
3621011,112 245 2992 4357 4179 2034 3116 4269 4221 2831 151 900 1493 4987 3642 2188
3697693,4727 930 3136 3478 2659 3651 4302 4587 3148 4558 2025
3726007,4727 4558 302 24 3776 424 2298 2728 3574 2340 930 3478 4541 1293
3817537,245 2831 2034 4987 4471 112 4317 420 4587 2583 1321 3136 1493 895 3131 1694 4053 1307
2414395,4587 4871 4027 245 1596 4558 3109 4727 3951 4168 1990 4390 2034 3778 3916 4179 3574 1694 4221 4964 2146 44 1356 1167 1742 3925 802 2732 462 3499 1180 2746
768557,2728 4539 2425 4558 1293 3574 302 4541 2424 2099 3283 112 391
3281833,3567 871 4611 4848 4958 538 1215 791 4242 522 2625 4359 627 2921 2948 2150
1495193,112 2831 1493 3867 2034 3782 3198 2099 4053 2029 4317 245 420 3431 900 268 3524 3495 2719 3235 1307 1990 4938 1501 4987 3478 2921 1337
2562926,4311 3776 4727 3667 3866 3211 900 2193 1473 4027 3788 44 2905 4000 1034 3420 4424 3899 2211 3443 2899 368 324 4139 967 4130 2880 2423 4641
403767,4964 4471 2431 3951 4385 2034 4587 1252 3675 4168 3916 245 1694 4318 1990 1015 3466 3136 701
1535222,1493 2831 4317 3198 268 3867 420 2034 3782 3131 2029 1042 2099 223 4987 3524 4053 4027 3925 112 1307 3495 2599 3235 3478 4938 245 4131 2668 1337 1990 3107 900
2469551,4471 3951 4318 245 2583 2034 4385 1990 387 4964 1321 1430 3197 4587 2431 1446 3925
3797904,245 4964 2034 4587 3916 1694 4027 3197 4727 3450 4168 4221 1990 3951 582 3778 4179 4471 2340 112 4390 44 1015 1356 2916 4987 3386 2188 2746 2146 4558 1395 487 2733 2831 109 4357
1819639,2728 2425 4558 709
3762189,424 982 3062 4850 3946 900 3136 3813 1099 4292 866 2586 781 4302 3554 2297 3651
918447,4727 4558 302 3148 2728 2659 3574 4027 3136 4587 2340 4871 930 3478 2034 3386
3349993,3951 2431 4964 3916 4471 4587 1990 1252 2034 1694 2697 4385 116 3471 450 4168 245 1015 3650 4641 387 523 1568 4320 4276 714 2137
2382822,3951 4964 4471 2431 4587 1990 4385 3916 2034 1252 450 245 1694 387 4168 1015 2733 3020 3466 487
433469,2921 1701 268 361 787 4053 3478 630 3651 3085 4541 1742 2992 1990 2442
2626621,2831 4317 245 2099 2921 3197 3524 2034 1493 112 3198 3925 2992 1990 151 829 1337 4053 4131 2320 268 900 4565
3908293,1307 1701 4938 4053 268 2030 895 3782 787 2029 112 3242 1059 3867 3235 1337 2138 4116 4987 4494 4317 2418 1953 1321 3198 2992
1317331,268 1321 2921 1307 2831 4317 112 1788 3478 900 420 4987 4021 3675
3466388,3801 4912 2643 3975
2336567,112 2831 4053 1493 2034 3198 2029 3524 245 4317 2099 3867 3197 268 4987 151 4565 900 1990 2992 4357 3782 2719 3495 420 1337 4160 3707 3925 4664 3235 1354
448880,1133 3675 62 4857 4554 4292 3121 2439 3009 3371 3651 1095 1781 315 3489 2196 431 2278 4585 378 3773 3062 684 4624 3979
222273,3062 4292 424 3946 3773 4624 4113 352 59 1388 4850 4758 2196 3675 1133 866 3146 1251
2853111,4587 4471 4964 2034 245 487 1694 3951 1990 2733 3466 3136 2431 1015 4168 3197 2188 3499 450 4385 4027 4221 3371 1446 3778
405353,2034 245 112 4357 2583 1321 2831 900 3197 4471 4987 1493 2320 962 420 4021 1990 3925 4221 4867 4318 4317 4587
1117638,1133 3675 431 3651 709 4554 3146 2837 305 4727 1404 2033 3371 4558 3009 4471 867 4292
1922079,112 2831 2034 1493 2099 900 4317 3198 3867 2029 268 1042 245 3782 4053 3925 1321 4987 3495 4027 420 3478 1354 4116 1990
1240922,3062 1321 3946 875 900 4292 1450 2586 4850 3277 3969 3502 571 4987 4317 424 1099 4357 352 4758 368
698649,112 2831 268 1307 1321 4317 2921 900 4357 895 420 245 4053 4987 3198 4021 2992 2034
1304943,4317 420 3782 4736 2831 3131 1493 1042 3707 4987 4053 3198 268 1307 1321 3107 136 895 223 2029 4938 3867 1337 4450 1059 3235 4021 112 3524 4494 1701 1788 297 2668 2008 787
2457608,4871 4587 4727 4168 245 1356 3499 4558 3916 3951 4027 3574 44 3109 3778 1015 2034 1990
1417144,424 3136 3651 866 3587 930 2025 3554 4727 1133 4292 347 2837 1404 4560
869855,1321 1788 4317 420 3969 4494 3136 2445 2831 847 112 2921 895 245 361 2008 4987 136 1493 3990 875
765120,4871 1990 1596 3778 2034 1742 2534 450 245 4168 4587 3450 4964 3925 4027 1628 3574 3197 2104 387 1167 4221 4471 3951 1694 3916 2188 2732
282458,4587 4727 3148 2034 2340 1015 4027 1990 3136 4558 1694 487 3951 3916 245 1404 4964 2733 1356 387 3466 4385 4168 3499 4471 3778 3675 3776 44 368
1353089,2831 1493 4317 2099 2034 3782 112 3524 2029 3198 245 3867 420 4987 1042 4053 223 3197 900 4450 2320 2599 4021 3925 268 151 297
3611459,4857 1133 431 3675 1095 4554 2439 3276 2278 4624 1781 3651 3009 2196 4292 3450 305 4183 62 3489 3371 3744 2837 974 2033 76
2271800,112 900 2831 895 4317 420 1042 2034 1493 2099 3782 1321 245 2029
3905509,112 4987 245 4357 2831 4053 268 900 1307 3642 895 1321 4116 2034 151 1701 3085 2992 4269 1354 4317
718303,1440 705
1150018,4587 4871 1356 4558 3916 4727 3148 3499 2034 4168 245 44 4027 1694 3574 4478 1990 1015 3951 3778 1167 802 4390
3309346,4587 3951 2034 4964 3916 1990 245 387 4727 4168 487 450 4027 4471 1015 3675 4390 3148 1356 3136 4221 1694 4558 3778 4320 1395 4385 3466 1167
1454778,2921 3085 245 1694 3782 2034 4317 3242 112 3867 1990 2831 4494 3431 4565 268 3235 2029
414658,4494 2211 2921 3524 2008 2831 361 2814 4317 2599 3386 245 1493 2665 4496 847 4357 3917 1701 2320 1475 4027 4450 381 1990 420 4987 112 4053 1611 3969 3197 2863
1553197,112 4987 245 4357 151 1307 4021 3642 2831 2992 4053 4221 895 900 4285 2034 3197 4867 3782 1321 4269 4116 4317 297 4938 4565
815093,361 112 4160 4987 4450 245 4357 1493 4053 4317 1337 4116 1540 3982 3983 3524 2831
2626576,1694 4587 4964 582 3916 450 2894 1015 1990 2034 3951 4471 4168 245 2733 4889 4221 4179 2137 4385 4320 387 487 3675 15 2122 4841 2146 3863 3116
3304992,1742 2921 3085 3198 4053 268 4987
2591826,2921 4541 2728 881 3478 3936 2008 3136 3666 930
10161,2034 112 245 1493 2831 4964 3197 4987 4357 4053 1990 900 2099 1694 4587 4317 3524 4179 3867 3198 2992 151 4168 3116 268 4221 3782 3951 4027 109
1204728,4871 4727 4587 4168 4558 1596 3499 245 1356 3109 1180 3916 44 3574
958639,268 3136 4541 3478 3675 368 930 900 1321 112 4317 867 2921 787 2025
895858,4964 1364 4267 4052 2441 1694 2644 1207 706 2482 1883 1431 1852 358 1252 470 3844 4570 1838 4258 4672 4852 4313 64 2957 4606 2453 1798 4427 4220 3579 3421 785 4471 4876 4543
2203114,1321 245 3969 2583 4357 4987 895 1788 112 1430 2206 197 2034 1216 900 4317 3163 4867 4318 4926
2785085,3414 2049 162 107 1198 2809 4242 2202 2242 2609 157 4602 4132 4095 3675
3773174,4357 900 112 245 1321 4987 3642 2992 3116
1972530,2921 3131 2407 2328 2008 4317 2831 1307 4021 268
2041509,1321 4317 895 3062 900 875 1337 3969 4357 2921 361 1788 4494 268 1701 3406 4471 112 4987 1450 4021 3946 1307 2328
1249762,3198 2831 4053 151 1493 4317 3524 3782 2029 268 112 1337 2099 223 3235 3867 245 4131 3131 2034 1307 4987 1701 4565 4938 2160 3197 2719 2668 4285 420 2992 297 1990 3707 2599 4116 4021 3107 1191 4357 4160 662
2998899,245 900 1321 2034 4471 2583 112 1430 2992 2831 1990 4987 4357 4318
1651612,2992 4357 4987 4867 895 4179 112 962 3036 245 3116 2583 4221 3197 3642 2692 900 1430 151
322420,1321 900 2583 112 4357 4471 4318 245 2034 2831 895 1788 4987 1430 420 962
134566,112 900 1321 895 2831 4357 245 2034 2992 268 1307 4987
3874850,4587 3916 1356 1694 3951 4871 4168 4727 2746 4558 3499 4964 3109 1015 245 4027 2034 44 387 3778 3136 1167
2350507,3951 4471 4964 2034 4587 387 487 1990 4385 245 1694 4168 3197 4318 2188 3466 2583 1015 3916 2733 4221
1026172,4763 3675 3833 4200 3731 4029 866 140 3265 982 3119 684 875 4585 4850 2278 571 3121 3773 3651 424 3009 2870 3371 430 4110 315 4207 4292 3258 3277 1446 4424 2978 4106 347 1164
197694,1990 1430 3951 2431 450 4471 962 2583 4318 1464 4964 1417 1535
2403820,3136 930 424 4727 3651 866 2837 3478 4541 2728 24 3554 368 4292
2938846,245 1694 3524 1493 4357 3197 268 2921 112 4565 4179 193 4221 2034 4964 2831 4987 271 2099 151
3690412,4964 3379 193 1694 2611 3197 829 2146 4179 216 487 1142 3951 2034 109 3853 44 4027 3386 1474 4056 3466 4587 1269 4221 582 4471 245 1860 167 2387 2746 75 1015 387 2137 3925 3011 2122 1239 3916 2431 222 4385 71 315 2320 2423 3778 3195
1348714,2034 245 3197 4587 4471 1990 4964 4987 487 4221 3951 4357 1694 1015 4179 3675 582 3916 3778 2733 2188 4168 3466 1404 2583 1321 3116
1971602,245 4587 1493 624 2065 4964 4179 3146 1540 4791 4221 268 109 4357 112 3300 1694 4510 1516 4987 2034 1701 4556 2921 3951 1252 2950 3386 193 3197 2831
2188648,2927 3286 5009 3153 2975 764 2028 1048 3945 1563 3342 44 2341 4514 3767 523 4237 4895 4439 169 549 1260 1152 3796 2952
2663908,2034 4471 245 2583 1321 900 4318 3951 1990 112 2431 4357 962 3197 4964 3925 2831 1430
795978,4558 4541 4871 3574 2728 3136 930 3651 709 867 2425
2323636,245 4587 1493 112 4357 4179 2921 4791 1540 268 2034 1701 4964 4221 1694 4556 2728 3696 3146 1562 2950 2831 630
3594418,3946 3136 4292 3062 1321 3587 424 982 3502 368 4758 930 4587 3277 3478 1450 4850 3675
1896718,4318 4471 245 2034 1321 4987 2583 3951 1990 3778 2431 4964 3197 2188 4357 450 4021 4587 3925 4317
1515961,1293 4539 3283 3574 2425 4558 4541 2728 1469 391 2099 3478
1574830,216 3829 3825 779 4627 3916 449 315 2137 4320 4964 829 2146 1538 2508 684 4841 71 2697 3159 259 2387 4385 4289 4011 2611 3371 1322 3863 1252 3308 3471 387 1574 3571 450 523
646988,4317 420 2831 1307 895 3782 4021 1321 112 136 3198
2093967,4554 3651 1133 3675 3009 2087 4624 1404 2340 3146 685 867 3371 2033 4292 709 4727 4289 245 2837 431 4471 3476 305
3902891,2831 112 1493 3131 2034 3198 268 2099 245 4317 4053 900 3478 1307 3782 4987 2029 3867 4541 420 4027 4450 1321 1042 3524
1537916,1544 1990 2382 2921 2053 1430 2992 2685 2445
543462,112 1321 900 2583 4357 245 2831 2034 895 962 4987 1430 4318 2206
661509,2992 2382 2053 4779 2921 2600 2832 1825 4388 1990
806270,2583 895 1430 4471 197 4867 4116 1321 962 2992 2431 2095 2921 4987 1990 900 3778 2582 4357
3584882,424 3062 4850 3946 1099 900 1321 3813 4292 2586 982 3136 781 3502 571 3277 4471 4585
739806,3062 875 4736 3946 3277 2983 4292 424 4317 1321 982 2025 900 430 1414 3136 2008 4357 4987 223 571 930 4302 4758 3587 368
620191,116 450 1990 3951 3650 3916 4305 523 4964 2660 4478 4587 4871 4471 1742 994 2188 3499 2431 4168 1252 4727 1568 1442 387 4276 2267 2260
877803,112 900 1321 268 1042 3478 2831 1493 4317 245 1788 2034 420
924643,1293 4539 3283 2425 4558 3574 4541 1469 2728 709
2005690,2104 4871 2260 4478 1596 3574 1167 1628 4558 2732 4168 1742 3404 4225 4727 2298 2425
476211,3136 424 900 3946 3062 368 3554 4471 4292 3813 2297 4302 930 1321 430 4850 4585 3478
3490527,4727 3136 424 2837 2340 930 3651 3561 24 3478 3554 4541 1858 368 3587 112
2777019,4791 4871 577 2565 1167 1587 50 1749
2686528,424 3136 3062 4850 3946 982 866 3813 4292 4302 1099 3587
919769,116 2678 2510 2977 3521 448 162 4304 4855 2660 1727 1808 450 2502 3519 2366 449 217 2553 916 505 3689 2351 1140 3249 4162 3709 3793 4042 73 1176 1252 4787 4276 4691 2104 1388 2697 1083
2176047,3379 4934 2519 4232 2879 4895 193 4139 4906 2927 1861 2657 3685 75 3853 1066 210 4514 3197 1860 2611 3430 4298 829 4027 4873 1001 3951 44 4179 2250 1260 1266 1181 3186 4011 2459 1281 1349 2952 512 900 3914 3067 3705 2673 4215 3778 2880 3011 4221 2272 2 2712 523 4587
2601908,3829 2153 449 3680 145 3633 4475 4855 4209 4680 2349 1854 4964 3625 4570 1674 523 927 1694 1151 2602 4783 4083 1930 2835 640 3580
1594773,1493 2034 2831 3198 3197 245 4317 3524 112 4021 2029 3131 151 223 1337 1990 2099 4053 268 3925 4450 829 3778 4131 2320 3782 2668 4987 4285 420 4938 2599 1694 297 4565 900 582 662 3867 3917 1307
3839583,2728 4558 2425
2089066,4558 2728 2425 4727
3003072,4611 3033 1731 2431 2697 2153 2999 450 1808 2853 3396 116 4984 4289 3354 2516 4471 1176 3675 1935 2361 3519 1252
2591681,112 2831 1493 2034 4317 900 245 2099 3198 1321 4021 4053 2029 3131 3197 4357 3782 4450 420 1990 1042 268 895
2565546,2108 1741 4382 3877 588 4958 4242 995 2648
2520425,1544 3865 2382 2053 285 1131 1990 3490 4441
779162,1562 1701 1018 3977 4094 686 1436 247 444 2852 3983 2030 112 1337 268 630
2983586,2837 4292 3675 2728 3651 1781 4554 431 2278 1133 1095 867 866 1164 4757 4558 683 1035 3146 4727
1391966,4871 1596 3651 4168 4587 1628 3574 4727 245 4478 4558 1167 994 2260 3916 4027 1990 1694 2267
3601284,3148 2034 4587 4727 4027 245 2340 3136 1404 1694 112 1990 368 1015 487 4558 3197 3478 4964 4221 4168 3778 44 930 4390 3951 3386 4541 3450 2188 900 3916 3651 3776 1356 3466
2995403,4727 4558 3148 2340 4587 4027 4871 3916 1356 4298 4168 44 302 1015 175 2034 3499 3450 2746 4390 3778 1775 3574 3136 245 3386 1167 3951 1694
1457112,2193 2899 4587 900 2423 1990 3211 2432 3951 3778 3667 3197 1404 3925 4027
2971248,4493 116 4382 2344 705
3232554,3951 2034 4587 245 4964 4471 1990 3197 1694 4987 4168 487 4385 4318 387 4727 3466 3925 2583
2670319,1591 2382 3874 4679 2992 1464 2685 2921 3036 4306 1825 3865
3269711,431 2278 2033 305 4972 3938 4658 4560 4558 3276 1133 2793 4727 2537 2779 4767 866
2985174,1321 4987 4357 112 245 1788 4317 900 136 4471 2034 2831 4587 3675
135707,268 4541 112 3867 3136 1501 2728 3478 4727 4053 2029 2837
1900560,112 900 2034 245 4357 2831 1493 2099 3197
1570547,3136 424 3946 4292 3062 930 3587 368 982 4758 3502 3651 3813 3554 2297 4850 2025 3772 4302 3478
2553664,1493 2831 112 2099 2034 3867 4317 2029 4027 245 3782 900 3524 1042 3495 4539 420 3917 3198 2599 4053 3197 2728 268
1300550,2831 112 1493 4317 2099 2034 3198 3782 900 2029 3867 268 420 1042 4053 3131 245 1307 1321
3589641,3009 1308 2087 2728 3675 2340 315 3651 2837 4624 1133 4554 2278 684 4558 3121
444223,2728 3478 1180 3574 4539 4027 4558 2425 2424 302 112 4727 2099 3283 179 4541
513300,3866 4311 2905 3685 4027 3667 967 2193 1034 2899 2211 4424 900 4029 1230 1473 3776 1017 2728 3420 1349 4000 4056 3211 2423 4565 1257 2337 472 4926 4006 414 4207 4727 800 4130 4317 4471
900748,895 112 2030 4973 2992 4357 3642 1318 444 900 4269 4116 1307
173014,420 1321 2831 4317 4021 1307 1788 136 2583 112 2320 4318
1334336,3062 3502 875 3946 3772 4292 1321 3136 1450 3675 4317 3277 4758
1708457,4541 3136 3478 930 112 900 268 2025 424 368 3675 2837 2728 2831 4317 4727 875 3651 4987 1321 245
1336324,4964 2431 4471 3951 4320 4611 1990 2853 450 3185 3552 1474 1694 2034 3383 245 4221 398 3197 3863 4587 3675 3778 1015 3011 193 2583 2095
3785707,895 4357 2992 4987 1337 4116 4867 1701 2583 3036 1321 3107 962 900
917207,2431 1430 2583 4471 1321 2801 2095 4611 2565 4964 4318 398 3951 3969 4867 1417 3449
3032334,2600 1990 2685 2992 1544 2382 2921 2053
734099,2728 4558 3137 2425 3696 436 194 4791 709 2921 2340 3499
3366372,4587 3916 4727 2034 3148 3951 4168 4964 1015 4558 245 4027 1694 4390 1356 3136 3499 2340 3778 1990 4221 4871 2746 4385 387 4179
2463283,3951 2431 1990 2039 4493 4964 1417 4471 116 2583 3925 450 1430 2685
1122575,900 1321 112 2831 4317 420 895 2034 1786 2206 2583 1493 1788 245 1042 4357
3310090,4624 3146 867 4850 3651 431 4292 3062 3675 1388 2087 1133 424 3009 3807 3478 2196 1844
3593242,4736 2983 3277 875 900 4259 4317 2610 1321 4847 4357 368 223 424 3587 1788 24 3478 1337 2008 2025 2831 4302 4987 3062 2668 930
17269,3239 3732 1580 118 1138 522 3934 599 4242
386663,1321 4317 2831 1788 4987 420 900 112 268 1042 4736 895 4357 1493 3782 4021 2034 4450
1105597,4587 2034 3916 245 4168 4964 4727 1694 3148 3951 1015 4221 4558 4027 3499 2340 4390 1356 1990 3197 387 2746 4179 4320 3778 1404 2188
3085092,4357 112 2831 900 245 4987 4317 4221 2034 4179 2188 3197 1990 3036 1321 4565 151 4471 197 895
1046219,4317 4471 1321 900 245 3062 4987 112 1788 2431 2831 4357 4587 875 4318 2320 223 420 2034 1450 3371 2583 4867 1990 3925 895 3136
3020683,2831 1493 112 4021 4317 2034 3198 245 4987 420 3524 900 151 3782 268 1321 4053 2668 2029 2099 1337 2921 3131 4357 3197 1307 2992 1042
1203933,1095 3233 4857 3729 4985 2948 3708 3003 4471 1133 2793 4216 4974
1553335,1596 2104 4871 4558 1742 1167 3574 4225 2425 4478 4027 2732 3404 1628 2260 2298 2146 245 4587 1990 4168
1867070,4972 912 203 2278 3673 2793 4778 1095 431 2466 3632 4188 1133 4807 3276 4767 4010 1214 4376 3843 4857 2033 3675 2262 3277 2090 2528 2044 3094 866 1273 2439 3177
1866211,4027 2728 112 2831 2034 3867 1493 2099 3495 3478 786 245 3198 268 2029 900 4541 4053 4539 55 532 4587 3386
856920,3574 4558 2728 1180 2425 4727 4871 4539
2633499,2921 112 1701 245 268 630 4494 1562 4357 1493 1540 2992 2728 4664 247 4587 361 4053
2460906,3267 3739 2030 564 629 4973 2992 535 1256 1337 2921
928363,4964 3951 4471 245 4168 4179 3116 4587 1990 2034 4385 3916 3197 1798 2950 387 4357 582 4318
242898,2439 4972 2049 4857 2362 3675 566 1133 62 432 792 1095 4216 1782 4289 4471 1964 1198 1162 3371 578 4907 221 4855 4320 1480 4460 2651 3121 4380
3628517,450 4984 3020 4964 928 4855 259 3580 2153 4179 1430 3519 1694 1304 2137 566 3510 4011 3863 3471 2853 3135 1172
2221059,4587 2034 4727 4027 245 1990 3951 4871 4558 3778 44 387 4964 487 1694 1356 3450 4471 3916 4385 2733 4318 2340 4168 1395 1596 1015 2431
2875092,2034 2831 900 112 245 1493 4317 4027 4987 3197 4357 268 2099 3198 3925 3478 1321 1990 1042 2728 420 2992 1354 4053 4587
2346681,424 3062 3813 4850 3946 1099 900 3587 571 2297 3136 982 430 3554 4302 2586 781 368
892453,1321 900 2921 245 4317 2583 2831 2992 112 1430 4021 268
3086776,245 4587 2034 4727 3450 4964 4027 3197 4987 4168 1694 3778 112 3916 3951 4357 4471 4179 4221 1321 4558 2188 1990 582 4871 2916 368 3136 1356 44 387 2340
2477512,424 4624 3062 763 1633 4560 3946 3813 3807 3136 1099 3494 2772 3843 4613 3773 4180 3587 982 673 4471 4292 62 4585 2540 648
2708048,3951 4471 4587 2034 4964 4385 387 245 1990 3916 4168 4727 4027 2733 1015 1694 3466
3686099,2921 245 2445 361 2831 112 3242 2328 1701 1321 4357 268 3969 1337 1533 4987 787 875 420 895 2992 1788 4053
826742,3829 449 2153 4783 1252 1694 4964 2349 4475 4855 4550 1652 4570 523 1151 3633 4593 4209 64 4988 3580 1574 145 4078 3861 4579 2491 1349 3680 1035 1854 433 1324 640 2207 1674 1452 1052 3020 2431 4680 2366 2835 785 2462
580517,4727 3776 424 2501 3843 3450 4558 1928 578 2278
1539455,112 268 1321 4987 245 4357 2921 787 4116 3478 3642 900
605521,4987 1321 1788 4357 3197 420 4317 4021 3406 4318 3778 2034 245 2320 1042 4053 1430 900 895 4471 112 2992 3707 197 1450 3642 1446 2432 2831 2583 4116 3969 787 4867 4450 3675 4221 2206
3472615,3136 4727 3651 930 3776 2837 3450 3587 1628 24 2025 3478 2340 3146 424 4624 4302 4587
2274756,4964 3951 1990 3916 4587 4471 450 2034 4320 245 4168 3778 1694 4221 1015 4385 582 3675 387 3499 2146 4179 4570 3197
483650,4576 4109 2661 2957 1237 651 4169 3094 1932 4258 4848 3806 2809 3392 1482 157 2049 1207 4877 785 2785 2127 1382 2202 741 4611 2014 2573 3732 4471 1194 2458 1992 726 1496 4681 4044 4875 1439 4704
3671398,900 3478 112 4317 268 930 1042 2728 2831 1321 3675 3136 3867 875 4541
1735480,4587 245 4964 4357 112 3109 3499 4179 2340 4791 3951 1694 3136
642733,116 3033 2999 4611 4693 2431 3396 1808 2153 1935 1176 4855 2620 1731 1591 321 162 4471 1252 450 4964 4570 4096 1430
3825028,4554 4292 424 3675 305 866 4727 3146 3371 2278 4471 709
1037508,2528 4972 4857 2439 3675 3371 578 866 3450 2033 1133 4554 1095 431 305 4658 4289 1928 1781 3651 4585 2573 3773 3514 2196
105736,1198 1355 2049 2202 3565 3392 2651 4766 1046 2127 1795 1344 157 1716 4683 2725 2509 1695 566 212 4460 2042 2809 578 4770 1192 4434 4095 2754 448 3481
1901804,588 2108 2648 4382 3877 1234 1741 1873 705 441
1645603,4587 4871 245 3916 3951 2034 1990 4168 4027 1015 1694 4964 4727 3778 44 1596 4558 4390 4179
2778031,1095 1133 3632 685 3675 3894 431 684 3194 2278 4142 3514 763 4585 1072 1886 305 454 2439 4767 3942 3810 2196 972 3813 4471 248 4850 2262 4334 1252 1248 4029 3371 1324 3773 3928 1214 3419
1586971,4727 3136 930 3651 2837 3561 3478 2340 3450 368 3494 2659 3148 2025 867 3776 24
852049,245 4987 4317 112 2831 2034 900 4357 1321 3197 4021 3925 2320 268 4221 1788 3198 1990 1493 151 4179 223
2429444,112 1321 900 2831 3136 2034 4357 245 4027 4987 4727 4587 1788 1446 4471 930 2583 2728 368 268 3478 1404 2206 3675 4317 3925 3197
562527,4587 3951 4964 4168 3916 245 2034 3116 387 4179 1990 3109 4221 4471 1015 1694 3499 4727 1356 582 450 1395 4320 3197
795149,4791 3916 1694 4558 4587 1015 4964 1757 3136 3499 3951 4478 2351
2980973,3951 4964 245 4587 1990 1252 4471 1694 2034 2431 3778 4320 714 1015 4791 3499
180096,3951 4471 4964 450 1990 4587 2034 3778 1430 2431 962 4318 2188 4385 3197 4221 3116 245 3925 2583 487 4320 4889 3675 2137 4179 2894 193 4841 1417 387
1435360,2153 2431 2697 4611 2853 4855 3675 4471 1810 450 1252 566 257 3101 3033 3121 1652 829 684 4660 1898 2508 4964 1349 4475 3396 2611 2999 1083 1731 3371 259 3159 3829 408 4385 3778 1322 2137 4289 449 4011 4988 62 4686 2516 1244 3355 3020 1176 2146 3827 3383 116 1574 1304 2894 1935 918 1142 3722 2725 3471 1742 2977
1289810,2793 3276 2466 4857 4972 1909 3518 3094 2022 792 4985 1925 2710 1108 3003 1668 3061
3628461,2728 709 3696 4558 2425
3032961,3867 112 2728 4539 2029 4541 2099 786 3478 1501 4027 2831 3495 2424 268 55 532 2425 3198 924 4466 1493 3431 245 1469
3868069,112 2099 2831 1493 3867 4053 2029 2034 4317 268 245 900 3198 3495 3782 4027 1042 4494 4539 3925 3524 4987 3197
2311273,3951 1990 487 4471 701 3778 2431 4964 1474 2034 4587 1015 2423 216 1694 4385 245 3011 3466 387 2146 3197
2804009,2053 4388 285 1544 2382 2992 1990 3865 2921 2685
2369556,4964 1990 450 1694 4471 2034 3951 4587 4385 2431 245 2894 4841 2697 3675 582 1568 3916 4889 2137 1015 4867 4320 3778 487 4168 2733 3471 3371 4221 3863 3020 3466 4179 3116 2146
2755266,4558 1180 2425 3574 4027 1596 4541 2728 4727 1742 4871 2099
596021,1321 112 268 4987 2831 4317 4357 900 245 2583 4053 420 1307 3675 895 1788 4587 4471
2251966,112 245 2099 3198 2831 4053 900 2029 2034 4357 151 2992 4987 4116
2645965,3596 1807 2792 4441 3976 4306 950
1717177,4144 1430 4471 3020 3948 2395 2431 139 817 1349 1372 1587 3449 2454 4686 4964 2565 2583 3101 4460 1568 847 1083 487 3615 1576 4801 2188 3778 1252 2644 2895 1731 1417 2095 358 4679 4867 3463 2853 1894 3116 450 1026 1321
581400,2728 4027 4727 4558 4541 112 3148 3478 2034 302 3136 2099 2425 4587 245 786
82281,2831 245 2921 112 4021 2034 4987 420 3197 4357 4317 3524 1990 4450 1493 1321 3778 2992 962 1307 2583 151 1337 895
730589,4471 3951 4964 450 1990 4587 2188 2431 3116 2034 3675 4318 387 3916 2894 2733 4385 2095 3371 3863 487 4841
819327,431 2278 2033 305 3938 4658 2779 4560 4727 4972 4558 1140 944
3754418,4727 4558 2728 4587 709 3776 3574 2340 930 4447 2260 4871 4791 3499 3136
722401,4727 3136 3450 2340 930 4587 3651 4558
1609550,4727 4587 4168 4871 245 4558 3916 4027 2034 2340 3499 3951 1356 4964 3450 44 1694 3778 1015
1136530,4558 709 4727 3146 2728 3450 3574 1628 4871 3136 1742
1711962,1337 4317 151 2328 4285 245 3197 4357 4053 4867 2831 4179 875 2599 361 297 2992 1701 4987 4221 109 2921 315 112 2034 1990 3406 2099 3131 3524 2008 2320 268 4494 4131 420 3707 4450 4021 3917 1493 223 3925 582 1321 2407 3242 4148 3036 900 4964
823619,2728 112 247 4494 630 1562 3136
153474,4611 4382 2108 1741 4576 770
1992945,538 522 4964 3471 4471 1252 1324 3829 1431 1568 3168 3196 1909 4875 3089 4216 4320 4570 1694 684 323 1138 1095 4985 1832 1207 4930 1925 2710 245
1611966,4985 3003 522 3233 2466 4216 2214 4875 2022 1224 1162 3196 2793 1668 4972 644 1095 1659 3965 1753 1108 4857 2710
1059587,4727 4558 3148 4871 4027 302 4587 3574 2034 2340 1356 3916 3136
2893115,4266 4216 221 3094 3233 4857 3780 3125 4471
1685472,4587 3499 1757 245 3951 1015 4791 4964 3916 4558 709 2728 3136 4727 1694 714 2034 4390
139258,3197 2034 245 1990 4964 4027 1596 3925 3778 1694 4587 4179 3951 4168 4221 2099 112 3917 2831 4053 4357 450 2188 3036 2320 4987 4450 1844 1395 271
3833038,4871 2104 3574 4727 4558 1628 2732 4168 1596 4478 1167 4587 3916 2260 1742 387 1990 4221 245 2034
3865004,2921 2992 245 4987 4357 2445 1701 112 1337 2831 1321 895 3116
675183,4554 1133 2278 431 2728 3651 866 3009 3276 3675 2837 4292 1781 2340 3146 2528 867
1303067,4317 4494 2008 1337 2328 2831 2728 875 4027 420 361 1701 268 3406 4541 3131 4053 3917 2418 2921 2599 112 900 3085 223 2099 1059 895 136
2539031,2831 112 1844 245 55 4027 3917 900 4053 2099 151 2034 4317 3198 381 1694 4164 2728 3386 3478 2340 4357 223 3197 1572 4587 3146 2599 1414 24 4664 3524 4541 4056 109 4987 1990 4450 3867 2029 647 1742
1054921,431 2278 2033 305 4972 4560 3938 1133 4658 4767 2779 4727 3276 4558 3675 2044 2793 866
3203981,2921 112 895 3782 1321 361 2831 1307
29649,3136 424 3062 3946 4850 4471 900 3813 1321 4585 3502 4302 2586 4292 368 2297
705175,4587 245 4964 582 2034 3951 2733 4168 4179 3197 3916 4357 4471 1990 3116 109 4987 4221 387 112 1015 3466 4867 1694 487 2188 2583 3499
2552082,4471 3951 4318 2034 245 1990 4964 4587 4385 2188 4168 2583 3466 487 1252
3339839,2445 801 1321 2921 1788 895 4021 787 3242 4736 1690 1701
2996423,112 900 2831 2034 245 3198 1493 2099 4357 1321 4021 4317 3197 1307 2029 4116 268 2992
2505818,2728 3136 3675 1133 4471 315 4292 800 2837 2328 290 1788 3062 3969 2565
1049341,2034 112 1493 245 2831 3197 4053 2099 268 4027 3198 4317 1990 4357 900 4987 3495 3524 2029 151 3867 4587 3778 1694 4179 3917 4964 2992 3925 55
2416405,1321 2831 1788 112 4317 4021 4987 900 895 2583 420 4357 245 2921 1307 2034
3801590,1701 1337 268 2921 4541 875 4053 4494 2099 2831 361 4317 2728 2328 112 3146 3242 630 245 3085 3062 900 3136 3478 2138 3917 787 4027 368
2665030,4964 3976 450 4471 3863 4611 2304 3168 1430 2644 1587 3365 2696 3519 2921 1322 4984 3243
632034,268 2921 4541 1307 3085 3867 2138 4494 3431 4317 3242 2029 2418 1701
2379088,268 1493 3696 245 112 4587 1701 3146 1562 4791 4179 4357 4494 151 109 2921 1220 4556 532
170855,424 3946 3062 2297 3813 1099 4471 4560 3136 3502
2122648,245 4926 4987 4964 3136 4357 3969 2431 420 1788 301 4587 2445 1321 3675 1493 4292 112 2034 2831 3116 4471 1694 3651 3197 4317 2583 4029 930 4791 2659
3388500,1321 2583 4318 4471 3951 2034 1430 245 420 4317 387 895
3106417,4587 4471 3951 4727 3136 387 2034 4027 245 2340 1990 4318 1167 4558 2583 4168 4987 4357 368 4964
2383210,900 2921 1321 4317 268 2992 245 3478 112 3675 3136 2831 4541 4987
1742926,2728 2425 4539 4558
2631120,2431 2697 3951 4471 701 4318 2039 358 4964 4787 3020 1417 3863 1990 1322 2583 3116 4926 1252 2095 4385 2565 450 4179 1430 778
2256353,2921 875 2008 3085 3478 2025 3136 930 4494 268 787 1321 4292
2813496,3136 3651 4541 930 4727 2837
158332,1321 4987 895 4021 4357 1788 2583 4317 112 2921 3969 900 3406 4867 1430
320805,3587 3478 424 930 2728 900 4727 3651 3554 3136 571 24 875 2298 4541 112 866 3561
39655,4357 245 112 4987 3116 4221 2034 3197 900 4179 3642 1321 4269 4867 962 526 2831 4471 4889
458839,4269 112 4357 3642 1307 151 3116 1947 2992 245 2030 4179 4021 895
3689060,245 2921 4987 4357 2992 2034 2583 2445 3116 3969
1448028,1321 268 2418 2565 895 787 2921 1307 1337 3242 1701 2021
63387,4558 3574 302 4727 4871 3450 4027 2340 1180 2728 4168 3148 3916 44 3404 2425 1596
3616326,2801 2047 3874 999 3065 1318 2345 2884 1436 1587 4679 535 4715 4948 1417 4611 2583 965 2208 1536
1163620,4021 112 4987 4357 4317 900 1321 4867 895 3197 197 2034 3406 245 4116 2831 3707 1042 3642 3778 4053 420 4450 2320 151 2992 4269 297 2583 4471 1788 4221 3036 962 1430 1307
3414208,424 4727 2340 3587 3561 900
2007370,875 2921 900 3062 4317 1321 2328 268 368 4541 1337 1701 787 3478 2418 4053 4494 3136 2831 112 2138 4987 223
707253,4317 2831 4541 2328 420 381 1337 223 3406 3131 4027 2728 268 2099 2008 2599 3478 3917 3085 245 2921 900 2407 4494 1493 4987 315 361
789585,1694 245 1540 112 2099 532 2034 3386 1493 800 4027 4964 2831
3217798,2921 3242 268 2728 1701 4494 2445 532 245 112 4027 4587 1321 361 2831 875 4987 1844 2328
2508759,2992 2053 3365 1990 4179 2382 2360 1185 3109 2921 4964 1436 3275 245 2692 4357
2123846,1493 4317 2831 3197 245 3524 2034 151 2099 1337 829 4131 223 3131 3198 2320 3917 4450 1990 3925 112 4021 2921 4053 582 3036 2599 271 4987 315 268 2992 3778 420 2029 662 4357 3707 4027 4179 4116
1200802,245 1694 2034 4964 1540 1493 3197 112 4357 2831 1990 4565 3386 4987 800 4587 3524 4027
3438352,2921 4317 268 4053 112 2831 4494 420 3242 1701 1337 1059 2328 2668 875 4541 4987
883867,2202 785 4313 1482 2727 2644 3579 4686 1364 2957 4258 3539 4964 3692 984 4354 64 3421
402618,4027 3478 112 3198 2831 2728 2099 4317 900 268 245 4541 4053 3386 2034 3867 368 4727 786 1493 3495 2921 24
1415250,424 866 3136 930 3651 4727 3946 3478 3587 24 4292 2837 2025 4541
3055193,1321 1788 3081 245 4987 3969 112 4357 4758 875 3136 526 4292 4926
831813,2921 4847 2831 245 4317 1059 3198 4053 1990 1313 4987 1337 1701 2668 4494 2992 3925 3242 268 420 2034 1321 3235 2099
689399,2487 4306 1131
1527111,2034 487 3197 4471 4964 4357 1474 245 4987 2431 3778 3969 4179 4926 4221 3951 1321 197 193 2895 4318 2583 3466 1694 470 2320 3925 3101 1990 109
1659779,245 2034 3197 112 4179 4587 4357 4317 3116 4987 4021 1990 3951 4221 4964 1321 2831 900 582 4471 4867 2992 3778 2583 151
132283,2728 532 4027 3917 2921 4539 1844 630 1694 1547 3889 4732 1469 2746 245
2104363,1321 895 1337 3406 4317 4987 4357 2921 268 900 2328 787 875 4541 1701 2831 2138 361 3242 4494 4021 2008 3062 112
3182718,2345 1436 2852 2047 999 1421 2711 1818 1318 4973 4094 444 361 1629 1226 1426 2992 636 1845 1337 3421 4274 3267 3874 3930 72 297 1439 1701 3036 1587 1562 2030 3079 2300 4179 552 4964 1947
1773573,245 2034 4027 112 2831 1493 268 2728 900 2099 4587 3867 3925 3478 4727 1990 3495 4964 3386 1844 2921 4558 3197
1308061,4554 2278 4541 866 431 2728 974 424 2340 1133 683 2837 3276 3651 4558 3146 305 3316
1921934,424 2340 4727 3561 3587 900 3478 2297 3946 368 930
3323932,4964 3683 2992 4987 197 3197 2320 2431 3969 4357 1430 2583 4179 193 3863 1474 2095 4471 847 1142 3116 3925 2034 4221 245 1990 701 2895 962
1284111,4727 3148 4587 4558 1356 3916 4871 4027 2034 4168 3499 2340 44 4298 1015 3951 3778 1775 1694 2351 175 2746 245 1167 4390 387 4964 1990 3136 1404
1016854,2034 245 4587 1990 3951 4964 4471 3197 387 2733 3778 1694 4727 3916 3675 2583 4385 1321 4318 900 4987 3466 1015
1954698,2034 245 2831 4357 3197 4987 112 1990 3951 4317 4587 900 2583 4221 4471 4964 1493 4179 3116 3925 1321 3778 962
687108,2034 245 112 4587 2831 1990 900 4027 4727 4964 3951 4471 3925 2583 268 1493 2728 4558 3478 3197 3136 3916 3148 4357
692826,4871 4727 4587 4558 4168 1596 2034 4027 3916 3574 245 1167 4964 3951 3778 1015 1990 4478 1356 387 44 4221
2352750,4727 3148 4558 4587 2340 4871 4027 4168 3574 3499 3916 245 2034 44 1356 1015 2728
122261,3062 424 3675 4292 3010 1928 248 2501 3773 2402 3833 62 4896 3946 4106 352 4289 4585 1133 910 3843 3277 2196 4373 982 1532 3121 709 930 795 357 4029 3894 2868 1099 866 3450 368 1450 3371 763 4554 3514 684 2439
2210892,1493 2831 112 2034 3198 3131 2099 245 4317 3524 2029 151 3197 268 4053 3782 3867 4021 223 1990 1337 420 4987 1307 900 4450
30441,4964 4471 3951 2034 1990 245 2188 3116 4587 3778 450 962 4179 3197 4987 2583 4221 4385 4320
574396,424 4727 2340 3561 930 3554 3478 3587 24 3946 900 3651 3136
3101499,112 1321 1493 4357 1042 2831 4317 900 4987 4736 245 2034 895 268 4450 420 3782 1788 4021 4053 3107 297 136
1137161,4587 3951 2034 4964 245 4727 3916 4471 4385 387 4168 1990 3675 3499 3466 3136 4318
2188031,1990 245 3778 3036 3951 3925 3109 2921 4179 1596 2992 193 462 2034 630 4871 2099 2583 4964 4221 3574 2146 112 4168 1701 4225
3429491,3136 3813 424 3946 3062 4850 3554 4292 2297 2586 4471 4302 1099 4624 982 900 4585 3587 368 1450 177 4560 347 648 3502
2837607,1133 4857 3675 3009 62 315 2439 3121 4624 3371 1095 4554 684 4292 4289 3489 3651 4585 2278 3450 431 2196 1781
3834210,245 4587 2034 4168 4471 3951 4964 1990 2188 3466 112 1015 2831 1694 487 4179
3095245,3094 3518 4266 1195 2793 4799 1964 1467 2200 4857 4216 1753 3780 1480 451 4972
941779,3135 4984 4011 2153 4855 4964 259 4876 928 3020 566 2146 3471 1322 3158 109 1304 2112 4179 3829 193 4611 4420 2565 450 2611 3722
3879578,4587 3148 2340 2746 4027 4558 4390 4727 44 1015 1356 4179 3916 4221 1694 2034 245 3917 3663 4168 112 4964 3466 3499 305 3136
3559630,2030 3739 4936 4938 1953 568 2668 736 297 40 3782 1337 4910 3983 3642 4361 2992 3115 1507 1307 3909
3241710,2921 2445 875 4494 245 268 361 895 1321 4987 3969 2008 4357
3151603,112 3478 2831 4027 2034 3867 2728 2099 268 1493 245 900 4541 2029 786 3495 3782
1338418,2921 2445 361 4494 1540 2008 895 3136 1990
462994,2710 4985 4972 4216 792 4266 4857
990745,4964 3951 4587 3916 2034 4168 4727 4385 3499 4471 245 1990 3675 387 3136 4558 1356 1015 1694 450 4871 4478 305
3676066,1337 4021 2921 2831 4131 3131 1990 2099 151 2328 4317 245 4987 4285 4867 2320 3197 2034 3782 3925 4053 4450 1307 3707 4116 1701 2029 2992 3778 4496
3318338,3062 875 3946 3136 2770 2921 3502 3675 1321 268 787 4317 4292 3772 4494 1337 3242 930 3478 3277 1450 900 424 368
569758,3596 4549 950 1807 1131
1868582,4727 302 3574 4558 3148 4027 2099 2728 3450 3776 3478 24 2340
794301,2034 2211 4207 2831 3917 3197 3211 3683 1694 112 2099 4027 3524 381 2599 271 245 532 44 3495 4317 829 4732 3198 4053 3707 4450 420 3386 900 4357 4987 4494 4539 4056 2340 1404 1414 2729 2423 1230 4587 3778 1844 487 4565
2869423,3916 4727 4558 3148 4587 2034 4168 4027 2340 1356 1015 3951 245 3499 44 4871 4964 2746 3450 3136 1694 1990 387
1603557,4727 4558 4587 3148 2340 4168 4027 3136 3916 2728 3450 1015 368 245 4871 2034 3574 302 3386
2336115,112 2831 2034 2099 900 245 1493 3198 4053 2029 4357 4116 3867 4987 3197 2992 4317 151 3524 895 3495 268 4539 1990
79895,2439 3675 1133 4857 3009 1095 3371 62 4289 3121 305 3062 2033 4585 1781 4907 3194 315 3651 3450 2196 431 4292 4471 2402 3773
2949592,3136 3062 1321 875 2328 368 3946 3242 2921 900 4585 2586 3478 2565 571 4317 4302 4494 4850 1742 424
2000323,2960 3533 1177 4409 3465 572 3230 1052 4338 1838 4258 4606 4672 3274 4611 3099 1207 4604 2940 4830 874 1625 3307 2187 4167 3063 448 2785 2349 4427 1849 1737 493 3247 1694 1509 240 2333 3316 4561 3960 774 3165 2957 2767 4964 4713 3341 1883 3829 1561 1138 706 3187 1802 4083 927 3482 1442 4877 3499 4570 741 2141 4852 4461 1924 758 4876 3970 73 4923 3249 1030 492 2938 3844 16 3154 4855 1925 317 3369 1992 1057 4982
3876587,245 197 4357 3197 4987 4964 2034 301 2431 1694 3116 1897 4471 3524 962 4179
2594665,2445 1549 801 4274 1321 47 1318 736 4938 895 1403 1622
3524211,4871 3574 4727 4558 1596 4168 3404 4478 4587 1628 1167 1180
3485385,4027 2728 3917 3379 3683 4056 3765 967 44 2823 1035 1395 829 2266 1066 1694 191 2746 3211 1335 3685 3863 4494 4587 381 109 3386 900 4732 4020 4539 2657 4317 2831 2063 3197 4450 3210 2099 1611 2921 4139 185 2276
3839970,591 3677 2938 475 221 4216 2793 1753 3247 4857 4266 2466 315 1668 3094 3233 2200 4611
2405534,4964 3951 3916 4587 582 4168 2034 4179 4221 387 4320 450 245 109 1990 4471 1015 3197 3116 1694 2746 3109 3675 1798 1356 2188 1395 4390 3863 2137 4027 2146 3778 1516 2733 4385 4889 3499 487
2583906,3596 1807 950 4549
465749,112 3478 930 4938 2728 4727
402226,112 895 2992 3642 361 4053 4357 3782 3085 2921
2384043,2362 2651 1814 4583 3979 4216 1095 4972 432 1133 1781 3675 1974 2439 4380 1964
2315647,4587 3916 1015 2034 1694 3148 4727 4027 4558 4964 4390 2340 1356 4168 245 3951 2746 3778 3450 44 1990 4298 3136 4221 1395 4320 487 4179 175 3499 4871 387 3197 3776 1775 2732 1167 2188 3675
3419689,2831 4317 1493 3131 2029 420 1307 3198 112 3782 268 2320 4053 3867 2034 3524 4938 1337 4021 4450 4987 245 2668 1321 151 3925 4736 2099 4285 3235 924 2599
1430871,1990 1544 1430 2053 2992 3440 1825 2685 4493 2382 285 2921 4388 3036 1464 962
1340279,112 2831 245 1493 2034 268 900 3478 922 4027 4987 4727 3136 1321 4541 3198 4317 2099 4587 1354 4357 930 3867 3495 3197 1788
3150377,424 3062 4850 3946 900 3813 1099 571 781 4302 3136 2297 4471 2586
3441029,2573 2710 4681 2049 591 792 221 4920 4471 1662 2106 3094 4216 2439 4972 3129 1324 2352 23 1095 4770 4857 1195 2362 4611 2651 557 1480 432 3675 566 970 1031 2469
1094813,4987 245 4357 4867 112 4021 895 4116 4221 1337 1321 4317 3197 2992 2034 4179 3036 962 151 900 1990 4285 2831 2921 4053 3642 4131
153307,2728 3499 4558 4587 1757 4447 4791 2340 4727 1015
1428920,245 3197 4357 847 3524 4987 2921 301 4964 2445 2431 4317 4450 895 197 3925 4131 2034 1694 2320 4565 3242 4160 361 1516 3969 4179 420
1715092,2728 2425 709 2424 3696 1540 179 4466 4539 1562 4494 4541 112 2837
3192108,2034 3951 4385 4587 4964 3916 4471 387 3675 245 1990 450 4727 487 1015 2733 1694 1252 1356 4027 4318 2431 3197 3466 3778 2894 4168 4558 1395
3569796,4471 4964 4168 3951 2188 3116 245 4587 4852 3675 2431 3020 2583 4179 2034 4318
375570,3675 1133 3121 3489 315 4585 4554 1248 4292 2402 3009 1928 4624 3773 62 424 4106 709 3371 4289 4850 4903 763 2087 248 4142
2701226,3276 974 2728 2837 4658 2528 4558 2278 3651 4554
1461701,4318 4471 1321 2034 2583 2831 245 3951 3466 420 4317 387 1430 1990 3925 112 900 4385 3197
748555,2034 245 1990 3197 3778 4587 4027 1596 3951 2099 4168 4179 112 1694 4964 4871 44 4221 3925 3917 3036 1356 450
1252615,2034 4027 4587 245 3925 1990 3466 3951 2831 4317 4471 1321 487 900 4727 3148 3197 2583 3675 4987 368 3136 112 4964 1395 268 387 4318 2733 4558 1788 2340 3778 420 2431
3070530,2831 245 1321 112 4471 2583 2034 4318 1307 4317 1430 4357 900 1990 4021 1446
2967124,3951 4964 4587 387 4471 2034 4168 4385 3916 245 1694 1990 487 4179 3197 2583 4318 2188 4027 3116 2733 1015
1409766,4471 4266 4216 3233 1122 3471 3094 317 1431 3903 3780 1625 4044 1580 3128 3150 4912 2106 1915 538 4681 3801
572086,268 112 1321 3198 900 1701 1307 4938 4053 3675 2831 2921 4317 4987 4021 3867 3478 4116 2992 4587
1889555,4382 2156 2108 588 3564 3427
1492680,4558 2728 4727 2340 302 2425 3148
1896692,709 2728 3136 930 4727 2837 4558 2659 3146 3499 4587
390439,2508 2050 3396 2972 1574 3793 2469 116 4700 449 4258 2391 4320 3916 3149 3536 4011 1559 3689 2697 216 4855 4203 3393 1935 1937 1705 364 4964 3389 1143 3829 523 3519 2387 450 3722 2146 4385 829 1652 566 2595 4304 2553 684 2611 2725 2977 967 4078 2502 4952
736235,3951 4964 2431 2583 3116 4179 4471 2039 1990 2095 4587 1430 245 1417 962 2594 2188 4867 4221 4357 3863 3109
3263877,4624 424 3675 2087 4554 4292 1133 3146 3651 763 4585 4850 867 3009 3561 2340 3478 3062 4302 2837 4727 2196 4903 3554 368 3667 3371 62 3489 709 2728 1450
2531646,4558 302 2728 4727 3574 2425 3148 4027 4871 2340 2099
332146,4317 1321 4987 875 3062 4357 4736 3675 1788 223 420 3277 900 268 3946 1042 895 112 4053 2831 3707 3782 1450 4471 1337 245 2992
3766629,2921 1430 1464 1825 2445 2583 1990 4493 2431 4388 1535 2685 2992
1489790,2831 1493 112 3867 2034 268 245 2099 4317 4027 420 900 3198 3782 2029 3495 1990 4053 2921 3478 4541 3925 1694 3917 2728 3524 3386 3197 4539 4987
2863582,424 4554 4624 4850 1133 4292 3675 900 4585 2087 4903 3009 3062 3773 3489 982
1842137,4590 3197 71 2728 3925 4964 315 1990 3210 193 2095 3917 109 1611 245 2112 4179 2582 3863 4221 2320 1199 3471 3951 4471 2599 259 829 4867 2146 4494 4303 4317 4987 4027 367 1337 151 2611 2704 847 381 900 3036 1742
334915,4558 2728 4871 3574 2425 709 4541
2309890,2034 4587 3148 4168 245 387 3916 4727 3951 3466 1015 4027 3136 4471 4390 487 4964 1990 2340 1694 4385 305 112 4221 2188
1128141,424 3062 3946 3136 3813 4850 3502 4292 4471 1099 2297 900
1921724,4558 4727 3574 4871 2728 4027 3148 3916 2340 4587 4168 2425 1596 245 1015 2034 1356 44
2928715,424 3946 3062 3136 900 3587 2297 3554 3813 368 1099 4850 4302 430 4471 4292 2586
3053694,538 1964 3709 4607 2644 3079 3675
89915,4727 3776 3136 24 930 2837 424 3651 3561 2025 3450 4541 2298 3587 2340 709 866 2501 1628
2155138,2992 2053 1544 285 1990 2921 3109 2382 2685 3036 4388
1184716,4317 2008 3136 3675 875 268 4736 112 1321 420 368 4292 900 895 2831 4541 930 4494 2025 787 3131 136 3478 4987 3651 2837
2226675,245 4357 2034 4987 112 2921 1694 3197 3969 4179 2992 1540 4587
3602419,2728 4587 4558 2340 4727 305 3499 2837
829074,2921 1464 2685 3136 1642 112 1788 1321 4727 1430 3651
2260938,3877 116 2108 1028 705 4382
2783059,3136 245 3675 930 875 4587 2921 268 112 3478 4987 4494 2025 2659 3651 2728
2891930,2728 3776 424 4727 4000 2340 3478 24 2501 4554 4558 3443 2278
686308,2053 1544 2992 1990 2382 285 3036 4179 3109 802 1185 1430 2360 2921 3778
2856937,2728 4558 302 2425 4727 3574 2100
2877266,3793 1356 90 4162 3450 4697 1268 4727 3916 1576 709 1015 3452 3499 3951 967 4587 4390 1990 4641 3883 3075 248 2351 387 4558 1742 3136 515 2034 3985 2697 4385 3778 2278 487
998558,1321 3062 3946 1450 3136 4292 3675 895 3502 4758 2328 3969 4471 1337 4317 875 2432 1307 2921 3277 268
1625809,3632 2439 4380 4332 4972 1133 2972 566 490 2508 3121 1935 3675 1867 2725 4334 684 1830 1143 291 1664 2868 4876 3919 3722 2066 62 23 1999 1248
1211365,424 3587 4727 3136 3478 3946 2025 930 900 3561
3284864,4494 1540 112 2030 245 2921 1493 361 4053 3242 1701 895 1337 4938 4160 2831 3115 3782 787 4664 532 2029 4466 1307 3524 1226 4357
157424,3062 4292 3946 3136 3502 3772 1450 4758 3675 1321 4302 2586 982 2297 875 3242 352 347 4850 3277
1424099,4382 2648 588 1569 2661 1429 441 2260 627 522 1741 2608
443079,2992 2921 2685 285 2382 1544 1990 1464 1430
547746,424 3062 3946 3136 4560 3502 4471 930 4292 4758 368 3813 3570 1099 1450 1321
912844,4493 3333 1825 705 1990 1535 2921 1464 3951 962 1430 450
1035662,245 2034 4053 900 112 4357 2728 4987 3198 875 3197 4317 4664 2099 3478 3085 2831 1701 2992 4027 1059 3925 4160 4494 1990 151 4179 4221
2267453,4471 4318 245 3951 2583 1990 2034 4385 1321 2431 4964 3925 3466 1446 4587 2733 387 487
3231196,4292 1133 3062 1164 1781 3675 4554 431 4757 866 4585 1095 3651 1973 683 424 4850 2196 1035 2278 3894 3371 1214 430 62 2033 4880
1865142,1753 1480 4857 4985 3094 1782 792 4216 2439 4972 2022 3230 2466 2528 3003 2710
3891995,4554 4624 2087 1133 424 3651 3009 3675 866 4850 4292 2340 2278 4585 4727 2196
3338380,1742 2921 3085 268 3198 4987 4053
2819984,424 3136 4727 3651 900 3946 3813 3554 3062 930
1024691,4471 2431 3951 1990 2583 4318 1417 1430 4964 3471 450 2039 1321
2749415,1133 4554 3675 4624 3489 4585 424 4850 3773 4292 3009 3121 1248 315 4903 2402 3062 3514 4106 4113 982 4142 2087 347 3894 62 763 3813 900 3371 1136
1552421,900 895 2992 112 2921 4357 1321 4116 4987 197 4317 3036 245 4867
1204806,450 4471 4964 1990 3951 2095 4587 1694 2431 4867 4385 3675 2034 2894 3371 3863 3916 4841 4162 4889 4320 3778 582 2137 3020 245 387 3116 1015 4512 1430
1007748,4357 4987 2992 245 3116 197 3642 895 2034 4179 3969 4221 2711 112 4973 4116 3107 4964 4565 4679
2557531,1321 3062 4987 1450 4317 4471 875 2432 3406 895 3946 3969 4357 3502 4292 3675 900 4758 2583 1788 1446 4021 1337 2565
3300418,112 2831 4021 3198 1493 900 4317 2034 245 2029 1321 4357 895 4053 1307 2992 1337 151 2099 4987
211453,4736 875 3062 3277 4317 3946 2025 2983 4987 1321 223 3136 4292 424 930 4357 900 3675 3587 571 368 4758 3651 430 1450 4029 3502 3707
1168416,3062 424 3946 3136 900 4850 4292 1321 3277 3675 930 2586 571 3813 4302 1099 3651 3502 112
1388315,424 4292 1133 866 4554 3062 3651 4624 2087 3675 2196 3146 648 867 4585 4850 4758 3946 4302 3773 3277 1388 751 3813 4113 3554 59 2278 3894 3489 1251 1450
2708307,424 4554 866 4292 4727 2087 1928 305 3478 2501 2278 486 24 1133 2033 930 3651 2340 4758 2433 3146 431 2025 3675 4624
3194525,245 1493 112 4357 4987 4221 624 4053 4587 2034 1337 1540 2831 4179 3524 1701 2992 3197 361 4494 526 895 3969 4160 151 1216
3120496,1321 4317 875 1337 787 3062 3946 3772 3136 420 895 4292 1450 3242 268 3675 4021 4494 900 2008 368 4758 3782 2921 1701
11673,4554 1133 866 4541 4292 424 1251 4758 2278 2025 1321 1788 3651 683 431 59 1404 4240 3675 3277 972 420
771653,4972 1814 2573 4216 4857 792 4985 1782 1133 1095 2362 3094 1480 3675 1195 221 1781 591 2049 2439 4471 62
378964,3951 4179 4964 3116 245 4587 1990 4221 4471 4357 2034 193 3197 3109 4867 2188 3778 582 4987
3647366,1990 714 2431 4964 4471 3951 245 2583 4318 3778 1992 2600 1568 1430 2565 3300 1742
761652,3136 2025 1321 1788 1133 875 3587 866 4987 2956 930 3277 4292 4758 1450 3478 2659 4657 3651 245 2432 368 4357 3969
1363066,2431 4471 1474 193 3197 2895 4987 4926 75 3116 4964 4179 4318 4988 222 3951 2320 2034 2745 3925 4221 3778 1349 4320 197 2697 1652 487 4889 4475 4385
262470,3358 3186 1615 3899 1473 666 2072 1301 2927 3446 4092 4926 4139 302 1034 2193 171 4424 1349 4311 2716 3776 1418 4727 1180 238
341820,2565 1321 1026 1788 3969 4318 1948 4471 3675 1972 2583 4758 2801 4926 1430
897360,1321 1788 4987 3969 245 4926 2431 4318 3675 4357 4471 4964 2583 4758 3778 526 1450 2432 1972 1430
2181964,3976 1544 3168 2360 2921 1819 4388 2992 3243 3365 2304 3203 2112
2886588,2831 2034 245 3197 4357 4317 4987 112 420 1990 4053 900 1493 1446 1321 2583 4471 3466 895 4587 1844 3406 487 1694 3925 3778 4029 4221 2320 4867 3969 4964 1337
1407505,2160 1307 2029 3782 4317 3198 112 3235 2831 4053 3867 2099 895 4938 1701 3107
3433486,424 3062 3946 3136 1099 2297 3813 3587 900 3554 4850 2586 347 4471 3502 4302
2841429,4972 2439 4857 4216 792 1814 3094 4611 1480 1781 2362 1782 566 2049 3675 3979 4380 4985 4907 1133
2392206,3675 1133 3121 3009 315 4554 4292 4289 62 3371 3651 1388 4585 2087 4624 2439 867 4850
450005,112 268 900 3478 1321 4541 4357 1307 245 2728 2992 4938
1511779,3136 1742 3675 2565 3651 930 3121 2659 4871 3946 2025 866 1321 1015 378 4487 2780 1450 4587 3985 3476
2404977,112 1742 4541 900 2728 245 3478 1701 3146 424 1844 3085 368 2831 2837 4357 2340 3136 268 4850 1572 4053 2992
3013091,4478 4168 4558 4587 4871 4727 245 3916 2260 1990 3574 3951 3499 2034
1966072,4587 3499 4791 3916 4964 3951 1757 2746 4447 44 1015 1694 4558 2340
3659972,3230 1853 2014 874 3099 4258 4338 3196 2214 1207 741 4570 448 3247 3623 651 1070 4611 3528 3764 4427 3082 522 1849 2349 4875 3650 2401 1799 4965 254 4576 1439 4877 2127
845816,2583 4357 1307 4471 245 112 4021 4318 4987 1446 1321 2831 3925
662175,424 4850 3946 3813 1099 3062 982 900 571 3587 2297 781 347 3136 2586
2254744,2034 3951 4587 4964 3916 245 3197 1694 4168 4027 1395 1990 387 4727 487 1015 3148 2340 1167 4558 4221 4390 4179 4385 582 3466 3499 109 4471 2746
1312481,4317 2831 1321 2921 420 268 3782 1307 900 3198 4021 112 3085
3717726,1990 1430 3951 1535 450 962 2583 2431 4964 2685 4493 1464 2921 3778 3333 3036 4587 2445 3116
71188,2202 1364 2644 4686 4313 362 358 3579 4964 4354 1587 1252 3421
1310910,1321 2583 1430 4318 4021 4471 245 2831 3925 1990 2320
2413084,2034 4964 4587 3951 1990 245 3916 4471 1015 1694 3197 487 4168 2188 2733 4385 387 4221 3675 3136 4320 4179 3778 109 4727 582 3466
3733431,3094 3518 4857 4972 4266 4216 1195 1480 2793 1964 892 4985 3780 1095 2466 1126 2200 1133 221 2786 1829 432 1108
1607171,4357 245 112 4179 4867 4221 2188 151 4987 3197 900 2992 2034 3116 4285 3778 2831 1990 895 962 4021 3036 2099 4053 4587 4317 4148 297
2776921,4554 2087 3651 1133 866 3009 2278 431 3146 4624 2340 2728 867 4292 3675
782256,1321 2831 2583 420 895 2921 1788 900 4317 112 245 2034 4987 3925 4116 1430 4318 4021
3052682,4727 3450 3136 4587 3148 4558 2340 3776 930 368 4168 3478 305 4027 302 1694
1234488,116 4471 3916 4964 4162 450 3951 2431 1694 3371 1990 4841 3020 4320 2697 4587 1015 2977 3958 1539 4852 2565 4289 3116 3778 3675 216 1576 1727 3471 2894 1167 4168
2130780,4964 4471 3951 3116 2583 4587 245 3675 2594 4168 4179 3020 4221 2431 1568 701 2034
935155,4021 4317 2831 1493 3198 1307 2034 420 2668 4450 1321 4131 2029 3131 245 112 3782 4987 2921 2320 268 3925 1990 3524 1337 223 4938 3107
3014564,3440 1990 1544 1430 1464 2685 802 3865 2053 2992
847696,2487 4306 3865 1131 4441
2086727,4964 3951 450 4471 1990 3916 4841 4587 2431 1694 4168 4385 4320 3020 2034 2697 1015 4852 3116 3778 3863 245 387 116 1252 4570 582 4889 3499
1140564,1307 2921 268 2138 2029 4541 1701 3085 361 112 3431 3867
2627982,4727 3916 4168 305 4558 116 4587 4871 3499 1167 1015 3136 3450 1356 4478 2137 1694
1317793,4554 424 866 4292 486 2087 1133 2278 4758 4624 3062 3675 4302 2433 2340 4727 305 3651 3554 2501 2033 3478 2196 816 3146
1307276,268 1701 112 4494 2921 1321
2068282,3148 4727 4587 4558 4027 3916 2340 245 44 4168 2728 2034 1015 1356 1694 4871 2746 4964 4390 3499 3574 3951 3386 4221 3109
50488,2728 4558 2425 4027 4727 2424 2340 4587 3148 1180 1596 3574 245 179 4539 3917
2597140,2831 1493 112 2034 3198 420 245 4317 2099 4021 4053 900 3782 4450 922 4987 3524 3197 1990 1321 2029 1307 1337 268 2921 3925 3131 4027
974619,3079 3732 1448 3934 1580 1667
1600441,4987 2921 245 2565 1321 4926 3675 2583 1788 4357 2328 4964 4471 1446 3062 2431 3116 2950 3772 526 3371 4758 4292 62 4179 4221 3081 3421
1920917,112 2034 900 2831 1042 1493 1321 2099 245 2206 3925 268 3478 4357 2583 895
1599316,4558 4027 4727 3574 302 2728 3148 3917 2425 2099 4871 2340
2055320,4554 4624 424 4292 2087 1133 3651 866 4850 3561 3675 867 2278 2728 2340 4000 1522
3251608,424 4850 982 781 3062 1099 3946 430 4292 900 2586 3136 571 3277 4302
2163860,47 4611 3234
3514927,245 4357 3116 112 4471 2034 4179 4987 1321 2583 900 4587
1873422,2728 2424 4027 2425 4539 4558 2831 112 2099
153400,2276 2927 1914 2483 3500 44 586 3410 1193 2805 3501 1861 2656 2250 1738 1890 2341 3118 3097 3342 4743
699986,4558 302 4727 3574 2728 2425 2099 4541 4027 4871
407295,424 763 685 3843 2278 305 2501 2262 684 4200 3894 972 3514 1072 3476 4850
1268540,1928 709 4197 3450 3010 3675 2766 2402 4292 1532 2621 2332 684 315 62 4289 424 3773 3062 566 248 1399 4874 3833 2501 3883 4667 4855 24
453183,2034 2099 2831 1493 112 3867 3495 4027 3198 1042 245 4317 900 2029 3386 4053 3925 3918 1990 3524 3197 3478 532 3782 268
3335790,4471 2431 1990 4964 3675 3951 245 450 4587 2583 4289 2034 3471 2697 3136 4179 4221 3371 1430 3916 1446 1252 3925 701 4385 1417 4168 2188 1694 3197
2069332,4471 4964 4587 2034 3951 1990 487 1694 245 2431 2733 4385 450 3466 3499 1015 4168 3136 1446
301626,900 112 816 895 1404 2099 4317 4587 4357 1321 499 4494 3478 4053 3069 3406 1701 3211 136 420 2175
892619,588 4382 2648 2108 2608 705 1741 2344 995 1339 4607 1028
3114336,424 3062 3946 4850 3813 1099 900 781 3136 4471 4302 2297 571 2586 3554 4292
649984,3062 1321 4317 900 3946 982 4292 424 3277 875 4736 895 3136 420 2586 136 430 4850 4302 4987 4758 1788 368
673887,2728 268 630 3696 2425 3137 3917 532 3983 713 1547 1694 709 4791 4811 4558
3784577,4558 2425 1180 3574 1596 4871 2099 3404 4727 1742 4225 3137 4027
953983,1321 875 930 2921 3478 3136 2025 1788 895 3969 3675
1823249,112 4987 4317 2831 895 245 4053 4357 2034 420 900 2320 3782 1307 1321 4867 3085 3197 4021 1493 1701 136 151 3524 4116 3242 197 361 3642 268
559055,1133 2439 4216 4320 1867 4471 1716 684 3675 1574 4857 1764 1162 2725 62 2106 1568 4460 4907 3829 2431 1068 1431 1784 3121 2049 4071 4972 566 1964 4142 1095 3392 4380 4003 1252 3514 1324 578 1207 2362 4862 3773 432 157 3371 4637 1031 1349 551 1551 4258
3216759,4471 2431 2583 4867 3951 1990 4987 245 4964 2034 1321 3197 1446 4357 2320 4587 1430 4385 2733 4318 701 4317 3925 3466 4179 3778 962 420 4221 487 3675 4926 3116 4889 4021
2215957,1694 245 3524 1493 4964 3197 3386 2831 4317 4450 2034 1540 109 3917 4027 1844 3863 361 1395 420 3925 2921 532 301 3918 800 1516 193 4131 2320 1142 4357 112 1572 271 4056
1577711,2921 2685 2053 2992 4388 1990 2382 2600
2176004,4587 2034 4964 3951 4027 245 4727 3916 3148 1990 387 1015 487 4471 3466 1694 4168 2340 4558 4385 3136 3197 4390 3675 1395 4179 3778 4221 368 1252
3409396,4964 3197 4471 2431 4987 4867 193 847 2583 4179 245 4357 3116 4221 4926 3969 2095 1430 2034
2130297,3062 1321 875 3946 900 4292 1450 2586 3502 3277 368 4850 3136 571 3969 352 424 4317 4758 982 4987 3772 4585 430 1099 4711 4357 895 3478
2807138,2992 4179 4357 2053 3036 193 1990 1544 962 3116 1185 3109 2921 4221 3778 4867 2583 2692 4388 2382 1337 2431 2188 4987 2095 4964 1322
2776139,1133 4554 4292 866 431 4758 3675 3651 2278 2837 2196 3062 378 424 3277 3146 3371 305 3554
2430293,2153 1731 4611 2697 1176 450 566 3033 2431 2853 1935 684 1035 1808 4855 2725 1252 2999 3722 1810 490 2508 4471 4289 3580 1652 4078 1574 3829
1592900,4964 3951 3916 4471 1990 450 4320 1694 2431 3020 4587 4841 4168 1568 1015 4852 116 4570 3388 245 193 3863 3471 4221 1516 3778 3116 1322 4179 2697 3109 2034 216 714 3650 3499
2448387,245 4357 112 4987 4221 3197 2034 4179 4867 4587 1990 900 3778 2831 2188 3116 1354 2992 526 151 962 1321 3642 1493 1798 582 4053 4964
1884482,245 4357 4987 3116 4587 112 2034 4179 4221 4964
2112945,245 112 1493 1694 4587 2831 2034 4357 2099 4964 4987 1990 3466 1321 4317
3757352,216 684 4964 3471 3829 71 779 1322 4790 259 3863 4841 2611 2137 3675 2697 1252 449 4471 1990 2146 2431 3383 2502 4385 450 829 4320 3308
468740,2921 3131 2008 2328 268 2814 1321 4317 1307 4021 2407
2201624,3675 4554 4292 3062 1133 1388 3371 4850 4289 3121 1450 4585 4624 3946 2196 2188 3146 62 2565 3489 3651
2414132,3478 4317 268 2831 112 900 1321 223 420 875 368 4541 3085 787 4053 3782 4987 4938
3398540,3951 4964 4471 3969 847 2583 2095 4926 1446 3101 1474 2895 1321 487 2320
311233,1133 4624 4292 4554 3675 2402 3062 2087 866 424 3121 3489 62 3773 4850 1928 315 2196 1136 4106 4903 3514 3371 4113 763 2501 3946 578
2281812,3148 4027 4727 2034 4558 2340 4587 245 3916 1015 112 4168 1395 1694 1356 44 3136 2728 3386 4390 3951 3450 2831 4964 3197 3478 1990 302 1844 3499 4221 2732 1404 2746 305 930 387 3574 3917 4871 900 4541
2472,4583 4471 3675 1133 1388 2651 4216 2603 1788 2352 1198 4289 2097 2922 1974 2431 4142 1781
224285,4727 4558 3574 3776 302 709 24 4541 1293 2728 3450 2837 3136 3283
2962585,4317 1321 2831 2034 245 112 268 4021 4987 3198 900 3925 2921 1307 2583 4116 1493 420 3782 1990 1788 3197 4053 4938 2099 4357 4587 4471 3867 4318
1039984,3574 4871 4558 4727 1596 1180 2425 4027
2562888,1321 3136 3969 3675 3946 1575 1788 2565 2078 1450 2297 4758 4318 2367 1972 866 4657 1938 2432 930 3277
3645455,24 2262 4807 424 3776 2501 3021 3894 3143 3843 3587 4850 4000 248 2278 347 1886 1633 4667 1918 4458 237 763 1405 3946
1692060,424 3813 3946 4850 3062 1099 2297 3587 571 866 3136 2586 4302 3554 3651 900
3564238,2565 1742 245 3778 2095 1990 2431 2328 4964 3969 4357 714 1446 2583 2992 3675 1321 4791 3300 1596 3365 847 361 3925 3951 109 71 315 487 450 2921 4871 3197 4471 2534 4179 4587 1430 4867
2573962,2921 268 875 1337 4494 2328 4317 3242 1701 4541 3085 3062 3666 2418 2008 4053 361 2831
1525515,1493 2831 4317 3198 2034 112 268 3131 3524 2099 245 223 1337 420 2029 3197 4053 4021 4131 3925 900 151 1990 4987 2668 2599 4938 3782 4116 2320 2921 1307 3778 4450 1042 2407
221449,424 3587 3946 2025 930 24 3136 3651 3062 571 2501 3277 4727 3561 866 347 3776
305171,2034 4587 245 3951 1990 4471 4964 3675 4727 3916 4385 1694 1015 3499 487 3136 387 3466 4558 450 4168 2733 1404
3503635,1321 2831 112 900 4357 4317 4987 245 4318 2583 4471 2034 1307 895 1430
2517467,424 3062 982 4850 900 4292 3946 1099 3136 4302 571 2586 2297 430 112 3277 3813 3554 3651 781 1321
3597232,2034 245 4964 3197 3951 4587 4221 582 1990 4179 3778 1694 4471 3916 387 4168 109 4320 1015 2188 3116 2733
527943,2921 2685 2600 2583 2328 1321 2445 2565 1788 3365 1464
2558814,1493 2831 2034 112 3198 245 4317 268 3197 3131 223 151 2099 900 3524 2029 4021 3925 1990 420 4053 4987 1337 4131 4450 4116 4285 3782 2320 2599 3778 2921 4027 1307 1191
299120,424 4554 1133 3675 3489 4624 4585 4850 4292 2087 315 1248 3009 3121 3773 347 2402 4903 982 1928 4613 763 1136 900
13660,245 4357 2992 4179 2407 4987 361 1337 2921 2328 4450 847 3969 1321 2565 151 4496 2320 2831 3197 4964 3778 1446 301 4889 109 1493 1742
2437612,3951 4471 2034 4964 4587 245 3916 1990 387 4727 3675 4385 1252 450 4168 2431
3028184,2439 4857 3675 1133 1095 4972 3121 4907 62 4289 3371 1781 4380 578 2508 684 4106 3010 566 1928 4585 2789
1537345,4334 972 763 684 4200 685 3928 2262 3632 1886 3514 1072 3843 431 454 357 1133 248 1095 3894 4013 2278 4767 3111 3813 3675 315 4850 4458 4142 743 2439 4029 424 3624
1535389,3062 875 3946 4317 3136 1321 3675 4987 4292 1450 3502 3277 368 900 2025 223 930 3772 4736 1788 4357 4758 4302 3478 2586 571 3707
431660,2728 4558 4727 2425 3574 4027 3478 4541 2837 3148 4539 245 2099 1293
918891,4471 3951 4964 245 3116 1990 2583 2188 2431 4587 4179 4987 2034 4221 4867 1321 4357 3197 487 3778 2594 4318
3507078,2431 1990 3951 4964 450 4471 3863 1694 2697 4587 3916 245 1015 2034 3778 4900 3371 4787 3020 4841 387 2095 4867 2583
139639,2831 112 245 4317 2034 900 151 1990 223 3197 3036 3925 420 2099 4847 2599 3131 4357 3466 4565 3782 2188 268 4987 4053 4027 109 3524 55 2320 3478 4179 4221 4587
1534187,4471 2431 450 1990 3951 4964 2697 3675 3863 2095 4587 2583 3778 4900 3925 1252 4318 4841 487 2034 4385 245 3371 4889 778 1322 3020 1430 4867 3159 259
595871,2262 763 357 2501 424 3277 263 816 4980 4458 3813 135 539 3946 4619 248 4302 3601 4711 4807 1720 4850 347 2432 2061 3843 1633
3245810,4727 424 2340 3136 3651 2837 3561 930 3478 2728 2278 4541
2631669,151 1337 112 3524 4053 630 1493 582 245 2992 1701 2099 3198 2831 109 546 2921 3197 2668 361 4285 4160 4496 4664 4539 4565 4179 2034 315 4357 4131 3036 3707 1694 4867 3131
2113954,4558 4727 3574 2340 4027 4871 3148 302 2728 3450 4168 175
2266659,1493 1540 245 1694 112 2831 3524 4053 4987 2034 4357 4565 875 3386 532 2599 4664 2099 268 4027 4317 800 3197 4494 3782 1337 630 3707
2462837,4871 4168 4587 245 3916 4727 3951 4027 4558 1990 4964 1596 1015 2034 3574 3109 1694 1628 4478 3778 4390 2732 1180 4179 44 3499
2268500,3574 4558 1180 4727 4027 2425 2728 1596 2099 245 3148 4871 4541 3478 3917 4587 2340 112
3525846,2034 112 900 2831 245 1493 4027 1321 3478 1990 4587 3925 4727 2099 1042 268 3148 1404 4317 3198
3319205,1321 2921 4987 2583 268 4471 4021 4357 3116 2488 2992 245 1430 900 2188 4318
1296171,3951 450 4964 1535 1990 2660 802 3333 4221 3778 4493 962 4587 1430 2034 3650 4320 3916 4570 3116 4179 4471 2188 2894 2502 387 3925 193 4871 4168 3036 2431 462 1356 2146
974835,2685 2382 1990 1430 2992 1544 2053 2921 285 1464 4388
1279742,3574 1596 4558 1180 4027 2425 4871 4727 1742 2099 3917 4587 44 245 2728
1496647,4317 1321 268 787 1307 4987 3782 1701 895 2418 4053 4494 112 3675 1788 3242 420 4938 1059 900 1042 875
400846,4587 3499 3951 1015 4964 3916 1694 4791 4320 4871 245 3185 2034 3778 1990
3016086,4317 3707 4053 4131 2099 895 4987 112 1337 4116 3782 297 4021 2029 2831 2992 4867 151 3197 4357 2320 4565 900 1042 3524 2034 4450 420 3198
1513042,2831 4317 3782 112 420 151 1307 223 245 2029 2034 2668 3524 2099 4053 2320 3925 2599 4847 297 3131 4565 1990 4987 268 4938 3198 4160 3197
1618317,3574 1596 4871 4558 1180 2425 4727 4027
967893,4727 4587 3148 2034 3916 4027 4871 4558 1356 3951 2340 44 3778 3136 387 1990 3499 1015 3675 245 1694 450 4964 2746
3528975,4587 245 3969 1321 1252 3136 3951 982 3675 4471 1404 3277 4357 2659 4964 1788 4987 4926 41 3421 4318 930
2291483,424 3946 3062 3813 900 4850 2297 4302 368 3136 571 3554 430 3587 347 3651 1099
161003,3877 705 1028 1339
1413288,4317 875 430 900 3062 4736 1321 4292 112 3478 420 3675 268 3136 2025 4987 3277 424 3651 4302 1414 136 571 3946 2831 2008 2586 223 368 4053 2983
3679564,112 900 268 3198 3478 4938 245 3867 1307 2034 4053 1321 2099 1701 4027 368 2831 4727 2921 2728
605396,4936 2030 1939 3739 4938 4114 3115 2471 1284 245 1226 4518 3559 3403 895 1337 3270 297 3969 1307 3746 1256 4361 1878 736 4910
1304746,4727 4871 4027 4587 245 3450 4558 2034 3136 3651 3574 2728 44 3778 3148 1694 1596 1742 930 3478 2099 1990
2760596,875 2025 1321 4987 571 3478 1788 112 268 2956 4736 787 4317 430 3651 3136 368 4842 930
870377,4027 2728 2034 1395 3951 4587 245 3916 1990 44 3917 3148 2831 4558 4727 2340 1356 4964 2746 1596 3197 1015 3925 1694 3386
1196484,2053 2992 2685 285 1544 4441 1990 1430 1331 1464 3490 3116 3109 4679 3865 4179 3778 2382 2188
510953,4558 2728 302 3137 112 4727 1562 2425 532 2099 1596 3574 4541 2340 4871 499 630 3696 4322
3903102,3951 4964 1252 245 4587 1990 2431 4471 1172 3778 4318 1321
2000384,268 4317 787 1321 3782 3242 1701 4053 1307 3085 112 895 420 4494 4987 1042 1059 2831 3867 361 136 900
3303452,3478 2831 1321 268 112 4317 900 3085 4987 3782 4053 245 1788
202155,4317 1321 1042 1493 420 3782 2831 900 112 268 895 1788 4987 4021
820054,2651 551 1324 4471 4460 1133 4583 3675 62 2106 2431 1095 2948 1198 3042 1388 1788 1551 4987 3392 2919 1699 1349 139 1803 2111 2922 2335 4318 2957 4142 2352
3309661,1219 4139 2880 4906 4514 1001 2272 2927 2928 2879 1861 44 210 4298 4727 4632 3705 2907 3830 3368 4934 2250 2712 548 4027 4215 3914 3386 1281 900 4587 129
2440022,4857 1133 3675 62 2439 315 3121 3009 3371 1095 3489 684 4292 4380 4585 4289 3450 4624 4554 431 1781 1254 2196 4106 3111 3651 2278 1388 3062 2789
3745969,792 4972 2573 4216 1480 4857 591 3094 578 1814 2710 2049 221 1195 4985 674 432 1108 2466 2439 2362 4681 1781 1095 2617 1964 1341 4030 1264 3933 4266
1731962,3062 3675 1133 4292 4554 1095 4585 3371 2439 62 1781 4289 3121 2196 3773 1973 1164 4857 431 315 866 1035 2402 4471 2033 1450 3651 4302 424 3194 305 4979 4850 1321 3277 1388 248 4757 685 4880 4142 3009
42603,85 3168 4951 3692 1439 1482 1224 4519 644 2754 741 2756 3732 3953 3275 1695 1156 2957 3082 510 1387 3196 1580 4875 4576 1198 2661 4968 3094
1474038,4027 4558 4727 3148 44 4587 2340 1356 4871 3574 3916 2746 3917 2034 4168 245 3951 2728 1596 175 1015 3778
3192157,1535 3333 4493 1990 3951 4964 962 1825 802 2660 1544 450
1741449,424 2340 4727 900 3561
1221142,4317 2831 1321 420 4021 268 3782 2921 4987 3198 900 1493 112 1788 223 4131 1307 2099 3925 2034 245 2599 1042
3864727,4964 3951 4587 245 4791 1990 1694 2034 1252 1516 3499 3300 4471 1015 4221 4179 714 3778 3916 2146
2842161,4964 3951 4471 2034 245 4587 1990 4385 3675 3916 2431 4168 2583 2733 4318 4727 1694 1252 4221 3778 450 1568 387 3197 1015 714
920960,4727 3136 930 3651 24 3776 424 2340 3450 2837 3146 3478 3587 1628 2025 4302 1742 4587
1052447,4471 3101 2431 4660 4964 2895 1322 2697 259 4801 3675 1252 193 1244 2137 2853 3371 3778 3471 3020 2095 4686 3159 1026 1430 450 2583 2320 3062 4475 3197 4855 4900 4385 257 4611 3121 1898 3773 1083 487 62 1208 2146 1474 4926 1577 4583 3925 2083 4011 1652 3191 4142 4570 2454 4867 2611 4179 199 566 4289 829 2153 358 3969 4303 3449 1388 3355 56 3615 684 1142 1810 2999 1417
2328970,1090 4544 64 4623 3247 3611 2660 1151 3829 2217 1207 157 984 641 2502 1992 2349 4964 2778 212 1322 2458 1574 2010 470 2835 4342 4570 2391 160 2508 3497 4947 1252 4471
2736566,245 2034 4471 2583 1321 112 4987 1990 4587 3951 900 2831 4357 3466 4867 2431 3197 4964 1430
3404606,4947 4680 1431 4876 1138 1252 2349 1977 3171 4427 2353 4964 2957 4258 3829 4570 1052 3625 4830 1452 4083 4052 3533 1207 2602 1030 157 1621 2202 681 4393 317 4783 1068 2401 1255 1925 785 1694 3061 2785 1625 1086 3332 5005 3844 160 349 64 1090 1151 4877 4409 1852 613 1854 1737 159 1674 4672 4471 4433 984 4579 3579 3274 3650 4759 874 2150 4437 4553 4078 2644
951996,245 1694 2034 4587 4964 1015 3951 3197
686169,535 2852 2711 2345 1436 2047 1426 3267 361 1818 1318 1271 4094 4973 1337 2992
371069,4558 302 2728 4727 2425 3574 4541 1180 2099 4027 1596 709 3137 3404 2424 112 4871
1407769,112 4357 245 4987 2034 2992
1658551,866 1133 4554 2278 424 4541 431 3651 683 2025 4292 2837 974 2728 1628 4758
843860,112 245 1493 2831 2034 4357 151 3524 900 3197 4053 2099 4987 4221 3198 4565 4664 2029 297 4317 3782 3642 2992
905448,424 900 4850 3062 3946 1099 1321 982 571 4292 2586 3813 3277 781 3136 3554 3587 4585 430 2297 3502 352 3969 347 875 368 4302 4471
2314331,1133 2278 3276 4554 431 974 2728 3371 4541 866 3651 2033 4292 1095 424 3675 4471 2340 1762 2837 14 4558 237 112 3136 2025
3503539,3062 3946 424 4292 3136 3502 4850 1321 1450 3277 4471 900 3675 4758 2297 2586 1099 4987 930 4302
979765,4554 424 2278 866 1133 683 3651 2728 3776 2087 974 2025 431
1748918,3355 2919 2697 2153 1035 684 2431 3121 955 1176 1731 1652 3695 918 3675 2534 2357 3159 1585 490 4862 450 2725 566 4855 3371 3580 1304 1252 62 2373 4914
2809209,3675 2439 4857 62 1133 3121 684 315 3009 4380 3371 3450 4106 4289 566 2789 4585 3489 1095 4292 4624 4790 378 1254 3111 2278 1781
1042205,3136 424 3946 4758 930 3062 4302 4292 4727 3651 3587 368 1321 2025 3478 900
606456,4317 420 1493 2831 1042 3782 895 1321 268 4053 112 3107 1307 3198 3131 3235 4021 900 1337
3872402,2728 2425 4539 4558 302 4541 1293 3574 2424 2099
1586820,2276 2927 1914 2483 44 3500 3410 586 1193 2805 2250 1861 3501 2341 4139 2656 3118 1738 3097 4743 3796 3951 1890
1651618,4317 1307 3782 1701 1321 4987 4021 647 2831 112 4494 4053 2320 895 787 4116 4471 900 1059 420 1788 2418
901692,1321 4317 2831 2921 112 245 2034 4357 4021 4987 420 2583 268 3675 900 1446 1788 4471 1307 895 4587 3197 4027 3198
811684,578 566 4573 3450 4611 1928 4289 2351 1399 3675 709 4855 3829 2402 684 3010 3129 3371 2439 3308 2508 1356 4292 1559 3916 1532
1133302,1990 2053 4388 2992 285 2921 3778 3036 1430
2956726,2034 1694 245 4964 4587 3916 4168 3951 387 1015 1990 4727 1356 4027
2281359,4727 4558 4587 3450 1628 2340 3499 3776 3136
3309398,4494 2921 1701 361 112 2030 4053 4987 787 245 1307 875 2992 1337 1818 4357 3115 2728 3642 3242 1540
718693,4727 4587 4558 4871 3499 4168 3148 930 245 3916 994 2728 3574 4478 1015 4390 2340
3346319,245 2992 900 4357 112 4179 3116 2034 4221 2831 151 4987 3197 3642
206139,2728 2425 4539 3283 1293 3574
2710114,4027 4727 112 2034 4587 245 2728 44 900 2099 3148 3478 4558
1838487,2728 2425 4558 4539 1526 3436
2724381,1321 3136 4758 930 4987 1788 875 3478 368 3277 4317 4302 4357 3946 420 3675
921760,3865 4441 4306 2487 1544 3490
2693880,3136 930 424 2025 4727 3651 3587 24 3946 3561 867 3675 4758 2837 2659 4541 368 3494 3478 3776 2501 4292 2340 3554
1528496,4964 2431 3197 4320 193 4471 245 1516 3778 1990 4221 197 1694 4179 1539 3969 3951 2034 4852 778 3116 1142 1474
2166623,2728 2837 4558 1469 4027 14 471 3146 2657 1540 800 3414 1184 315 3917 4539
124055,424 4554 24 2278 4727 2340 709 2087 305 2728 3478 3776
3066110,1493 2831 2034 245 112 268 3198 3131 4027 2099 3197 4317 900 4987 151 4541 3867 3478 3524 2029 4053 3782 223 1307 1694 4450 3925 1990 3778 3386
3874360,4727 3148 2728 4558 302 4027 2099 44 112 3478 3574 2425 2340
2078254,245 2034 112 3197 2831 582 4964 4179 1990 151 3116 4021 2099 3198
1566774,4587 4964 245 3951 2034 1694 1015 3466 4791 4179 1990 109 3197 3916 3185 3279 3499 4867 487 4390 4871 3778
530149,424 4736 3619 24 2983 3587 430 3851 1414 3347 4259 571 4207 4311 1491 4387 4761 2025 297
2696064,4727 4558 4027 4587 2034 3148 2728 245 4871 2340 3136 3951 4168 3916 3499 44 4964
3697349,4357 4987 112 895 3642 245 4269 197 4116 2992 4867 900 962 4053 151 3036 1321 2034
2454401,4554 866 1133 2278 431 268 4292 3146 2837 424 3651
3689116,424 2501 3776 930 1928 4727 2061 4554 3587 4292 430 2340 2278 24 866 669 982 1725 368 4029 3843 305 3667 3146 1099 4302 3062
295951,1493 2831 3524 3198 151 2034 2029 245 3131 112 223 3197 2099 4053 4987 662 4317 55 3386 3867 1990 297 3917 2599 268 4021 3778 4027 3782 4285 1337 829 420 4539 4938 4450 1354 3495 922 4207 2668 1325 4131 3918 1694 4221 3707 4736 2719 3925 4565 924 4164 582 1307 271 109 4179 3235 3118 4148 900 4160 4357 1191 1501 4664 3431
2316635,1133 3675 4554 3276 4292 4857 3009 3651 431 1388 3371 867 3121 1781 4585 2439 2528 1321 4289 1788 62
1660804,424 4727 2340 3561
2130106,3951 4964 3916 4587 4168 3499 1356 245 2034 1990 387 1694 4871 3778 802 4727 3109
1830062,4027 2034 245 2099 112 2831 3574 2728 44 4558 3917 4727 4539 4541 1694 3386 3148 3197 1990 3778 4587 1493 1596 268 3478
150569,2034 3951 4964 4471 4385 4587 2733 245 1990 3916 1015 3675 4168 487 387 450 2583 3197 2431 1694 3136 1446
748694,2831 1493 3131 4317 3198 3524 223 2034 112 268 4987 2099 4021 245 3782 420 2668 1337 151 1307 2599 4450 2029 4053 4736 3197 1321 4285 922
3209978,2992 4987 4357 4973 3115 1629 2711 2515 3642 297 3107 245 1226 736 4565 895 3969 2034 4221 3116 1337 4053 3001 3235 4179 3909 3242 2030 4116 112 3983
2111899,353 1808 3396 4611 4855 1176 566 2848 3945 3916 1080 116 3354 1891 2977 4222 3301 4347 2153 3405 3059
835273,3877 1234 4382 2108 3564 3427 4607 4958 705
3745887,245 4027 2831 2099 112 268 2034 4317 3778 3386 1596 3867 786 3197 3198 1990 3925 55 4987 3478 4587 2320 2921 1694 3918 44 223 4450 900 3782 4053 3495 420 1742 1180 2029
1176832,3136 2837 4727 930 3651 2728 2659 24 3478 867 4541 3494 2298
1026316,3062 1321 3946 4292 875 3277 2586 1788 900 4987 3136 4317 1450 3675 4357 3502 4736 4758 368 3969 430 4302 2025
3326542,2992 1990 245 3036 2583 4987 2053 1430 3778 4357 3969 4179 4221 4964 3197 4318 4490 2431 193 3116 2921
1191313,2837 4292 2728 3675 3146 4317 578 3985 1540 14 420 3121 866 3062 3371 930 2501 4987 3265 1173 875 4585 2402 4027 3478 1133 3111
3014218,2625 4964 2600 1990 2660 4871 2565 1587 1825 4791 1749 1440 1742
2688022,3696 2728 194 2921 2992 1540 1562
2870554,2034 4587 3916 3951 4727 4964 387 245 4385 4471 4027 4558 1015 1694 1990 4168 3148 1252 1356 487 2733 2340 3466 3675 2146
1986024,4587 3466 2034 3951 1990 245 4964 3778 1015 487 4871 1694 3279 3499 450 4867 602 4179
714069,112 2034 3198 2831 4053 900 2029 2099 268 1493 3867 245 1307 3478 4357 1701 3782 4938 4317 3495
524178,3574 4027 1180 1596 245 3450 44 4587 3778 2425 4871 2099 4558 4727 1990 3917 2034 1742 4179 4221 3197 2728 1694 4168
3456534,4539 4541 1293 3283 2425 4558 1469 2029 2728 3478
314171,4624 4554 3651 2340 2087 2728 3146 3009 3675 431 1133 867 1005 4850 866 4727 2033 2278 2837
1507488,3136 930 3675 4292 368 424 3946 2025 900 3062 3587 3554 4758 1321 4302 3478 3502 3651 1450 223 3277 4471
3390505,1180 3574 2425 1596 4871 4027 4558 2099 4539 3917 44 3283 4727
1736978,3136 424 4727 3651 930
2045456,2864 2003 3680 4681 1954 3094 2994 4242 1580 3232 3732 1190 4471 1695 4825 1387 2661 3492 1411 2842 522 1237
1925605,3478 930 2025 3136 1321 3651 2367 112 1788 4541 4987 245 875 368 2604 1404 2921 2069 3675 3969 900
3608711,245 1493 1694 4357 4179 3197 112 2034 4987 3524 4565 193 1540 2831 4964 4450 151 2921 268 4587 4221
3163458,424 3946 3813 3062 3136 4471 2297 900 2340 1099 4850 4560 368
3845589,1133 3675 4585 3489 4554 424 4624 4292 4850 3009 3773 3121 315 2087 1248 1136 3371 2402 4113 347 763 4142
1171095,3801 2942 3975 4912 2643
3781177,3062 424 3946 3136 982 4292 3813 4585 3502 4850 1099 1321 4758 4471 3277
585198,4471 387 2034 3951 245 4964 4587 4168 4318 3916 4385 1990 1694 3197 3136 4027
410205,928 450 4984 3580 3020 259 4855 3471 3519 2651 3863 79 566 4179 2530 4964 2373 1304 1430 3159 2999 4471 2137 4011 4567
3383139,245 2034 3951 4587 2583 4471 1990 4168 4964 4318 387 112 2831 1694 3197 3466 1430
21372,424 763 2501 2061 1633 2262 685 3843 135 357 1725 4458 347 3946 539 3476 4850 305
2371072,245 1321 112 4987 4357 2034 900 2831 2583 962 895 2992 3778 4471 1430 2921 4116
652551,4611 3567 2260 2214 4958 4382 4359 1569 2661 4576 522 4242 2648 3183 4684 588 4478 644 3692 2608 3165 1580 741 4165 4704
914669,2921 245 1990 2831 2034 3925 420 112 3197 3036 3778 2992 2099 3524 1493 1337 4179 1701 630 4053 151 4027
3279607,2921 1307 2029 3431 3131 4938 4494 268 2138 361 112 2008 3782 3242 3198 1059 3867 3235 4416 3085 1337 4053
2193855,2921 2685 2992 4388 1430 1990 1544 2490 2053 285
290020,475 4216 3106 1095 1431 1925 538 4010 3196 1974 1133 1198 1480 839 3471 4315 4491 4471
1213812,2367 2604 4657 3136 1321 930 2069 245 1404 1788 1133 4587 4497 3227 3651 484 4987 3675 4471 2025 4926
1893717,900 112 2831 1493 3478 4027 2034 1042 4317 2728 2099 245 420
124907,2921 2728 4494 2424
1910274,3079 1224 510 2981 3233 4109 3732 933 4985
3814726,2660 1990 4382 3333 4871 4964 4493 3951 450 1349 1825
3308608,4317 4053 1701 112 268 1307 4987 895 245 900 1321 2921 4938 2831 2034 1990 3235 3197 4471 3675 4116 787 1337 4867 3242 4357 1059 3198 4494 2320 3778 4021 2992 420
827774,4554 1133 3651 3675 4292 3371 866 4624 3009 4289 2033 2196 305 2087 3062 431 3121 2278 1781 2837 2340 4758 867 4302 1973 3554
2320854,2728 4520 2425 4558 2340 4027 1757 4 4404 2837 3137 2746 3917 2921 1395 1596 1742 4791 4541 4587
2326667,3136 112 1321 3675 930 2034 900 4758 245 3478 4587 368 3946 4292 4727 4471 1404 3554 2025 875 4541 1450
33380,4471 245 1321 4964 1446 2583 4168 2188 2034 4318 3675 4587 2431 3116 1694 4357 3466 4179
2390182,3275 2660 2600 1990 1825 2067 1440 1544
1476748,2728 3148 4587 2340 4727 3499 4558 3776 2425 4791
3499001,3210 3714 197 847 967 2320 2095 4303 2583 3197 4425 3863 3925 3683 308 4964 1317 3252 1416 4357 4988 398 2696 2863 4051 450 1023 2431 3327 4471
326514,2728 2425 4539 4558 1562 3696 4322 112 2099 4541 3137 532 302 1469
1225530,3675 578 2439 4907 3450 4289 566 3371 4380 2508 1928 2402 3010 1399 4292 2789 684 3514 1510 2537 4106 4727 2868 910 1095 2332 3985 62 1133
1998214,3883 2565 248 684 709 315 3675 3121 62 2837 1446 4471 1173 4292 3146 3062
63278,1337 1226 2030 361 2577 1818 3864 1701 895 3242 847 1629 4546 4973 4938 2711 2565 1307 4494 3235
3905200,4727 3574 4558 3148 302 4027 4871 2728 2340
1798551,1133 4554 3675 3651 709 305 3146 4727 3009 1404 431 4471 3371 2340 2837 2033 2728 867 4558 4292
3489244,4686 3510 2814 1742 2153 4471 4964 1252 2431 4570 1587 3471 1322 2583 4855 1708 4611 2508 4096 4276 1430 193 2146 2562
2649136,424 4727 24 3776 3136 3561 930 3651 3587 2340 3494 4541 2837 2501 2025 3554 866 3450 2298 2278 368 3478 1858
669204,2728 4558 4447 2340 44 3148 4727 4587 4791 2746 3499 1757 4298
753664,930 3136 2025 4541 3651 3478 2837 2728 866 4727
1195516,245 4357 4179 4987 4221 4964 1694 4587 2034 3116 526
3798624,4587 4390 2340 4179 1015 3148 1694 3466 2034 112 4221 1990 2746 245 4867 3663 3916 487 4964 4027 109 1356 4727 3778 3951 3197 3386 3118 3136
1140777,112 2728 245 4587 2034 2099 4539 4027 3148 4558 4727
317406,4964 3951 4471 4587 245 3197 1990 4179 2034 4357 4221 3116 2583 2188 4867 4168 582 3916 4987 3109 1798 2733 1446 109 487
480421,3440 2382 1544 2487 4441 2600 4779 1990
3790777,1544 285 3440 1990 802 2053 4388 1131 2490 2685 3865 2921 3490 1464
2258936,4382 1741 2108 1339 588 2608 2648 705 3934 1234 995
2621512,2921 1321 2831 2583 3925 4317 268 4021 1430 245 1990 900 1788 2034 3778 895 4116 2992 4318 3198 1307 962 112
1061517,4964 450 1990 3778 2534 3951 245 2034 4471 4587 4871 2146 387
3001615,2696 847 3210 4051 197 3683 4057 4303 2583 2095 552 967 3714 2275 4425 4273 3204 3863 308 3925 2863 361 450 1436 2320 3365 4357 2206 2814 895 4964 298 1533 2921 3519 3252 3101 3197
3029850,2095 2445 2583 2431 1430 3969 895 2992 4926 2320 2206 4964 4987 245 3982 4116 4357 4867 3925 1337 4471 1321 361 962 1990 4494 1701 3918 847 2034 3863 3116
1672819,3675 3121 1133 2439 3371 4857 3009 62 1781 4585 4289 315 1095 3773 2402 4106 2196 4292 3450 3111 3062 1388 3489 3651 2528 866 4554 3514 305 4907 3894 1973 378
2110802,588 2648 2108 1741 3877 1234 1873 4382 4359 4242 3089
306655,2439 4857 4380 2789 62 3450 315 566 4907 684 1133 4289 1112 3009 3675 3308 4585 3916 1095 3371 2402 4106 1356 4471 1510 23 3121 1162 1195 3010 1254 1538 3829 779 4320
2688799,112 1307 2029 3478 2831 4541 3131 3085 3867 4938 1501 2099 4539 55 4053
802332,1493 4317 2831 2034 420 112 3782 1042 4987 245 2099 3524 4053 268 3197 900 4450 3707 2029 3867 297 3925 223 3198 4357 1990 2599 1321 4736 2320
3802070,245 4357 4987 4221 3116 112 2992 2034 2921 4179 526
2513605,3788 4311 3638 3211 4727 3899 3776 3667 4558 2704 44 2728 4006 3866 2880 302
3453586,245 2034 112 4587 4027 3925 1321 3778 900 2831 2320 4357 1990 44 2099 4317 3197 4116 4987 4318
834354,221 4216 1814 4985 792 2710 591 4972 1195 1781 3094 1108 4030 432 4681 1480 1133
2037181,4558 2340 2728 4727 3148 2425 4587 1757 2746 3499
2115144,424 982 3946 3062 3136 2297 4292 3502 3587 4758 4850 3813 347
113422,4871 4727 4587 4027 1596 4558 2034 3574 1742 245 3778 1990 1167
98016,3136 930 3651 2837 2025 368 4727 3478 4541 3675 424 24 867 2659 4292 3561 3946 3554 3587 900 4758 4587 3776
597228,4964 3951 4587 4179 4320 245 1516 3499 4471 1694 4221 4791 450 3116 1990 3778 2034 4611
2217708,1321 900 3478 112 268 2728 2831 930 4317 368 245
3689820,2921 2445 2583 2431 1321 1430 2328
2154235,424 3946 3813 3062 2297 2340 1099 900 3587 3136 4727 4850
3245186,3499 3951 4964 4587 1990 4871 3185 450 1694 3778 1015 4791 1055 2034 4320 3916 4877 245
253443,3946 3062 4292 3772 3136 4758 1321 3502 982 1450 2297 3675 2586 930 4850 4302
2576812,245 4471 1897 4221 4987 3116 3969 2431 4964 4357 2583 4889 4179 2034 3197 1430 197 526 193 1798
3268081,3951 245 4587 4964 2034 714 1990 3499 4791 1694
1565307,3136 4471 1321 245 2034 4357 900 4587 112 4758 2188 4987 3675
1393,268 1321 787 4317 4987 1307 4938 3062 3675 875 1701 895 2418 4053 112 900 3242 1450 4494 3946
3733172,3675 3773 1133 4292 1928 4554 3489 2087 3514 3062 3121 424 4624 4585 2402 685 62 3009 1136 4850 1248 3371 315 910 4106 4289 4142 866
1041419,4317 2831 4021 1493 3198 3782 2029 1307 420 2668 223 268 4131 112 4450 3131 4987 2921 1321 1337 3524 2034 2099 2320
1190389,62 4585 3675 2439 1133 3121 1388 4583 1107 3773 1095 4415 3371 1803 2174 378 4142 2565 4471 2814 2651
484406,3136 4727 3651 930 3478 2340 4302 3062 3946 3587 368 4587 3450 3146 424 4541 4558 4292 4624 2728 1742 4027
1007655,112 2831 900 268 4317 1321 3478 4987 875 4357 245 420 1493 4053 1788 930
316409,4471 4318 1321 245 2034 387 3136 4385 2583 3951 4587 1430 3675 1788
2944640,62 3675 1095 1388 3111 1133 538 1964 2439 1803 3121 2948 4471 2174 3979
551834,2992 2696 3976 3365 2921 4388 1819 1436 2304 3168 2644 2950 3234 552 2414 2685 3036
2023177,847 1321 2445 2921 3969 4987 2583 895 3163 361 3107 1337
947875,1321 3136 4292 3062 4758 875 3675 3969 3277 1788 1133 3478 930 2025 1972 1450 112 4987 571
2618142,112 245 4664 4357 532 4565 1694 2034 2155 4053 2099 3197 4987 3782 4964
1732458,900 1321 2831 112 895 4987 4317 1788 4357 420 2583 245
1369005,2034 1321 245 900 4471 4587 3675 4318 2831 2583 112 1990 3925 4317 1788 2431 268 1430 3951 3466 3136 3778 368 3197
2270919,3675 3062 4471 1321 2921 3371 3946 2583 4317 424 895
3439996,431 2278 4972 2033 305 4560 1133 4727 4658 3938 2439 4558 2537
1770938,3675 1133 3371 4554 3009 4471 1788 4289 1388 315 1321 62 3121
722751,644 1387 2214 2003 2281 3099 4762 1138 2661 3082 2994 3094 4169 254 93 4704 1411 2756 1580 3196 504 1832 4875 4471
1899680,4027 4871 3574 44 4558 1596 4587 4727 1180 245 3778 3450 2099 1694 2034 2425 3148 1742
917630,3094 2997 4266 644 1915 4471 1753 2200 892 2793 317 4501 3099 1925 4975 188 3922 1964 4799
1641567,3574 1180 4558 2425 1596 4871 4727 4027 2099 4539
1183680,2565 1742 2123 3121 3675 4871 378 2625 1321 714 3969 1749 3985 1788
1933787,705 1825 4493 2921 1535 3333 1464 2344 1430
1536809,112 2831 245 2034 1493 900 4357 4317 3197 151 4987 1321 4053 297 4021 420 895 3524 4867 1354 3782 2099 4450 1042
964854,3136 3651 4727 930 3450 2837 3776 1628 3587 3146 24 2340 4587 4624 3478 2025 867 4302 424 368
2255844,3675 2439 2789 1133 3121 62 4857 684 3773 3009 315 4292 4585 1095 1781 3371 4106 352 378 3979 708 1248 3894 1388 3651 3489 3111 3813
2269421,4292 1133 3062 3675 1164 1781 4554 4757 431 1095 4585 62 2196 866 3371 3651 1973 1035 1214 4850 3121 3894 315 683 2439 430 2278 4183 3773 4758 2033 684 4880 4857 424
2813050,245 4357 2921 112 2034 4987 1540 3197 1694 2992 4565 895 4053 1493
3360880,268 1321 1701 3062 787 900 2418 875 4494 4317 2138 1337 361 4541 1450 3242 3478 368 2921 3675 112 4987
2391560,245 4357 3197 4179 112 4221 151 2034 900 4987 3116 962 2992 1493 2831 4889 2188 193 4116 4867 3778 4565 4269 3036 4317 1990 4587
3556523,3867 924 4539 2029 1701 3198 1307 4541 112 1501 4053 3478 2831 532 3823 3782 4027 2099 4494 786 2442 2728 55 630
3255450,3136 4727 930 3651 2728 2340 2659 2837 3478 4541 4558 2298 2025
3881093,4541 2728 3478 4727 112 368 4027 1180 3136 900 4558
3631866,3951 1990 3109 4179 2992 4964 245 4587 3778 193 1544 2431 4221 802 450 3036 2053 3466
2016885,3675 2087 4624 3651 1133 3009 4292 3062 3371 4554 3121 2196 4289 1388 3146 4585 3773 431 4183 866 4471 1450
3593078,4611 4964 3951 3116 4471 1474 1990 4179 2431 3185 1516 4320 1798 4510 3778 4221 470 2095 2502 1322 450 2853 3197 193 3300 714 245 1430 1992 4867 1568 2660 398 4852 3969 582 4587 1694 916 2034 4987 3383
2445907,3283 1469 4539 924 2029 709 4541 268 1307 1325 4053 3198 3867 3131 3431 3782 1475 875 3666 3823 4416 2099 4571 2831 367 1293
2898072,4357 245 900 2831 112 4987 1321 4221 3969 2328 2583 2992 4179 4867 151 2188 4850 4471 4317 3036 4889 2594 1337 895 3814 3197 3062 1701
588980,4493 4871 2267 4727 2921 1990 3574 1167 1628 4478 3916
873182,4292 3062 4585 3675 4554 2586 177 1450 3946 3277 2565 1321 62 1133 3814 4850 4302 571 3371 1788 966 344 3969 4758 1388 3478 900 1173 875 424 3773 4624 2196 751 763 3146 3121 4424 2936 430 2297 368 420 4142 3651 378 2328 4029 1276 59 347 3990 3489 4113 982 2008 248 3476 866 4317
3224461,424 2340 4727 3946 3136 900 2297 3554 3062 3587 3478 3561 930 347
1487918,2921 532 3917 4027 3085 1694 2728 3867 2099 2831 2407 3495 268 4732 4494 1493 4539
2500245,4558 4727 3916 4587 3148 2034 4027 1015 4168 1356 3951 1694 245 2340 4964 3499 4385 305 3136 44 387 3450
1140906,424 763 685 305 347 3843 2278 1072 1633 3476 4390
1427399,1544 2382 3440 4441 1990 1464 1430 285 2053 2685 3490 2992 3865
374480,2831 112 900 2034 1321 245 420 4317 895 4357 1493 4987 4021 3198 4053 2921 268 1307
1505530,245 4871 1990 3778 2921 3109 4168 2034 4587 3925 3951 2992 4179 193 4964 1596 450 1694 1015 3916 3197 2146 4221 1568
309818,3951 4587 4964 3916 245 2034 4168 387 1990 4179 3116 4471 582 3197 4221 1015 450 1694
746939,2831 1307 112 2668 151 2029 3782 4021 245 4317 3198 420 3524 4160 4938 2099 4450
1200635,1321 895 4494 2583 2921 4317 1701 3242 3969 361 1307 4357 2445 900 1430 112
478884,1596 3293 3867 268 361 1701 2921 1742 2099 3085 4225 4027 630 1337 3198 1191 245 4053 4541 2831 1628 3242 3925 3478 151 3386 1180 787 3235 3574 3431 786
2301307,3276 2728 4554 3146 2278 2087 709 2837 431 3651 1133 4558 866 3009
1809919,3574 4558 4727 302 4027 1180 2728 4871 1596 2340 3450 44
1302767,4357 245 2034 1321 4471 2583 4987 4317 4179 2831 3116 4221 3197 4318 112 3925 2921 4587 1430 4964 2188 962 1446 3778
1400291,4317 4021 1321 2831 420 2320 4131 2583 4987 1493 2921 1788 112 2034 4450 245 3198 3925 3782 900
3293583,1307 2921 1337 1321 1701 4317 268 361 895 4021 787 4494 2418
1029163,2034 900 245 112 2831 1321 4357 3197 4987 1990 4587 2583 3778
2246486,245 4357 3116 4179 2034 4221 112 3197 2992 4987 962 582 4964 900 3778 1798 4269 4471 4587 2188 151 1990 3036 4565 2831 4889 3109
1554640,4027 3917 55 151 2099 245 4541 2831 112 630 2728 1694 268 4539 3197 532 1493 2034 4164 109 1337 4179 4811 4053 4587 1844 4664 1990 662 193 315 3778 1395 3386 1572 1596 900 2992 3036 4317 2029 829 1701 3925
2332506,900 245 2992 1321 2831 112 4021 4317 2921 4357 2034 2583 4987 2320
2616744,4520 2728 1757 4404 4027 2340 4558 4791 2425 4 1742 1395 1596 1152 2746 2732 4587 1167 2837 4447 4964 1015 2921 3916 3917 245 4298 3148 3136 3386 2146 3137 1142 4541
2831539,972 1777 3632 1133 1534 4334 998 3111 1781 3121 3702 3894 1248 4850 763 4666 4613 3675 414 982 4292 4029 4624 4216 3009 4142 352 4373 4577 3773 547 4903 1886 1254 4585 62 1388 648 1994 3833 454 347 1888 2525 708 76 4698 237 4113 2919 1095 431 752 2087 2215 263 1633
1425467,4471 4587 4964 4179 3116 1990 3951 4221 4867 2034 245 3916 1015 582 3197 2188 109 3136 1694 2431 387
782116,424 3062 3946 3136 3587 4292 1099 930 2297 3554 2586 3502 1321 900 4758 4302 3813 571
1827957,112 4357 900 245 895 4987 1321 2034 2831 3642 2992 962 1493 1354
1123211,245 4357 2992 112 4179 3197 4221 4987 151 900 2034 4565 3116 3778 1990 4116 4317 3642 2831
2725753,2728 4558 4587 4727 2340 3148 3499 1252
3629350,4292 4554 3675 4624 3062 4850 1133 900 424 3946 4585 4903 3773 3489 2196 62 3146 3371 1450 867 3478 4142 4302 3277
1281128,4357 4179 1337 245 4867 151 1701 2992 4053 112 3116 4221 4317 109 3197 3036 2095 4987 2950 1990 4964 2831 2863 2034 3951 4494 3242 297 2188 3969 361 3109 4587 4285 3524
1506929,424 4554 4292 2501 1133 4850 2402 866 4624 24 982 3946 3062 3675 1928 3561 2087 4302 3489 763 4000 315 3478 3121
1980382,1562 194 2728 247 630 3696 112 1701 532
1985007,424 3062 3813 3946 4850 3136 1099 2297 3587 900 4727 2340
931941,1628 4727 3450 4587 4558 3499 3651 3136 2240 4458 4302 2837 3776 1366 994 3146 648 930 3277
2303811,2439 4907 2789 566 578 4380 3675 1510 1399 1928 3450 684 2049 1133 2508 2537 3010 3129 970 3371
595953,2793 3276 4972 4857 1718 2466 4869 1095 2528 1839 4426 4807 3102 4636 3094 1657 1909 792 4025
3425362,4587 4964 3499 4791 1694 245 3951 4727 4558 2034 3916 1015 2340 1990
2250918,2053 2382 1544 285 2992 1990 4388 4441 2685 2600
470905,4987 4357 3116 245 197 2992 4221 4179 3197 3969 2034 1897 4565 4116 3875 4889 1430
1536969,245 4587 4791 1694 1015 2034 1757 3951 4964 3499 714 4558 4221
1244486,1544 2382 4779 3865 2053 1990 4674 1440 4441
2389135,2921 3666 3085 268 3478 2445 4541 3242 875 930 3936 2008 3131 1533
3864829,4727 3148 4558 4027 44 4587 2340 2034 4871 3499 2728 1356 3916
1160896,4624 431 2087 4554 1133 3062 3675 4292 1388 3146 3651
3515168,245 4587 1742 2099 1596 112 4027 3036 3918 1990 3109 1844 4357 4664 2034 3778 2992 4116 2831 3925 4179
3095973,424 4727 3136 930 3587 3946 866 24 3561 2025 3478 2340
3685594,4471 1990 2034 2431 4587 3951 2583 3675 2733 1321 245 4964 4385 487 1446 4318 1252 1430 4987 701 3136 3778 3466 1788 4867 3197 387
189246,1321 4021 2583 2320 3925 4317 4318 2921 4450 1307 1337 3782 4116 4987 245
90389,4382 1339 588 2108 705 2608
1834136,268 4541 112 3478 3867 900 2728 2831
3574038,2831 1493 420 4317 3782 112 2921 268 2034 895 4987 245 900 4053 3198 1307 3925 2099 1990 4116 1321
769026,4587 1356 3951 3916 4871 4168 44 802 4558 3499 4221 3109 4727 4027 2034 245 3778 4964 4179 2746 3574 1990 1694 1015 3148 450 387 4390 2146
3105879,2831 3131 420 1493 4317 3198 268 1307 2029 112 4053 3524 2320 2034 3925 3867 1337 4987 245 4450 3782 2599 2099 2008 4021 151 4938 4027 3197 4285 3235 3406 1990 1321
166591,424 4727 2340 900 3478 3561 2728 3587
1736842,4471 245 1990 2034 2583 3197 3778 4964 2431 3951 4587 4987 3925 1430 4221 4318
992678,4317 1493 2831 3782 3867 3524 2029 3198 268 4053 3131 2099 223 2599 420 3707 924 2034 4987 1337 4450 112 245 3495 3235 2668 4736 1042 4027 3925 4938 4847 1307 151 297 4565 4131 3917 3197 1990
2244375,4541 3478 2831 112 2029 268 786 3131 1307 3085 3867 4027 4317 2099 1501 4053
392583,3062 1321 4292 3946 1450 3502 3136 4471 4758 900 3675 352 2586 3277 4850 875 2432 368 1099 3969 424 4585
2860070,4624 4292 3146 2087 3675 3062 866 1388 431 1251 3651 1133 2196 867 424 3773
3186111,2260 3574 4871 4478 1628 1167
3579631,4558 4871 3574 4727 2260 4478 4168 3916 3499 4587 1356 3404 1167 2728
3121372,1544 1990 2992 2382 1131 2053 3865 285 4441 3440 3490 1464
3509450,2831 1493 3198 4317 3524 1337 2029 2668 3782 420 3131 2099 268 4053 3235 3867 2034 112 1307 2921 2599 4131 4938 4987 245 4021 223 151 1990
468691,4317 420 2831 1307 268 4987 1321 3131 112 3782 4021 4053 3198 1788 875
3341214,4632 2731 4474 2927 4639 2115 1296 2 1340 5008 1463 2058 4038 4820 4906 859 3038 2880
3081686,1493 112 2831 2099 3524 151 3198 2034 245 2029 4539 55 4027 3917 3197 3867 3495 4053 1694 1337 3131 662 829 3386 630 223 4317 268 1990 4450 3778 4285 4664 4164 922 4565 4541 2668 3782
65180,112 245 2831 2034 4357 4867 4987 3197 1493 2320 4317 3524 900 4021 3406 420 4450 151 4221 1321 1990 4053 4285 2583 962 4179 4587 136
132152,112 151 245 4357 1493 4021 2831 2992 1337 4116 2034 268 3198 4179 2029 3197 900 4987 4053 4317 4221 3036 3642 962 4285 1307 4867 2099 4938 4160 4565 4450 2668 3782
2120215,2992 4867 4357 2099 4131 245 151 4116 4179 3036 4053 1990 3197 3778 2921 4987 4221 1337 112 3983 900 895 962 3116 4664
3881244,3829 4550 4570 4964 2153 4855 1652 3020 449 3625 1854 470 4258 4783 523 4593 1838 4475 785 157 3388 4606 3995 4923 3951 1737 1694 450 4852 1674 4320 2207 1252 4579 2146 1349 3580 3778 4347 145 3861 706 5005 1142 2853 1151 4988 216 1322 1207 193 984 2349 4078 1083 2431 927 3260 1992 4011 4209 3011 3633 3249 1452 2122 2366
2982832,4053 4317 268 1701 3782 4987 3707 1337 1307 112 787 1042 420 2418 2831 4938 2029 3198 151 4116 297 2099 223 4494 2992 1493 4565 4021 3197 3642 895 900 361 3867 4131 2034 4357 4450 1191 2320
3301814,4727 4587 4027 2034 3916 3148 3951 1356 4558 44 2340 4871 387 302 245 4964 4168 1015 2728 1395 1990 3136 2746 3499
3364388,2728 3776 4727 709 4558 2837
749996,4727 4471 2034 4587 3136 368 3675 245 3951 387 4385 1990 4964 1252 4027 3916 4558 930 487 4318 3148
3533984,3062 3946 4292 875 4317 3136 3277 424 4736 1321 900 3675 2025 4987 4758 368 982 112 223 4357 1450 3502 430 2983 930 4302
3339009,245 4587 2367 4926 4357 1404 4987 1430 3136 1321 4471 2604 2583 1710 112 1216 2034 2992 930 4964
2835863,4624 1133 2087 424 4554 4292 3675 4850 3651 3009 866 3062 2196 763 4585 2340 4302 3121 347
3211400,4587 2728 2340 4727 245 3136 4558 1694 1404 4541 1757 2425 1015 2956 3148 4791
799613,1321 3946 4292 3062 982 1450 3136 2586 2297 4758 900 1788 3969 3277 368 3772 3502 3675 177 4302 4850 3554 4471 875
2603559,4763 3675 3833 4029 4200 982 875 4585 866 140 4850 571 3773 4292 3265 3121 684 4207 3277 4424 430 3258 3371 3119 424 1164 2870 3587 62 4110 1214 3651 3731 2745 315 2332 4106 347 4317 2978 109 3009 352 420 1446 378 3851
1334780,4554 424 2087 4624 2340 3009 3651 1133 866 2278 4727 4850 3675 4292 1005 2196 305 867
2181883,1990 3675 4471 2431 1742 4303 259 2814 3925 450 2095 3471 1252 2583 3778 3197 315 1208
1663128,2992 736 3115 3107 3235 2515 2921 4987 3242 895 245 4357 3642 3001 3431 4973 40 1226 4998 2030 1629 4910 297 3969 1337 4053 1403 3739 4565
2860271,2921 1540 630 2328 245 1701 3917 4587
1369751,2728 2424 2425 4027 4539 3574 179 1180 3283 4558 2921 4541 1596 3917 2099 3478 786 3495 4727
157100,424 4727 1928 3667 930 368 4292 430 3776 4554 24 2501 4029 1035 3148 3163 3478 816 3420 2340 4302 3675 3146 1973 2433 420 669 3587 1321 573 751 3843 109 1276 900 4000 865 3211 3062 1761 2506 305 1099 982 1725 2745 4289 4317
84405,2831 3524 151 245 4317 3197 2029 3198 2099 662 420 112 4053 4539 2034 3867 3782 223 1694 1990 4027 3386 4160 1307 3925 4450 924 4565 4179 2320 582 829 55 1337 3707 2668
1806487,4494 361 2008 3917 381 4027 2728 2837 2921 875 3386 2831 2814 4541 4317 3524 1701 532 2599 2211 268 4053 1493 1475 430 3146 4496 3478 112 245 4450 4029 3495 3085 3864 4207 3666 571 930 870 4711 1059 4736 136 867 4732 2863
2682995,1230 2320 3925 900 3211 816 420 197 4317 3406 2034 895 3466 3683 4587 2423 3197 487 3951 1404 1321 4471 4357 2781 1990 136 2185 1276 112 2831 2583 4926 3778
2527729,2980 1035 2919 3355 2431 3702 684 918 2153 4471 1120 4862 3683 309 1072 4988 752 487 1474 4587 4900 1990 2320 1170 2526 1154 414 3145 2508 2215 1652 3452 967 2034 4926 1268 3580 245 1630 3119 3466 1816 4475 4136 1574
3140052,4471 1990 450 2431 4964 3951 1568 3675 4318 4385 3471 2095 2034 2697 4587 4276 3863 2583 245 3925 1430 259 4889 3371 4841 3020 2137 1322 3778 193 778 2894 4867 4221 1694
3136485,4964 3951 3916 4587 4168 2034 582 245 4179 387 4221 3116 1694 1990 3109 4471 4320 1798 1015 3499 2746 3197 109 1356 450 3778 2146 4390 4727 4027 2733 3675
501822,112 900 4357 4269 895 3642 2992
3128685,3877 4382 2108 588 116 705 1028
1403417,245 4317 4987 900 1321 2831 112 2034 3925 268 3197 1788 1990 2583 4471 2320 4357 3198
2636879,112 2034 245 3778 1493 3198 4021 2831 2099 3197 1337 1990 2029 151 2668 4131 3524 900 4053 4317 4450 4987 4357 2992 962 2921 4587 4116 3951 4285 4867
1005584,2921 2831 3085 4494 268 2008 361 245 3683 2445 4027 420 112 1844
1156407,4871 1742 4791 1990 3300 4964 2600 2146 2660 994 4221 3916 3681 1727 2502 245 3275 450 2261 2625 2260 1015 2565
3282099,4727 3148 4587 3136 2340 4558 3499 4168 1404 1015 305 368 930 3776 3478 3916 245 3450 2034 3651 4027 424
3420930,2921 3085 2445 3242 112 1533 4494 895 245 268 2099 1694 2034 361
418311,1544 2382 1990 2053 2992 2685 285 2600 3440
3136960,4964 3916 4791 1015 3951 1516 3185 4347 216 4320 1694 3499 4587 4611 4179 1990 2660 449 3778 714 463 2351 470
1597816,1130 438 4010 2995 1198 4007 1273 3266 472 4840 4209 3610 3505 4216 1133 3497 2349 4458 2128 738 176 848 4577 1974 3277 3318 3111 3271 3415 1252 3079
2737295,112 4357 245 2034 2831 3197 4987 1493 4317 4867 582 4053 4221 3524 151 297 4179 136 900 2320 4587 420 4450 1321 109 4021 1694 4964 4736 1990
2801531,4317 420 1493 2831 3131 3198 223 3782 924 3867 3524 4131 2599 2029 4987 268 1612 3235 2099 4053 3707 2034 3925 4207 1337 1325 4021 1990 2668 4450 1042 1307 3778 4027 2719 3107 3917 3047 1475 829 4938 3197 3386 3431 297 662 4736 4539 245 3495
832048,4727 4558 3148 4587 4871 3136 2340 4027 3450 2034 3916 3778 3574 4168 930 245 2659 1356 4221 4390 3499 3651 44 1015
579641,900 4302 3587 24 112 4317 3478 2831 930 3651 2340 1742 368 3062 1414 4727 571 3136 424 237 4357 4587 223 1701 4471 4053 3946 4850 2025 245 875 1844
2424452,420 2831 4317 1321 3478 112 1307 3131 900 875
1452845,4317 875 4736 3062 1321 2025 4987 3131 3675 2008 3277 420 223 1788 3136 3946 930 368 1042 895 787 3478 4292 424 3707 268 900 136 1337 4494
1583756,2487 4306
1631971,4964 3951 4320 1990 3916 450 4587 2034 3778 1111 4221 245 4168 2894 4471 3499 1694 1015 487 387 2188 3650 2137 3675 4179 1356 4385
3771894,1990 4871 3778 245 3951 1596 3925 2034 4587 462 4027 3574 2583 4964 2146 3916 3109 4168 4179 3036
1575322,1321 420 4317 2831 900 1788 895 112 1042 4021 1493 2206 3406 4987 2583
1576056,496 1133 2439 3675 684 3253 454 4857 2919 3265 1254 4767 1480 323 3894 2278 1814 2978 3121 918 4862 4216 4585 1095 3009 1324 3371 685 3673 2528 3111 1781 3210 62 3813 2793 4636 4471 4985 4930 866 3773 4972
3115035,112 245 4357 2099 4053 4664 3197 2992 55 151 2034 2831 1501 4539 1493 630 4179 3524 4587 4565 532 900 4027 4221 1990 3495 2728 4160 3198 4987 1694
2315443,1742 4871 2565 2600 1990 3002 3778 1757
66330,4317 900 2831 268 245 1321 3925 2034 2921 112 4987 3198 2099 3478 1788 895
977530,4313 5005 1364 4964 4876 358 2202 2644 3829 1252 362 1879 754 2754 4672 4570 1536 64 1587 984 1974 1968 4354 493 3183 817
3557494,1321 3081 3969 4292 1788 4758 3136 3062 3946 2432 344 3675 4987 875 1450 177 4926 4357
2770706,4587 4964 2034 3951 245 3916 387 4471 487 4027 1990 3197 1694 1015 3466 4727 4385 4179 4168 2733 3148 1395 3925 4390 4221 450 2146 2340 3675 582
341801,3675 1133 1781 3121 62 3009 3371 4857 1388 4292 2196 3062 4585 2439 3651 866 1095 76 4554 3773 378 3111 4183 1973 431 1164 3489 1214 315 4289
1817304,2034 1990 4964 3951 3778 450 4471 4385 4587 3197 245 4320 2188 387 1694 3675 3916 487 4987 2733 3925 2894 1015 3136 829 1356 2137 582 778 2583 4221 1446
2854028,2034 3951 4385 1990 4727 4027 4587 3925 245 4964 3675 1356 3916 4471 462 4558 3136 450 2583 387 2431 3466 4318
1029347,4727 3574 3450 302 2728 930 4558 4871 3136 3478 2298 1180 3651 4541 24 424 3776
94738,4558 4727 1757 4587 3499 3136 4791 2340 3916 1015 4404 1694 2956 3148 2351
1644222,1364 2644 2658 362 3485 1536 4354 1968 358 4964
1657356,245 3116 4357 4987 197 4221 4179 2034 3875 2992 3969 3197 1430 4565 3042
1716340,245 112 2034 4357 2831 4027 4179 4587 3495 4727 2099 900 3478 4221 4053 4116 4987 1844 2992 786
239885,245 802 4587 1694 4221 2034 1990 1356 3951 193 450 4871 3466 3109 3778 1544 3916 3925 4179 44 4027 2146 4168 3197 4964 1167
3015355,4541 2921 268 3085 3431 3478 3131 3146 2008 875 3136 3666 1307 4494
106179,1544 1990 2992 802 2382 2053 4179 2685 285 2921 1430 3036 3490
3536969,245 4357 3116 4179 4221 4987 2034 526 112
3313797,4334 1824 1867 972 3514 4013 2332 1133 2439 3013 684 578 4972 3833 3675 4857 496 3121 1532 3813 4292 2919 4896 1895 795 4907 3673 4778 685 3111 3450 3773 3843 3265 62 709 2868 4458 4585 3010 2278 866 454 1170 4142 2262 357 3894 566 1273 4755 248 515 4874 1095 918 2681 4641 352 1254 4380 431
875482,112 245 2099 2034 2831 4053 4116 4357 3867 3197 900 3778 3198 1990 2029 3918 4027 3495 4317 4587 4987 3036 3925 4664 44 1501 2992 4565 499 3524 3782
3326641,424 4727 2340 24 3776 930 866 3587 3561 2501
817823,1224 4266 4985 1827 4216 3079 4972 2793 3233 3094 1909 1198 221 4471 1668
2277413,4554 709 2087 4727 305 1928 2033 3651 431 424 2278 2501 4292 866 3146 4558 3062 2196 3675 2340 486
2459416,2831 4317 112 900 245 151 4357 223 4847 420 2034 3782 3036 4987 4565 2099 1990 2599 3925 3197 1307 4221 2320
630613,2728 709 2837 3146 4558 3136
2347811,2831 112 245 151 2328 4357 900 1701 4317 1337 4987 4867 3036 109 4053 1844 4221 268 361 1321 2992 2583 420 2034 1493 4494 3197 1990 4285 1446 2599 3917 1572 3969 4179 2099 3524 2320 4496 3925
146483,2728 2425 4558 3696
243336,4317 875 3062 1321 4987 787 3675 1337 895 268 2921 900 3707 4053 4736 1042 3946 4938 223 2008 4494 3242 1450 1701 1788 4357 420
3684956,4539 1293 2029 3283 2728 4541 1469 4558
3018021,2501 4554 4727 424 709 4292 1928 305 2087 2278 248 2033 3776 3651 24 866 930
2433201,4554 4624 4292 424 1133 3478 2087 3675 4850 3146 866 3651 966 3062 2278 571 900 3946 867 4302 2196 2340
313502,1234 2108 4382 2344
2215397,112 2034 2831 245 900 4027 2728 1493 2099 4587 268 4357 4317 3867 3198 2029 1321 3925 3478 3495 3197 3951
3816541,268 112 3478 900 1321 4494 875 3867 930 895 3675 2831 4541 2728 1701 4053
460407,2034 3951 4587 3916 1356 245 4027 4964 4727 3148 1015 1990 44 1694 3197 3778 4168 4871 387 1395 4558 3466 3499 112 4179 2340 900 3109 4385 4221
2204213,578 1928 566 3843 3450 1399 2439 4874 4106 2509 1532 709 4380 2402 2725 4955 4289 3010 1543 1510 4857 1559 3931
2953285,1234 2108 4382 3774
3190210,1782 2439 4216 1781 1480 4907 2789 406 432 4583 4972 684 1133 3675 4380 578 566 3371 3928 1095 2508 1814 3979 3010 3009 2651
2424936,424 3946 2340 900 3813 3136 2297 3062 4727 3587 3554 4850 368 1099 4302 4471 3478 571
3315199,4727 4558 3148 4587 2340 3916 2728 1356 4027 1015 2034 3951 3574 245 4168 2659 302 4871 3386 3675 305
459241,1596 2425 1742 4027 2099 4558 1180 4541 786 1844 245 112 4225 3574 2728 4727 3478 3386 3085 3137 4871 55 2298
1394997,4357 112 4987 245 1321 900 2831 4317 895 2034 4867 2583 962 420 3197 2992 2320 4021 3406 526
229872,4587 4964 245 4987 4713 2034 3951 4357 3421 1430 1321 3875 3499 434 3002
1628865,1493 245 112 1540 624 2831 4494 4587 4357 2728 4053 3969 4317 420 3197 4987 1844 1694 4450 2034 4964 1701 3918 3136 109 3386 1321 1990 3639 1404 2921 847
2728120,4541 3478 268 112 900 24 930 2831 2728 3136 2099 2025 875 368 245 4317 4053 2837 1501 55 4727 424 3867 3651
2650163,4727 2034 4558 4587 3916 245 4871 4027 3148 4168 1356 3951 3136 3499 1990 1015 4964 44 2340
478650,2921 4541 2728 2008 3478 881 3936 3136 3666 2025 268 930
2252445,2921 112 2992 1701 2831 3085 2099 361 1742 268 4388 895 900 4541 4027
2505735,4471 4964 2431 4460 245 3778 684 1322 1321 4142 1990 3471 3969 3829 1788 3675 1252 4926 4790 4987 2146 4320
431347,2696 1430 2921 3243 3976 450 4471 2992 2644 2431 5002 1819
1215680,4388 1331 2053 2685 2921 2992
32149,847 895 2583 4867 3969 4987 1321 1337 4964 2095 2206 2565 1430 1026 4471 4926 4116 4357 197 3197 2431 2801 2992
3154747,2728 4027 3574 4558 2425 4727 1180 2424 1596 4871 3917
836316,424 930 3587 3136 3946 3277 3062 4758 4302 875 3478 4292 2501 368 4727 2025 347 3494 3651 648 24
2623297,431 305 2033 1095 2439 3062 4554 3675 2087 1928 4758 4727 1133 2196 4289 4183 2278 3371
3345926,4727 302 4558 3574 3148 2340 3450 930 3404 2728 24 4871 3136 2659 4168 4027 4587 709
1535484,2992 2685 2921 2053 1990 285 1430 1544 2382
2098785,4554 3675 4292 3062 1133 3371 4289 4624 3121 4758 378 2196 62 1450 1321 3651 3969 3277 59 1388 3773 2087 4183 4113
2563875,4317 420 3131 2831 4053 1307 136 2921 1337 3242 112 4494 2668 895 1493 2008 1059 3235 3782 3198 3524 268 3707 4987 4021 4938 4131 1701 3867 2029 787
2548375,3776 2501 424 4727 24 2728 930 3478 4000 2340 2837 4554 4558 2278 866 1928 709 3443 2087 2025 3146
999485,4727 930 431 824 2061 24 424 3776 3843 237 709 4201 4292 2766 2087 4558 3450 4641 1133 2278
562743,2921 268 875 1321 2025 930 4494 3478 1788 3136
2272933,3478 2025 3136 2728 930 875 4494 112 2921 2837 1321 3651 4292 430 4541 2659 571
3525695,1742 2565 3675 3136 3121 378 1321 2780 3969 4871 3651 1450 3778 3946 3985 2123 2659 714 1788 1015 4758 2078
778798,4587 4727 2034 245 3148 4027 3951 3778 3916 1990 4964 44 1694 4871 4558 4168 1356 2340 3499 1015 4221 175 3197 2746
273691,4357 245 3116 4179 112 3197 2034 4987 4269 962 4021 4221 197 2992 2831 4471 3642 1307 151 2583
2602197,24 2506 3420 424 248 4029 3776 982 430 1636 4850 3587 3021 930 2899 324 2905 4302 4489 4424 3433 2224 209 3277 2501 3163 781 368 3851 1099 1473 518 3843 3946 763 4207 4194 1725 910 2969 2798 4979 1928 3619 4980 4648 4292 4586 4180 3478 2025 315 124 4431 4000 2402 4130 1960 4377 2745 573 721 3833 4926 3075 4560 471 4373 4341 1761 4613 843 800 1414 2548 2433 3494 1279 109
3488727,4587 3916 4727 3148 4027 44 4558 2746 4168 1356 3951 2034 2340 4964 1015 4390 245 1694 387 3499 4221 4871
2488003,2921 4388 3235
636917,4964 3951 4385 2733 4587 2034 3916 1694 4471 1990 1015 3136 245 2431 4168 387 487 3675 450 582 2146 1356 3466 3499 4320 1252 2137 3371 701 1446
2830006,1544 2382 4306 4441 3865 3490 2053 1131 3440
437182,2864 1387 644 3094 2994 4762 4681 3834 1695 1580 4471 2003
1236453,4303 2095 3675 3197 3925 4471 1990 2814 1742 2431 4987 245 315 2320 4394 450 2034 2583 259 4964 4867 2582 193 4179 4221 1252
3539382,1133 62 4857 3675 2439 3009 315 3371 1095 4585 4554 3121 4289 4380 3489 4471 1388 431 4292 684 3111 1781
2828510,4541 3478 4736 900 268 2025 424 112 930 4317 875 4987 1414 3136 24 2837 1321 368 4053
3024787,2431 3571 3101 2153 1172 4855 253 487 4471 1576 3995 2721 951 3948 3519 2451 4964 193 4179 449 3925 2611 4926 4162 1694 2034 4019 2320 2992 1149 3344 73 1252 3793 3383 1574 3020 3810 4984 2853 1635 2895 1320 4221 3313 1430 2583 2595 4475 245 3969 3466 167 3197
2624641,4727 3916 4168 4558 4587 2034 3951 3499 245 4964 4871 3148 302 1015 4478 3386 2340
3742783,2831 1493 4317 4027 268 3131 420 2034 223 245 3867 3495 3198 2599 3524 2099 3478 55 3386 4053 2728 4541 1990 2029 3925 786 112 4987 3782 3917 924 1337 3197 829 151 4450 2921 900 1042 3918
1888330,413 3471 1931 2242 4460 3615 4471 1095 538 1974 2588 3843 3829 1580 1252 1788 1133
101919,4558 4727 3148 2340 302 4027 4587 2728 4168 3574 4871 3499 44 175 3916 1015 1356 3136 2034
1266559,709 2728 930 3136 2837 4235 2659 4727 3146 4955
3510982,4964 4179 3951 3116 450 1015 3778 4791 3300 4587 216 2146 245 1990 3383 3185 1516 582 4841 1430 1798 4889 4320 193 4852
2648872,424 4850 3062 3813 3946 2340 571 900 4727 1099 3651 3587 3561 3136 781 4471
1993072,4964 829 1142 2387 1184 1474 193 450 4320 3383 4988 1694 3197 2611 4471 2034 2431 3951 4221 2146 2595 2320 1662 4011 3186 874 3925 3466 4179 4987 1990 3778 4385 487 2095 2508 2111 276 216 1775 1951 582 470 1568 916 2657 321 3011 245 1322 109 315 3675 3265 3580 3279 2588 3829 3313 4852 4724
1019111,3951 2034 4027 4587 3916 245 4964 4727 4558 4168 1694 1990 3197 1167 1395 4385 2340 4471 387 3136 1015 3450 3148 487 3499 3466 2146 4390 3925
3703819,424 3813 4850 3136 3946 4471 3554 3062 900 2340 2297 1099 4302 4560 3651 368 4624 4585 347 1742 571 2586 982
1147030,2127 2049 2242 2202 4044 4602 2809 3094 4195 317 2003 4242 4704 4770 651 3921 2994 4683 1341 1695 1904 157 1068 3933 1559 4825 1411 1002 4411 1087 1743
181397,792 4958 4242 3427 5007 3877 1215 2108 1234 4857 4607 3564
345815,4554 1133 866 2278 424 4541 431 683 3651 974 4292 3316 1628 2728 2025 2837 2298
3426345,3468 566 4955 3883 2657 3045 490 1399 515 1248 43 842 4584 2534 1510 1268 3451 2900 4855 3121 2780 3062 3919 3985 3075 2439 4159 2868 2919 4526 1810 4106 3452 3675 3009 3013 4585 4383 172 1286 4896 2217 2137 3355 4879 2725 3946 2317 2357 1912 248 1585 3773 4264 1133 2626 709
162009,71 216 684 4964 3471 3829 1322 2611 259 3863 4790 4841 2146 829 3675 315 779 2697 2137 449 3308 1990 1252 4471 3383 4320 4385 1474 2431
937208,2921 1701 361 1337 1990 2992 268 3778 4053 3925 245 546 630 787 3036 2267 2328 1446 1321 151
2630456,1487 2773 963 3282 1559 4227 4366 2809 2945
2109189,3951 4587 245 4471 4964 2034 1990 3675 3916 3778 4385 450 4318 4168 2431 1252 3499
3778104,2034 3951 4587 387 3916 4964 4168 4471 4385 245 1990 1015 3466 487 3148 1694 4727 305 3136 3675 4318 2188 4027
1192288,4871 1596 3574 2104 4587 2732 4027 4558 1167 1742 245 1990 1628 4168 4727 3925 462 3951 3778 4390 2034 1694 2146 387 3916 4221 4478 4964 450
3109018,4382 1234 1471 2156 3427 441 2108 588 1448 4816
3453011,3951 4964 2034 4471 4385 4587 3916 245 387 4168 4318 1990 3675 4179 1252 3197 2188 3116 450 3466 1430 1015 4727
2253796,3121 2439 3675 3883 566 4855 2780 454 3985 4584 1268 4106 3773 490 515 955 2868 62 4289 3371 2697 2153 2919 3159 2900 1576 3009 1510 2853 1248 1810 4471 675 3355 2196 2508 3585 684 1577 2725 3062 378 1585 2317 4714 2137 1935 1898 1252 1635 4611 4264 3336 3793 3045 2150 1083 1574 2451 1388 4955 1133 2165 1567 4292
90942,4539 2029 4541 1293 3283 112 1501 3867 2728 3478 1469 2425 2099 4558
495196,245 2034 4471 3197 4357 900 4587 3778 112 2188 582 962 3116 4221 4318 1990 4867 1321 4179 3951 2431 4987 4889 1694 1446 4964
2944141,4441 3865 3490 1544 285 4306
3347193,4027 630 3917 2728 2099 245 4541 1694 1596 151 1844 3036 2992 2921 112 3386 532 4664 3197 2831 2746 4053 4587 268 44 1990 3925 315 1742 1701 2034 786 4539 4558 1493
3243267,1321 3136 4758 3675 1788 2328 1742 2921 330 4292 1026 3081
1595751,245 2034 3197 4987 4357 4565 4221 2992 3524 1694 3969 4053 4964 4179 197 193 112 4664 297 2831 3116 3707 3642 4116 4317 895 4051 2863 1493 151
314514,1990 2431 1430 3333 1825 2039 1535 4493 2685 2921 3951 2583 116 2188 705
2487973,4727 3148 4027 2728 4558 302 3574 3478 112 2099 2034 44 2425 3386 2340 4539 4587 1293 4541
2873488,2153 4611 2508 4855 4964 22 4471 566 450 1080 2431 3519 3675 3722 4876 3396 4984 1652 4988 1142 1898 4347 4570 3829 1304 2137 2697
328172,4471 2431 1990 3675 4587 450 3778 1430 4964 3951 1446 1321 2583 3136 4867 1252
2115766,4554 1133 431 3276 3675 866 2278 3651 3009 2837 2728 4292 1781 2087 3146 867
3743230,4317 1321 900 3062 4987 875 2831 112 223 1788 4357 4471 420 895 3782
2636944,588 2648 2108 1741 3877 1234 1873 4382 4359 4242
3802797,4471 3951 1252 2431 1446 1990 4964 3471 2814 2583 2039 1322 1417 2565 245 1587 3675 2488 4587 714 3011 4096 2188 2594 701 611 523 4867 3778 2984 1321 2502 2034 4987 1208 268
1842673,112 2831 2034 245 900 1493 4357 4987 1321 4317 3197 4021 3198 268 895
248512,3675 1133 1928 4292 3489 2087 3773 3514 424 3121 2402 4624 3009 4554 315 1248 685 4106 910 3062 62 4585 3371 1136 982 866 4850
3412150,4587 245 4964 4179 3951 4221 4791 1694 2034 4510 2065 624 4471 3116 109 4357 1015 3499 3300 3197 1252 1516 1324
2156495,424 2340 4727 3062 4850 3813 3946 3651
751851,3951 4471 2583 2034 4318 387 1321 245 4964 4385 4587 3197 1990 4357 112 2831 420 1430
30495,3062 424 982 4850 3946 2586 3277 4292 1099 430 781 900 2983 1321 571 875 4302 4736
1425151,4558 4871 3574 4727 1596 4027 1180 4168 1742 2425 4587 1628 2099 2104
215847,112 2992 245 2099 4357 4179 1493 2034 151 3109 2053 4269 4053 3197 1990 4664 900 2831
3386286,3085 2921 875 112 3782 361 4053 3478 1337 895 930 1701 268 4494 2831 4317
3918279,2644 3421 1482 1364 785 2202 4964 4313 4686 4942 3539 3692 2134 3579 64 1983 358 2957 2727 1974 3275 1587 4354 470
829938,1198 522 4216 1095 3233 4985 2022 2466 2793 1668 1341 1909 3196 874 3003 2725 4972 1162 3247 1480 1753 2127 1659
2524834,3136 3651 930 4727 24 3478 3776 2837 3587 4541 3146 2025 4302 1628 3450 2298 2340 368 709 1742
1033213,112 2831 268 1493 900 2034 3867 2099 245 3478 4027 3495 4053 2728 4541 3198 420 3782 4317 4987 2029 1990
2771159,4964 3951 4587 1694 1990 245 1015 2034 3466 3279 3499 4179 3778 450 3185 4320 3916 4791 4867 4871 3197
3684481,4027 4727 2034 4558 2728 3148 112 2099 4541 3386 3478 44 302 245 4587 2831 786 2425 900 1356 3951 4871 3136 3574
2398165,1544 3865 4441 285 2382 2685 3490 2053 2992 1990
2972837,2831 112 1493 2034 2099 4317 3198 900 245 268 3782 2029 3131 4053 1321 4021 1307 420 1042 4987 151 3524
3286893,2921 2445 3085 2728 4541 3136 3242 268 2328 2206
2929743,3675 3136 930 2565 2921 3478 1321 3969 3062 2025
5844,3062 875 1321 368 3946 2328 4317 3136 4585 3277 1450 3242 2921 2565 4292 4302 571 4494 1337 900 3478 3675 430 268 2008 4758 3502
3749283,4964 4791 3916 3185 4347 1015 3951 1516 216 1694 4320 3499 4611 4587 2660 1990 3778 4179 463 714 2431 470
1105589,4930 496 2919 1566 684 3675 1480 3253 323 918 2439 4216 4857 1133 3121 3265 1814 1324 2978 1254 3371 2528 2278 3894 2793 3111 4767 4862 4972 240 1095 4985 62 2882 1198 3210 4585 454 3450
165464,245 2728 1694 4541 4558 4871 4587 930 3136 4027 709 2099 2034
3141109,2831 4317 112 2921 1321 268 1307 245 3782 4357 2034 4021 420 4987 1337 4053 4116 4938 895 1493 3198 900
3572097,2034 4587 3951 3916 3148 4727 245 1356 1990 4027 4964 1015 1694 3466 44 3778 3197 387 4558 4168 1395 2340 487 3499 1404 4871 4221 4385 3925
2045315,3574 4871 4027 4558 4587 1596 3778 4727 245 44 3450 4168 4221 1180 3916 3148 2034 1694 4390 1356 1015 4964 1742 2425 1990 2340 4179 3917 2746 2146
1563506,2921 1742 268 151 4541 4558 2728 112 315 2831 1990 1596 116 3917 2992 4471 2425 900 1701 3951 2328
2730440,4554 424 4292 4727 3146 866 2278 1928 305 2837 2340 3675 2501 3651 709 3478 24 2087 4558 2033 368 2728 930 486
3653303,900 112 2831 245 2992 4357 2099 895 268 3782
3159177,3574 4727 4558 4871 3404 1180 1596 2425 302 2099
868629,4554 4624 4292 3675 1133 3062 4850 966 3651 4903 900 3478 4302 571 3946 424 4585 2196 1450 3489 62 3814 3146 3773 867 3371 3969 1388 751 2297 3561 2087 4029 2586 1173 430 347 177
2395259,2921 3875 245 3116 4357 4587 4987
745515,424 2501 3776 2728 4554 24 2340 709 4727 3146 4000 3478 2278 2837 4558 305 2087 3443
3815045,1493 2831 3131 268 3198 3867 4053 3524 3782 4317 2029 2099 2034 4541 112 245 3495 1307 3478 55 4987 4938 4027 2599 420 3386 223 1337 3431 924 1501
3457287,112 2831 900 245 2034 1493 4357 4317 2099 4053 3197 1321 3198 420 2992 4987 151 4021
2129867,1990 450 4964 3778 4471 259 2534 3951 3925 245 2034 3471 4318 4841 4385
2222987,4558 4727 709 2728 2837 3651 3146 305 2340
1052913,895 4317 1321 1337 2921 4987 268 3406 1701 2831 361 1307 4494 4116 420 4021 4357 2328 787 2583 900 2008 2320 4867
2661033,4607 1818 2852 2208 2238 2644 2344 1646 88 4415 4254 107
941387,875 2025 930 3478 2008 3136 3651 2921 571 268 787 430 3675 1321 4292 1173 3062 368 4494
389872,1133 3009 3675 4857 4624 1781 3651 315 4554 3371 3121 3489 62 431 1095 2439 2196 4585 1388 1005 2033 2278 76 2087 4289 305 4292
1335959,2921 4388 2992 2445 1430 1990 2685 2053
70174,4587 3916 4727 3951 2034 3136 4168 245 3499 1015 387 3148 1990 4964 4471 4385 2188 3675 3778 1404 714
3823514,4382 2156 4958 705 1234 588 2344 2648 4607 561 1517 2608 1689 1448 3967
2770319,4541 3136 24 930 3478 2728 4727 424 2837 2298 2025 268 3651 3776 900 368
1591811,3136 424 3554 3946 3651 368 3813 3587 4302 4850 4471 2297 2837 930 900 3062 3478
3344650,4611 3396 2153 1808 4855 2431 3033 116 2697 1731 3301 4289 1935 22 2137 450 1176 3675 2999 4984 4964 566 2508
2271919,1321 4317 3062 3946 3277 4292 4736 875 900 4758 420 1450 895 4987 3675 982 3136 424 4357 368 2025 2008 1788 4302
1374104,112 268 4541 3478 3867 2029 1307 2099 1321 2728 900 3136 1501
3366146,2813 1028 4999 677 3653 995 4958 1514 4168 219 1974 149 4242 1440 3475 4611 705 5007 529
692927,4554 866 424 2278 4727 2501 1133 431 2837 4292 930 305 3651 486 2340 2025 3146 2033 3478 24
2506020,1133 972 1534 3632 1777 998 3121 1781 3675 3111 1388 763 4850 3894 4334 4292 3702 4142 4216 4666 62 4624 4029 4903 1248 982 3009 3773 4585 547 76 1095 4613 4183 352 4113 966 708 1994 1254 4577 237 4315 2196 431 648 4373 2525 414 454
2359480,538 3709 3675 1964 2896 3471 1095 4471 2352 3079 1846 62 1388 1082 3121 2439 4216
3375705,2728 2424 2425 4558 4539 4727 4027 1596 1180 112 2099
2199529,245 900 112 4357 4987 2992 2034 2831 1990 1321 3036 962 197 2583 4116 1430 3642 3197
1416808,4587 2728 4558 4727 3136 2837 1694 930 3146 709 2659 4235 2340 245
3909383,1430 3951 1990 2583 2431 3036 962 4179 2095 3116 2992 4964 2921 2445 1321 4867 3892
1295472,2651 1814 4583 3675 4216 3453 2362 3979 432 1133 2439 4500 1095 62 4142 1388 4585 701 1781 2948 4972 1480 1782 1894 1324 3371 1964 4985 3615 4380 3121
971582,424 4554 4624 1133 4292 3062 4850 3675 3946 3773 4585 982 2196 62 4302 2402 2087 763 3121 1099 866 3489 315 2501
2435619,2728 4587 2340 4558 4727 1289 3148 1757
206284,245 112 4357 4179 900 3116 4221 4987 2034 4269 2992 151 3642 2831 4116 3036 3197 2188 962 2099
3846806,4871 3450 3574 4727 4558 3778 4587 4027 1628 1596 1742 245 4168 2034 44 368
3025009,424 2340 4727
1394815,2651 4583 3979 1095 701 1814 2095 1133 2362 1388 432 62 3675 4216 1324 4987 4471 2431 4142 2948 4585 2439 2352 3453 3371 4964 4500 1781
2161826,2992 2053 2382 1544 1990 285 2685
2605261,4061 1012 2929 1280 3480 4463 2576 3855 4721 4343
3333971,112 2831 900 2034 245 4317 2099 1321 420 3198 895 2921 2029 268 2992 4116 4053 1307
839771,4471 1990 3951 2034 4385 2431 3675 4587 4964 245 2733 1252 487 1446 4318 2583 778 1015 3136 3778 701 3916 3197 1694 450
3159057,1628 4871 1742 3651 4727 1596 867 3574 3136 4541 930 4558 3450 368 2298 3478 2025 3675 1180 4027 3404
135997,4857 2466 2793 4972 3276 4985 1909 3518 1095 3003 2710 3094 1108 792 4636 3632
1706114,4727 4871 4558 3574 4027 4587 2034 1596 4168 245 1167 3916
3062871,201 317 1382 4947 2997 1347 4875 4471 1925 3068 1431 394 3533 1282 385 1831 2458 4044 2661 4570 3903 4067 229 4678 2401 2878 3165 687 3816 3150 874 940 1030 4576 1915 1580 4393 4759 1955 2253 1686 3471 2202 1523 2205 4186 1082 1582 3384 3922 1627 3061 4216 2737
3737919,4558 3148 4587 2728 4027 4727 3951 2340 1356 3916 2034 245 2425 4168 1015 302 3574 3386 3917 2831 3499 2099 1990 3137 4390 4871 112 44 4964
1621659,2728 2425 4558 4539 2424 4541 4027 302 1293 3478
539372,3101 4964 4471 4583 2146 1244 216 4855 487 2611 193 4385 315 829 1252 109 253 684 1608 1474 2083 3810 2387 2431 1636 1694 3197 2697 4029 1349 2320 4790 2188 3946 3778 3829 3493 4142 449 4179 56 4319 4221 2034 3159 566 3163 1990 257 1336 4926 1652 2095 3925 3195 4660 3471 3793 4347 1538 4027 3406 387 1322 4686 3951 2733 4475
1208543,4727 709 4558 3499 2728 4447 2659 2260 3136 3776 4791 4587 2340
2484193,3675 4554 4292 1133 3062 4585 3121 3371 4850 1388 4624 4289 62 4106 3489 2402 3946 1450 3651 3146 2565 4142 2196
286951,424 866 4554 4727 24 2340 2501 305 3146 486 3675 2837 930 268 4292 709 2278 2033 112
2596247,2728 1293 4558 4727 3478 3776 24 302 2425 4027 4539 4541
2154513,268 3867 112 4053 2029 1307 1701 3085 3242 3782 1501 4494 3478 2831 787 4541 2099 3431 3235 3198
905315,112 900 245 2831 2034 2099 2992 3782 1493 895 4357 4116 4987 4317 2029 1990
35167,4583 2810 3983 3729 1781 2948 4216 2383 4585 2651 3267 361 4938 1095 3453 3979 1814 1894
3693980,2921 3085 895 2445 1533 3242 112
2398654,4311 3788 3211 3776 4727 3899 3667 3866 2193 302 3638 44 1473 4006 4139 2880 4027 1034 2728 3443 2704 967
3489843,112 2831 900 245 2034 1493 3478 2099 268 4027 3867 4357 1990 4053 3198 2992 3782 3495
2043475,112 245 2034 2831 1493 900 2099 1694 4357 4587 2029 4027 4541 3197 4053 4727 4539
989804,4541 2728 3478 2425 4558 4539 2837 4727 1293 112 3136 2424 930 2099 3574
3139539,424 3946 3062 982 866 3136 4850 4292 3813 1099 3651 4302 3478 3587 2586 900 3554 930 781 24 571 4727 2297
1956242,1133 3009 3651 2087 4554 3675 2340 431 2728 2278 709 2837 867 4624 3146 2033 2528 3371 866 4727 4292 4471 3276 305
1097238,875 2025 3136 1788 3587 571 3651 1321 368 3478 4987 245 112 930 430 3163 424
2155453,1636 24 424 4850 3946 3021 3678 781 3619 930 324 4029 3420 430 2905 4000 4377 3776 248 2506 1099 573 4423 368 982 4489 1928 2899 3843 4471 900 1960 3119 1725 3702 4648 751 3062 4302 471 4292 3433 2880 4926 4194
1703176,2439 3675 4857 1133 3009 62 315 3371 3121 1388 3773 4585 4289 1781 1095 684 3489 3111 1254 4554 4292 3062 4106 2789 2196 4380 3894 4471 76 2402
750825,112 1307 1354 900 895 4357 3198 268 1321 1701 3642 4938 151 4116 2992 4021 2030 2831 4053 4987
2814529,4382 2108 588 1741 1339
2750630,1293 4539 4558 2425 2728 1180 3574 3283 302 4541 1469
1762546,2728 4027 2831 3478 4541 4539 112 245 786 3495 2424 2425 1180 55 2099 2034 179 3574 2029 3867 3283 3917 532 1493 4558 1596
3869814,2487 2382 1544 4441 3865 3440 4306
2347401,930 3651 4871 2659 1742 4587 4027 2025 3136 1596 245 4558 1694
2186413,1535 1464 4493 1247 2431 2344 705 1825 4382 3951 1417 3333 962 2685
2433181,4292 3675 4554 1133 4624 3062 4850 4585 3773 900 3489 62 4142 4903 424 3946 2196 3371 1388 1450 3146 3121 867 3277 751
712877,2798 3468 2626 1601 800 414 3021 2224 2657 24 3057 2592 3420 3776 2061 4321 1811 2548 2899 3685 5013 4027 4431 2192 3850 1260 4906 930 2455 1034 424 3840 982 4245 1960 135 430 4817 3075 1862 4424 4373 1257 3914 3843 4822 472 4435 3119 129 1066 1405 1199 324 1861 2755 2506 368 2728 4586 380 4548 1180 4178 1001 2969 2101 4302 4641 3946 3494 4194 3090
618390,2123 2625 2565 1749 4871 1742 2531
3556459,2681 578 1928 1399 566 2439 3450 4874 2049 709 3129 970 1532 934 3675 3010 4573 3308 4197 4857 3829 684 1510 4289 1254 4907 4611 2789 2332 4955 4106 4380 4879 2402 674
291214,4727 4558 4168 305 3916 4587 3136 116 4871 3450 3499 1167 1015 3951 2034 4471 4964 4641 1694 1404
18238,424 866 2278 2087 2501 2033 4727 4292 4554 431 1133 305 4000 3651 486
1692440,3951 2034 4587 4964 387 245 4471 1694 3197 4027 2583 4385 4168 1990 1321 112 3466 4357
3528511,4357 4867 245 2583 112 1321 2831 1337 895 4021 2431 4987 2992 4889 2921 4179 2320 151 962 3036 4471 3969 2328 4221 4116 4317 3116 2095
3428543,4871 4558 3574 4727 2260 4168 4478 1628 1596
190032,4964 582 3951 4179 2095 3197 1209 3116 193 1990 1694 3916 4587 829 245 2034 4867 450 4221 3863 1798 4627 3778 4320 315 2146 109 1015 3109 3466 4168 4471 71 4570 2431 259 2746 3471 4841
2732096,644 2022 4875 522 3481 3965 2214 1753 4242 1387 1915 1138 2281 4471 3302 1224 1668 3233
563716,4871 4493 1990 3916 450 1131 4727
1472710,829 3197 3524 151 1493 2034 245 2831 223 3917 2099 1990 3778 582 1694 1337 315 109 4027 112 4450 4317 662 4964 4221 1395 271 3198 4021 4285 2029 4539 4131 3386 4179 2599 4053 193 3925 4987 3118 3707 3951 2668 55 4164 3131 4565 268 3916 4587 420 3918 3867 2188
755392,4587 4964 3916 3951 2034 1015 387 582 4168 1694 4320 4179 245 487 2746 1990 1356 4390 3778 3197 4027 2340 3148 3675 1395 4385 4221 4727 450 3116 2188 4471 2733 109 3109 2146 3136 3466 3499 4558 2137
3896937,4727 4554 2501 305 24 2278 424 866 2340 930 3776 3478 2837 3146 486 1928 2956 3148 4558 2433
1728975,112 2831 900 1321 4021 245 4987 1493 895 4317 4357 2034 420 3198 2992 2921 4116 268 1307 3782 2099
3563212,2813 3653 677 219 4168 3523 1974 4611 1707 529 4958 4964 4242 4735 4999 1925 1587 3300 1028 3471 805 3082 3475 2651 2644 4022 4034 2896 2202 149 538 995 839 4834 4739
2043179,4317 3163 420 2206 1701 2599 1321 112 2921 3782 1337 3085 895 4053 2831 3242 1493 361 4494 268 245 4987 1059
3618419,3478 875 2008 2921 4541 2025 3651 930 3085 268 787 818 3136
3423207,4292 3675 1133 3062 3121 2402 4624 4554 3773 982 4106 1928 3489 4585 424 62 910 1248 378 3371 2087 3651 1450 1136 3514 248 4850 4302 2196 4289 3009 3946 763 3277 4896 315 866 352 3554 4113 4758 685 648 3813
3302079,424 3946 3136 3062 3587 930 3813 3651 347 4292 3554 2297 2340 2025 3502 4850 3561
2516256,4727 4558 3148 4027 2340 3450 3136 4871 2034 302 4587 3386 44 1356 4541 3478 245 2728 1015 3574 1694 3916 4298 1404
2574371,2153 2508 4611 4855 3722 4347 566 4277 450 1742 3675 449 1080 22 4096 1252 4471 291 1574 4876 3519 3829 3121 1652 2431 684 1810 1567 1898 4964 4570 4952 2972
3421439,4587 2034 3916 3951 4964 245 4168 1015 1694 4320 3148 387 3197 1990 4221 4390 3499 487 1356 3778 4727 2188 4027 4179 2746 1404 582 2340 44
3190064,2921 4027 3917 1694 2728 245 3683 1395 1844 4964 2746 2831 3863 361 532 4494
1168854,431 2278 2033 305 4560 3938 4727 4658 2779 4972 4558 1140 4767 1133 2044
3250058,4292 3062 1133 2402 3675 424 62 1928 3946 910 248 4554 982 4896 3121 4850 763 866 3773 3489 4585 2501 4106 1173 315 4624 2087 4302 3702 578 3371 352 24 4029 1450 3277 3514 368 4903 4613 1099 4373 3833 3420 4180 378 4758 1136 2745 2196 751 4424
2144555,1990 1544 2992 1535 2921 962 1430 2382 2685 3951 4179 3036 1825
1563977,4587 4168 4964 3916 245 1015 3951 1694 1990 2034 4221 582 3109 4179 3116 3197 3499 3778 2340 4471 3675 4727 2188
2221310,112 4357 4987 245 1321 2831 900 2034 4317 4867 895 4053 4021 2992 962 2320 3197 420 2583 4179 136 151
2892402,268 4317 3782 2831 4053 3131 3867 420 3198 4987 1493 3478 4938 112 223 1307 1701 1042 2034 4736 787 245 2029 4541 3707 4494 875 2099 1321 900 1337
1075949,2278 4554 431 3009 2033 2340 3276 1133 3731 3675
2788498,245 4317 4987 2831 112 268 151 900 2034 223 3197 3925 2099 3198 1493 4357 1990 3782 4053 2320 4221 4179
2979290,3708 1095 3729 2948 3233 538 4857 4974 2492 2588 361 1133 3003
191441,4382 1569 2648 588 2661 4576 1429 2260 522 441 4958 1741 2108 3183 2214
3342198,3574 2260 4871 4478 1167 1628 1596 1439 4168 1442 2732
2462134,424 3062 3813 3946 900 4850 3136 4471 2297 4560
784622,4871 2565 4791 2625 714 1742 1167 1749 577 2534 2123 2431 2660
2541358,245 2034 4587 3466 4867 1694 1990 1493 112 4964 4317 2599 1015 3163 4027 4871 2206 3197
1966944,1216 112 2583 1321 4357 1818 245 4987 2950 4587 268 526 1430 2921 4221 1742 4179 2992 1701 847 1421 3478
1318385,4727 3951 4471 4587 3916 4964 1990 2431 1252 2034 4558 245 1015 387 523 3136 3675 4385 2340 4641 450
675189,2625 2123 4871 1440 2565
2427804,4317 2831 1307 420 3782 2029 3235 2668 112 4021 2320 4938 1321 4053 3107 3198 4131 2034 895 4116 3925
1307830,4554 24 424 2501 2087
1530540,2260 4447 3499 4558 2655 4871
2100038,3333 4493 1535 1544 1990 2660 802 1464
2119930,1990 3951 4964 3778 4587 3916 2034 245 4221 3109 4179 2188 802 387 1544 4471 582 3197 2146 4168
2424545,875 2025 1321 1788 4987 59 3136 571 4292 3478 3587 3651 4736 347 430 1450 866 930 2956 3277 2586 1133
767355,4357 4987 1321 895 4867 900 245 2583 3406 4471 4317 112 2992 4116 3969 3116 526 962 4179 2188 2034
866314,1990 3778 3036 3109 4179 245 2992 3951 3925 193 462 2053 2921 2146 4225 4221 4964 4871 1544 1825 802 4587
1140159,4317 4021 2831 1493 4450 420 3198 223 4131 3131 2921 2034 3782 2668 3524 245 2320 268 1321 3925 2029 4987 112 1337 1307 1990 3197
3899874,3159 315 684 3829 779 1538 4855 216 259 62 4900 829 71 2508 3985 449 3371 4008 3675 3571 328 3136 4627 2146 2611 4964 4011 4289 3863 4624 4471 3773 1574 3946 3825 3062 4320 248 1322 1066 3916 2137 3121 2697 1578 4292 109 1252 4841 2387 4385
3054808,245 4471 2583 1430 4318 2034 1321 3951 1990 4964 4587 387 1446 4385
2854993,4541 930 3651 2921 3478 875 2008 2025 3136 2837 2424 818 268 3666
3543789,1714 973 2805 574 2623 4794 707 4000 3143 2278 918 3291 424 2534
2431758,424 3587 3946 3136 4471 3062 368 4758 4302
3196895,4541 112 3478 1501 2099 930 268 4727 3136 2728 24 2029 2025 55 3867 2837 4539 4558
2936070,847 3714 197 3210 2095 1416 2583 2320 967 4357 4425 3925 4051 4303 2696 3683 1023 895 4273 308 2863 3252 4116 552 3197 1436
316570,4964 2431 4471 1990 3951 2583 245 3300 4318 714 4926 4179 2565 4611 193 3778 4221 1430 1568 4987 1516 2034 3675 2095 3969 1321 2146 3116 2111 701 778 3197 450 1015 109 1539 4357 1992 1742 2594
845129,4027 3574 4558 3917 2728 44 4727 4871 4587 2425 1356 2746 3148 2340 4168 175 2099 1596 245 1180 4221 3778 3916 2424 2034
2408951,4964 3951 4587 2034 245 1694 1990 3279 4179 1015 4320 3466 450 3778 3499 3916 3185 4791 3197 4867
2060651,4587 112 3148 3499 2728 4727 245 3776 2956 2950 4791 109
3917492,2921 4388
3842590,268 3478 112 4541 3782 3867 4317 4736 2029 875 1307 2831 2025 930 3131 4938 4053 3198 900 1321 1042 2099
2713414,151 2831 245 1493 112 3197 2034 3524 2099 4317 3198 223 4053 3917 4357 4565 2029 4179 582 4221 4664 1337 1990 900 3782 4987 268 4131 662 4285 3131 2992 55 2599 297 3778 1694 4160 3925 3867 4021
3193329,2831 2034 1493 112 2099 900 245 4317 1042 3198 3495 3925 4053 3867 4027 2206 1990 268 895 3524 2029 3478 3918 3386 3197 4494
2736021,4471 2034 4318 1321 4587 3951 2583 245 1990 1788 2431 4987 1430 1404 4964 3675 487 4385
1148721,4021 4317 2831 1493 3131 3198 1307 1321 420 2034 268 2921 4131 2668 4450 2320 1337 3782 4987 112 2029 223 245 3925 4116 1042 1788 4938
2036005,1673 4964 3675 3829 4471 4320 4611 3471 1662 1322 829 3951 1095 640 3279 684 3916 193 1207 2352 3523 4841 259 2146 2106 315 2894 3371 4570 1324 3020 1252 2508 2651 1764 874 3300 1694 1538 109 2647 2095 2984 27
955785,4587 3499 4168 3148 3916 1356 2034 1015 3951 4727 4964 245 4390 1694 4558 305 4871 487 3778 4221 2340 3466 4179 1990 387 1404
2586472,424 2506 982 2501 248 4292 1928 3420 24 910 1099 781 4850 4302 3062 1636 763 3946 4029 2905 3587 430 3776 368 1960 2402 3021 930 2224 3277 209 3843 3433 4373 4554 4979 518 3478 2745 1725 2433 177 3675 4980 4424 3851 2899 352 2974 866 3833 4807 3894 4926
3117388,1742 4871 3675 2565 1015 3136 3121 2780 714 4791 2122 3651 2625
1491599,4471 3951 4964 2034 387 4587 4385 245 4318 2583 1990 3197 4168 487 1694 1321 1430 2188 3916
3494820,4727 4558 3574 302 3148 2728 4871 3136 3450 4027 4541 2837 2340
3535929,3385 1122 1282 3453 644 4266 201 4681 2786 3963 3094 1915 2713 933 2997
2875486,2728 2425 4027 3917 532 1547 4558 1540 4541 2099 1395
751638,4471 3951 2431 4964 1990 1252 2697 3675 4318 3863 2034 4385 2583 701 450 4587 245 778 3020 1322 3471 3916 1446
1326989,699 1662 323 2439 684 3129 1324 2919 29 3675 2710 551 3265 4972 3279 3970 221 4857 566 2789 3253 1031 4907 4930 2868 918 1480 1532 1254 4471 3829 1095 4216 4964 3450 62 3371 792 3121
1121028,2921 4388 2382 2992
1403499,1321 1788 4587 3969 2583 245 3421 4318 1990
1994057,4554 866 3651 305 431 4292 2087 3675 2033 486 2278 1133 4624 3478 4727 2196 3062 3146 2501 4302 1928 4758 424 2340 1095 763 3476
1053535,424 3136 3946 4292 930 3062 3587 4758 3651 368 4727 3502 2837 4541 982 3813 4471 2297 4458 2025 3478
1564296,1990 2034 4587 4471 245 3466 4318 3951 2188 487 3197 4221 4357 4964 4179 2583 1321 3925
1745040,3916 4587 4168 4727 1015 3951 4390 4964 1694 4558 2034 3450 305 487 4221 1167 245 3778 2137 387 3148 3136 2340 4641 4320 3499 1356 4179 2188 1404 3109 450 4471 4027 4871 2746
2074948,1321 3062 3946 875 1337 4758 4021 2921 4987 3772 4317 3969 1450 4292 1788 2770 3675
2135485,2487 4306 4441 1131
1351981,2439 305 4727 4972 4857 3675 1928 2033 1133 3450 566 1095 2789 3371 4289 2528 4558 578 4658 4907 3009 431
1571787,4727 4558 4027 3148 302 2728 2034 4871 3574 4587 2340 3386 245 3136 3450 4298 3478 3778 4541 1015 44 1990 3951
1314639,4587 245 2188 4964 2034 3951 3197 4471 4221 4179 4168 1990 3116 487 582 4357 1694 3778 1015 4320 112 4987 109 2583 526 900 3916 3466 1798 2423 387 1321
15609,4471 1321 2034 245 4587 3675 1990 4318 4987 2583 487 3136 3951 4964 2733 1788 2188 3197 1404 4357 2431 4385 368 1446 3778 1430
368806,24 4807 3776 2262 3894 2501 3843 424 4000 3143 248 3021 2278 347 4850 237 4667 1633 1976 3587 3479
2643669,245 4357 2034 1321 4987 3197 2320 112 3778 4587 2831 3925 1990 4317 4318 4450 4964 1788 4471 2583 4179 1446 4021 4116 420 2188 3198 4221
885222,2153 2508 4611 4855 3722 566 4347 1742 3675 4277 450 22 449 1574 1810 4471 684 1080 1567 3121 1252 4096 1484 1652 4876 2972 291 4952 71 3829 3396 4420 2431
1630097,2025 930 3651 2659 3136 2921 3478 866 875
1507446,3951 1990 2431 4471 4964 450 4587 3916 3778 2660 2188 4221 245 2034 3471 1694 2583 4493 802 4179 3863 1015
3093820,245 1493 2034 112 2831 1694 4987 4053 2921 4357 4565 3782 3524 1337 4317 301 361 3197 4450 2099 2992 151
614828,4964 4587 3951 2034 3916 1990 3778 4320 1015 1694 4168 245 2188 582 387 450 1356 3197 4221 4179 4727 3116 4385 1395 3136 487 3499 2340 4390 4027 4471 2746 3109 3148 3675 4987 2733 2137
2371066,4964 684 2431 4471 3829 216 3471 1322 4460 2146 3383 1990 4320 1252 3863 3778 1142 779 3675 4385 2137 4790 259 1474 4142 193 71 2697 245 2611
772120,1596 630 4225 2728 3917 3201 532 1562 4664 2099
2964788,4763 3258 982 3833 1164 1095 875 4585 3587 571 4757 4200 3675 4850 4503 4292 430 4029 3062 2745 3277 966 1214 3851 140 4110 62 3265 1781 1136 1616 866 3111 3773 2278 2328 4317 1337 2586 763 109 347 4207 112 4357
3150573,1540 4027 3917 2728 1395 2746 800 1694 3386 532 3863 4587 2425 4 1493 109 71 2921 245 315 2823 3889 1757
976803,245 4587 4964 3951 4791 4357 4221 1694 1990 2034 4179 1015 4471 3300 1516 112 109 2583 3136 193 4404 4987 487 1757 1404 3197 3778 3466
461170,2193 2423 4587 900 2899 4027 3667 1990 3211 1404 3197 44 3951 3778 3443 3925
1334089,1133 4554 4292 866 3651 3675 4758 431 2196 3062 2278 3371 1321 2837 268 3146 4302 3554 1781 3277
2804689,1694 245 3197 4964 2034 193 4221 4357 4179 4565 3524 1493 112 109 4987 4587 4811 1990
3044272,2921 4388 2053 2992
2313714,4587 4471 2034 3136 487 1990 4727 4027 3951 387 3148 1015 2340 1694 245 3197 3466 4168 4964
376698,2992 2921 245 4987 3242 4357 3197 3524 1533 4053 4116 4131 895 193 2034 1337 4565 847 4221 1493 3707 3163 3969 4179 1694 151 4317 1990 2863 4964 361 3235 420 3047 4051 4867 3925 112 2445 1697
2011013,875 4317 3277 1321 4736 4357 3062 3946 4758 424 930 3478 4987 4302 368 900 420 3587 2025 3136
1373950,450 4471 1990 4964 3951 2431 2697 4385 2894 4841 3675 4320 3863 1694 3020 3916 4318 2137 4587 3371 2034 4889 3471 3778 2095 116 259 829 918 4900 1252
58848,2921 4357 4987 895 245 2030 3107 3115 2992 3242 112 3642 3909 4221 1337 736 2008 3235 4053 2034
3659487,4964 3951 4587 4168 3916 3116 2034 4179 4221 245 387 4471 1990 582 4320 2188 1798 3499 3109 3197 1015 450
2794996,245 2034 4471 3197 4221 4964 3951 3116 4587 4179 582 1990 2188 4357 3778 4168 4889 962 4987 2583 450 1430 3675 1798
963392,3951 3778 1990 962 2583 2921 1321 4471 1430 2034 245 2992 1535 4964 4987 1446 4587 4357 4021 4318 420 3197 1788 1825 2831
60662,1082 2651 3453 4583 4471 1238 1095 1964 2352 538 2948 1431 551 2625 3233 139 2588 1388 1133 2431 4216 4254 4964 4142 4816 3020 4415 3371 1349 3392 1788 1974 2280 4071 2362 1264 3753 4315 3613 3675 2922 4585
277539,2487 4388 2921 2685
2148654,112 2831 900 1493 4317 245 2034 420 4357 1321 2099 3197 268 1042 895 4450 4053 4021 4987 151 3198 2320
241081,4727 3148 2034 4027 4558 245 4587 3916 112 2728 2340 3951 387 1015 3386 4168 1694 1990 2099 4390
1552323,2929 2927 2576 753 3057 3914 2245 3480 4906 1001 3067 3468 233 3037 4820 658 1940 2 2124 2880 4632 2611 261 523 4061 1326 289
218968,4494 1540 2921 1701 112 2728 1493 4053 245 2831 361 136
641028,245 2034 4357 3197 112 4179 900 4221 4987 2831 3116 4587 1990 4317 582
3537816,112 1226 895 2921 2030 3983 2992 1307 3107 3115
3851186,3396 2972 2508 1935 1574 2050 2469 1705 116 2697 3793 1731 3689 364 4855 3536 4304 1559 566 490 128 3519 2391 2977 449 3393 4203 291 3149 3354 4258 1937 684 3389 2366 4011 2725 3722 478 4952 450
3517051,424 3946 3813 3062 4850 900 2297 4302 347 1099 571
633890,1321 3081 3136 4292 930 1788 4758 875 3675 2025 3478 3969 1133 2432 3772 3062 4987 1450 3946 344 2659 3277
16885,2501 1928 424 4292 4554 24 4727 3776 368 3667 930 2433 430 3163 248 3478 3146 3587 305 669 2745 4302 4289 2964 3675 3062 4029 3843 982 1321 1276 4560
2042080,4587 4964 3499 3951 4791 245 4679 4179 2950 3109 2034
816123,4871 4791 2625 714 1167 50 450 2660
766906,2921 2328 895 4131 1337 4116 2831 2099 900 4987 4317 1701 112 1321 4053 245 4021 2992 4357 2728 3406
3639236,2793 4972 4857 3276 2466 1909 1095 4636 3094 3632 1198 4025 792 4985 1839
2295470,4216 4985 3094 2466 2710 3233 1668 221 1909 1753 2022 4972 4266 2439 1814 1224 522 2573 1568 3003 2793 1108 4471 591 1480 1431 566 1198 2362 3471 4857 1162 792 432
2472465,1321 4317 875 2921 4494 895 900 3062 268 787 1450 1701 3242 1788 3969 361 4471 368 3085 4021 4987
662957,2831 420 4317 112 1307 1321 2583 245 4021 136 4357 2034 3198 3925 1788 4987 4471 4027 4318
1974744,2728
2638951,900 112 2831 245 2034 1493 4357 4317 1042 3197 895 1321 2099
1059510,4021 1493 3131 112 3198 1307 895 2831 2921 1337 2029 2668 4317 268 1321 4450 2034 3925 4938 2099 245 4357
198100,2921 3778 4179 2992 245 1990 3036 1701 4225 193 630 1337 3109 3925 151 2583 4221 2053 3951 3197 4053 4987 3524 1596 2382 1568 4964 1825 4357 2146 4565 3116 294
2357784,1321 268 1701 787 1337 361 4471 2138 3675 3062 4494 4317 2921 2565 1450 3242 875 4357 2418 1446 895 3969 2328 1307 2594 4987 4021 2583
1023303,2728 1501 4727 4541 112 2837 424 532 2340 24
1687309,900 112 245 4357 2831 2034 2099 4317 4987 2992 895
2534192,245 3925 4027 2099 3036 361 4116 4587 2831 2320 2034 112 1596 3085 1742 1990 3918 1844 4357 1321 1446
3910287,1321 4357 3969 4317 2831 895 112 2328 1446 900 4471 1337 4494 3062 2583 875 245 1788 4867 3136 4987 420 2586 177
418251,4727 4587 4558 4027 1356 1694 3109 4871 2746 630 1544 1990 44 2099 3916 3574 245 3917 4168 2728 3778 3951 2921 1596
2466014,3951 1990 4587 4964 4471 2034 245 450 3466 2431 3916 1356 1694 1015 4027 3778 2583 487
1524540,2728 4558 2425 4727 2340 3136 302 4541 4587 3574
148460,2831 112 1493 420 4317 2034 1042 2099 3782 900 3867 2029 4053 3925 268 245 895 4987 3524 3198 1990
3721182,193 487 4179 3951 4926 4471 3197 2034 245 4357 701 2431 4987 2320 1349 1474 4221 4964 526 431 75 1568 2745 4276 3925 2895 3466 4318 3195 824 3853 1694
1029641,4587 3148 3916 1356 44 2340 1015 2746 4390 2034 4179 4727 3951 1990 3466 4221 1694 4027 4964 4558 387 245 3778 3499
2889291,2034 4587 3951 4027 4727 1990 245 4964 3148 3916 1356 1015 4385 387 3136 3675 3925 3466 1694 2340 4558 487 3778 1395 900 2894 4471 3197 450 1404 44
2250953,245 4357 2034 112 2992 4987 4565 4664 4053 3197 1694 3642 532 3524 2831 2921 4116 151 4221 361 3242 1844 3115 895 4179 1493
2414255,4317 268 900 112 245 4987 1321 2831 2921 3198 1788 4357 3782 4053 4938 3478
3252278,3085 2921 1742 268 4053 3198 4987
1382458,3776 24 4000 424 4727 2501 2728 3478 930 3443
1006052,112 268 3867 2029 1307 1501 4938 4541 4053 245 2099 4987 3478 3642 1701 3198
1942736,2320 3707 895 3524 4317 1701 1321 136 4357 4987 2863 2211 4494 847 4450 4938 4053 4867 361 2258 2034 420 1788 3969 2583 3925 2206 197 1430 4116 3406
1636721,3089 116 1162 3300 2882 4576 2108 432 4677 588 4242 4359 1873 4168 448 3567 3061 2625 1431 2644 3877 107 1741 777
1692066,424 3946 4471 3136 3062 1321 4987 4850 4587 900 3675
2914455,1493 2831 4317 3198 2034 420 268 245 112 3524 2099 4987 3867 3131 4021 2029 3782 3197 223 4053 3925 4131 1990 1337 4450 1042 2921 900 151 3778 2668 4027 1307 2599
778464,4317 1321 2921 895 4021 2814 268 2583 4494 3406 2008
503319,4550 4964 4258 4570 1838 3829 470 3020 3388 1652 2153 4606 706 1854 785 3995 4852 3951 4855 4320 1694 3625 4783 449 1207 4475 1349 450 2146 4923 1992 4988 1737 157 193 3011 3778 1674 4179 4078 2853 3861 4471 64 3249 2338
1494884,2728 112 930 4541 4727 3136
153618,2921 361 268 245 2831 875 4450 271 112 2328 2008 1493 4357 4317 1337 4496 4987 4964 3163 1701 847
3075708,4811 1493 245 1540 268 1694 4587 532 4791 4179 3146 1572 112 151 4357 1395 4027 2921 3917 1516 3386 4664 1446 193 1701 2831 1596 4541 361 109 2425 3756 4556 4964
2765792,4317 2831 1493 3198 2034 4021 3524 223 2029 4987 1990 4131 3782 3197 245 420 2099 4450 3778 4053 112 3867 3131 3925 297 151 2599 1612 3707 4938 3235 268 924 1337 2668 1042 900 662 4736 3917 2719 4357 1307 4539 4285 3107 1354
3421390,3574 2728 4727 4558 4027 302 1180 3148 44 2340 3478 2425
158020,4558 4727 709 3574 2728 3776 3450 3136 930
2052532,2053 1990 1544 285 2992 2382 2685 4388 3109 1430 3951
3578116,112 895 2831 1321 900 1307 3085 4357 4317
963618,1133 2439 1095 3675 62 4315 1781 3371 4142 1388 4585 3121 4857 4972 1814 1480 4583 4289 3979 4380 2641 3062 1788 3009 1894 1782
3229412,424 2501 1928 930 4554 3776 4727 4292 24 2278 2340 866 3478 816 2087 3587 3146 2033 305 763 4302 2433 368 3651 3561 2025 3667 3946 3062 430
2004592,4964 1474 4471 2431 4611 3951 4179 3116 1990 3197 3863 4221 2853 4987 193 2034 3969 2895 245 701 1142 1430 398 3778 3011 450 4926 4852 1539 2583 1516 1798 2095 4318
1764770,1742 2565 4871 2625 2123 714 3675 2780 1015 3121 450 3778 470 3249 1727 3383 3300 1990 3002 378 3722 4095 701 4125 1749 2122 2261 4791
2900294,1337 2831 4317 4053 4021 112 151 3782 420 297 4285 2099 3131 3707 2668 245 1307 2599 1493 1701 3524 2029 361 4357 895 4987 1321 4450 900 4496
3235516,4964 3951 2034 4587 3916 4168 245 4385 1990 3499 4471 1015 714 3136 4179 4727 1252 4221 2188 450 4570 487 1694 3675 387 4558 305 2733 1356 3778 3925 1404
397776,2034 245 4587 4964 3951 4471 1694 3197 387 1990 4727 3916 4318 3466 1015 3136 900 112 4168 2188 3675
2529855,3062 4292 1251 3146 866 3675 4624 1321 352 4850 3946 2196 1388 4758 424 3969 3644 3773 1788 1450 59 3651 1133 344 4302 4585
2900726,4554 424 4624 1133 4292 4850 2087 3675 3062 982 4585 866 3651 3773 3489 900 3009 2196 3561 763 3121
546805,4587 245 1015 2034 1694 4964 4791 3951 2728 3136 1252 4558 4404 2340 3146 4027 3499
833759,4388 2921 2685 2992 2603 2053
2604076,1001 4906 129 1861 2470 210 2928 548 1066 3830 1219 4245 4934 2879 4298 2907 4027 1281 1260 2952 4139 3685 2712 512 4215 2880 326 44 2927 2592 1342 3914 1495 2611 4514 3067 2633 1632 5013 3945 1862 2657 3705 3931 1010 3542 4000 2474 3747 3386 3840 1574 900 1860 2250 185 238 2213 3368 276 167 800 4632 4511 2272 1199 4727 3713 1336 2673 4895 2721
2610956,1321 2921 787 268 1701 1307 3242 4116 4987 895 4021 2418 4938 4494
518906,4357 245 2992 112 4987 151 4867 3036 895 900 4021 4179 4116 4221 3642 3197 2831 4317 962 1493 4053 2034
3244652,424 982 2297 3946 4850 3062 900 3587 4302 3813 3136 3554 2586 4292 571 347 1099 368 3651 177
310061,2487
3823440,2793 4972 2466 3276 4857 4985 3518 1909 3094 2710 792 1108 3632 3003 1095 203 1480
800613,2921 895 1321 3242 4494 787 4317 361 1701 268 1059 3085
3271065,4587 245 2034 3116 3951 4471 112 962 4168 1430 2583 4357 4727 4964 4179 268 4679 2992 1990
1523095,245 2034 2831 4317 3197 112 1990 1493 3524 4221 4987 4587 223 4357 4964 900 2099 3951 3925 151 4179 268 1694 4053 4027 3198 3386 4021 4471 3778
3204023,2992 2921 1430 1990 4388 2583 3036 2685 3951 2053
2622358,3675 3121 3062 1133 4624 378 62 3773 1450 4554 3371 4292 4585 1388 2196 4183 3969 3277 4289 4106 3489 2402 2087 4850 4758 3009 1972 1321 4302 4142 3554 4471 1095
639638,1307 1321 112 895 4317 2583 4021 4357 2831 4471 420
3803831,4558 3574 302 2728 4727 2340 4027 2425 3917 2100 1180 44
3431789,4964 71 1516 1322 245 193 2146 4791 3675 4611 1694 2431 4471 1446 1990 714 4179 1252 3951 3011 3471 3863 4734 1015 3300 315 4221 109
2997634,4871 4558 3574 245 1694 4587 1167 709 2034 3404 3916
2812751,787 1321 3242 1701 895 1307 3772 4053 2418 4494 3085 4317 3675 361 2138
682127,4027 245 1180 1596 44 2099 3574 3917 2425 1694 55 2034 3450 4587 3778 3197 1395 4558 4964 3386 3918 1990 4179 2746 112 4727 2728 786 4539 1844 4221 2831 3495 4871 3925 3137
73182,424 4850 982 3062 3813 3946 1099 900 781 866 4302 3136 2297 2586
3548194,2831 112 1493 2034 4053 245 2099 3198 4317 3524 4357 3197 900 268 4987 2029 3925 2320 3867 922 151 2206 3782 297 420 1990 1354 3918 3495 4450 4027
1136362,3136 4727 368 3450 4471 4587 4558 4641 4168 930 387 3776 245 4758 2837 1167
2561881,847 245 4926 2445 420 361 4987 4317 2921 3969 2008 2583 2431 1321 2320 2831 4450 4357 112 3982 1493 3136 4964 1788 2328 4494 197 1446 3197 1540 895 3406
2960824,4964 3951 487 1990 3778 245 3916 4221 2431 4587 4179 1568 4471 1015 1694 3109 2034 470 4320 193 1252 2188 398 701
1266002,4382 1448 3234 2344 2648 2156 1234 705 1028
3664386,424 4554 4624 4850 1133 4585 4292 3675 3062 900 982 4903 3773 2087 3009 3489 763 4302 2196 2297
3060424,2431 4318 4471 2583 3951 1321 3675 1990 2095 1252 450 4964 701 2697 245 2034 2565 1430 3020 259 1417 778 4867
667429,2728 1596 4225 630 1180 2425 4027 3917 4539 2992 2099
745680,4493 450 1990 4871 4915 2267 3916 802 4727 4221 4168 2034 245 1544 387 3333 3951 4587 3778
3743873,2728 4727 4027 4558 3478 4541 112 3136 2099 2659 930 2034 786 900 3148 2831 4587 245 302 2425 268 3386 2340 3675 2424
810745,1321 3675 787 1701 1446 2583 3242 4758 4471 4357 245 3772 1307 1450 895 3946
1850568,3951 4964 450 3916 4471 4587 1990 3863 2431 1694 1015 2697 4320 3116 245 387 2034 216 4168 4841 4867 3471 4179 3020 582 4889 714 3778
3487650,3675 2087 4554 866 2278 2033 4292 305 4471 3371 1133 431 4727
258281,2037 3795 1096 3895 2927 3719 4741 4438 2784 1045 2576 2227
1470929,4382 3427 2156 2108 441 4958 1234 1448 879 588 3564 2344
780787,112 245 4987 4357 4317 900 2831 4867 4021 420 136 1321 1493 895 2034 3406 3197 2320
3363793,4964 450 4471 3951 1990 3116 2034 245 3197 4168 4179 4318 2188 3778 4587 2583 582 387 4320 4385 1446 4512 1430 1694 2146
1622930,4541 2728 4539 4558 1293 2425 3478 3283 3574 4727 2099 709 112 302
1923479,2506 424 3420 2899 982 24 2905 248 3021 324 3776 1636 930 4029 4850 781 4302 3843 4377 3587 4489 3433 1473 430 2224 4648 3946 4586 1099 368 4424 2798 4130 1725 518 2969 4000 1928 3277 763 3163 209 573 2548 2501 1960 4560 4926 4341 4194 910 3075 3619 3678 4431 1761 4980 4373 843 4471 4292 2025 3833 471 4979 2402 2745 2192 3851 3478 4613 124 2433 4178 177 135 4667 4641 721 4180 2447
1860707,2034 4587 4727 245 4168 3916 3951 4964 4558 3136 3499 4027 1356 3148 1990 4221 1015 2728
2243338,2921 2992 1990 2053 1430
2986864,4871 1742 2625 714 1015 2565 3499 2123 3675 450 2780 3300 4791 1757
900747,4554 4292 3651 4624 3675 1133 866 2087 305 424 2340 3478 2278 3146 4727 3062 2033 4758 486 3554 2196 3371 4302
3252414,4471 2034 245 4964 4587 3951 1990 3675 4385 2583 4318 2431 3197 1321 3778 2733 3925 4987 450 387
3870779,2831 1493 4317 4021 245 112 4987 2034 3198 223 268 420 151 3131 3197 4450 900 3524 1321 3925 4053 2099 4285 1990 4131 3778 4357 3782 2668 2029 2599 1354 4736 1042 2921 1337 4221 1307 297 4938 1788 4116
3315804,424 3062 3946 3813 2297 4850 3136 4624 982 2586 3587 3554 1099 900 4471 430 571 1321 4302 3807 378
1226333,2123 2531 1742 2565 4871 3383
1742042,424 3946 3062 3813 3136 2297 4471 3502 900
190582,2921 1701 1337 3235 4938 268
1701080,4587 3951 2034 1990 3916 245 4964 450 3778 1015 4168 1694 387 3499 1356 4385 4471 4871 4727 3136
3394728,3136 424 4292 930 3587 3675 3062 3946 368 2025 3554 900 4302 3277 4758 4727 3651 3478 24 1321 4541 223 3502
2576338,4871 1015 1742 714 2780 3675 2565 3121 4791 3722 2122 450 216 3383 3300 2625 3778 1990 1757 2123 3136 1727 3916 4587 4487 3883 4095 3249
604929,24 2728 3776 4727 302 1293 2298 4541 4558 3478 3574 709 930
1001558,2583 2431 1321 2034 4471 4318 245 3951 2733 4587 1990 487 4385 3466 2831 1788 4987 4964 420 1430 2320 1446 701 3925
1839809,4357 245 4987 2992 112 4221 3197 4179 900 2034 895 962 1990 4867 3116 151
3250670,424 4850 3813 3062 1099 3946 571 900 4302 430 2297 781
3733877,4027 4727 2034 4587 3675 4385 4558 4871 4471 1990 3951 387 3136 245 1167 2733 4318 4964
3866950,2728 1694 4027 245 1540 532 3917 2746 4587 630 2425 1757 2099 2921 4558 3109 44 268 4964 1015 3696 112 4179 3137
321300,112 4727 4027 4541 3478 2728 3136 900 245 2034 4587 930 3148 2099 2340 2831 4558
1920843,112 2728 3478 2099 2831 900 4027 3495 4539 2034 532 786 1501 3867 2029 4541
261258,3675 4216 4972 1133 4857 2362 1095 2439 1480 1814 1782 1781 62 1388 3121 4471 4985 3979 3371 4611 2573 4585 1964
2737743,3675 1133 315 62 3371 4554 4857 1095 2278 3009 4292 684 4585 3489 3121 431 2439 4289 2033 4624 3471 2340 2196 2728 2328 1005
2343778,4554 2087 3651 3675 305 1133 4624 866 2340 4727 424 1005 4292 3009 3146 2033 2196 3371 431 2278 4289
3794661,4857 4972 2793 2466 3276 4985 1909 3518 3094 2710 1108 792 3003 1095 3632 1668
3529985,2728 4027 3478 4727 112 2099 4541 786 302 2034 900 3148 4558 3386
3674647,2831 1493 2034 112 2029 2099 3198 3524 245 4317 3197 3131 268 151 3867 1990 420 4053 4987 2599 3925 223 3782 1042 4450 4027 4021 4539 2320
2974880,2425 2728 4558 3137 4322 3696 436 709 4871
2323797,112 4357 245 900 2034 2992 4221 3197 151 3642 2831 4179 4987 4269 4565 2099 2188 3116 1493 962 4053
3891289,4727 3574 4558 4871 3404 4027 2728 3136 302 3450
1630018,4871 4027 1596 3574 4727 4587 4558 2034 1180 245 44 2099 3778 4168 3148 1742 2732 4221 1990 2425 3478 1167 1356
231214,4317 2831 4736 1493 268 3131 3782 3198 4987 223 112 3478 420 4053 1042 3707 3524 2599 1321 2668 4847 4450 2034 875 4938 900 2099 1788 2029 3867 1337
85022,2728 302 4558 2425 1293 3574 4539 2099 4727 2100 3478
3786058,2921 895 3242 1321 787 420 268 4317 3107 900 2831 3235 112 1307 3085 3782
1048560,3675 1133 4292 4585 62 3121 4554 3489 3773 3371 3062 424 4142 315 4624 4850 248 3009 4903 4106 1248 2196 4289 1928 3946 2402 4471 1388 2087 684 763 1450 751
2276094,4357 2992 895 4987 4179 4116 4269 3642 112 245 3036 962 4053 151 4867 1947 3116 1337 4221
1104905,1321 895 4317 787 1307 1788 3242 3969 2583 4021 3675 1450 4471 1701 4318 4357 4987 4494 4758 1446 2445
1700211,245 4811 1694 1493 1540 4791 268 4587 193 3386 1446 4964 2921 3146 1516 4179 1015 867 2831 4357 2034
1023595,1742 2565 4871 3778 2123 1990 3675 1321 3121 714 1015 3969 450 3383 1788 2780 245 1749 378
3775030,245 1694 4964 2034 3163 3136 4587 1416 112 1493 4317 2921 3197 1540
2444086,4587 2728 112 2583 4558 4727 3478 245 1404 3148 3951
2649028,1321 2801 2583 330 2328 3874 2921 3116 2950 1701 4926 1026 526 4987 1825 2445 847 2992 4758
609390,2034 4471 4318 245 2583 1321 112 4021 3197 2320 4357 1430 3198 962 900 3925 2831 3951 4317 4889 4587 1990 4116 2431
434186,3062 4292 1133 3675 4554 1973 866 4758 2196 62 3371 3651 3277 3773 424 4302 4289 1450 4585 4560 1095 305 1214 3121 2402 3111
331374,3574 1180 2425 4558 1596 4871 2728 4027 4727 2099 4539 3917
2105727,4357 4987 245 2992 3116 3969 197 4221 4179 2034 3197 3642 895 4565 112 4964 2711
1284669,268 4541 3478 112 4317 3136 875 368 2831 2025 3675 930 1321 4494 2008 3131 4987 2837 136 3651 424
1082051,900 4554 4850 4357 4624 4565 3969 424 2188
1813502,2728 4539 4558 2425 112 302 2099 1293 4727 4541 55 24 3478 3148 179 1501 1469 2029 2100 4027
3288961,3136 866 3946 2078 2367 930 424 2297 1575 3675 3651 1938 4657 1321 673 2659 2025
3037046,3776 3136 4727 424 24 930 2837 2025 3651 4541 2298 709 3561 3478 866 3587
522631,4027 4727 4558 44 2728 4871 4587 1596 3574 1180 2034 4168 2425 245 3148 175 1356 3916 1167 2746 2340
2571189,245 4357 4987 112 4221 3197 4179 4317 2831 2992 2034 1321 4021 151 900 3116 1493 962 1990 3778 3925 4285 3036 526
3051216,424 3587 4727 2340 3561 900 24 866 3946 347 3478 4302
1216981,4727 3136 2837 930 2728 3651 2659 867 4541 3478 4558 2298 24 3574
3172317,2728 4558 302 4727 4027 2425 3574 3148 2100 3917 2340 4539
1676409,1337 2921 1493 3524 2831 4053 4131 361 895 3131 4317 112 4116 151 4496 4021 245 4987 2992 3242 2445 3198 2668 1701 4285 1307 2099 2034 3036 4867 4357 2138 3925
2668447,4554 866 2278 424 1133 4292 3651 431 2837 3146 305 4727 2501 3675 2340 2033
2480757,4727 3716 3776 4558 175 930 2158 3450 3843 4390 1858 951 2340 709 2387 424 2351
389049,4964 4587 245 4791 3951 1694 4221 3499
1629947,1742 4871 2565 2625 2123 714 1015 2780 3675 450 3249 1727 470 3778 3121 4095 3722 3300 3383 3002 2261 1990 1749 2122 701 378 4791 605
487371,112 268 1321 4053 4987 900 4357 3478 4938 2831 1307 1701 3867 3642 2029 2992 245 895 3198
3688090,2921 930 2025 4541 268 3136 2837 2728 4494 875 3651 3478 3085 787
3919,2728 2425 4539 1293
1715557,4964 245 1694 3197 4357 271 1516 1493 3524 4987 4450 2431 2034 197 3778 895 193 361 4221 3969 4565 2831 4179 1990 2921
1630236,3136 3062 4850 424 2586 3946 900 4292 3813 3554 4471 1321 3502 3773 1099 368 1450 352 781 4903 430 2297 3587 4585 4758
1072278,1694 245 3197 4964 2034 193 4357 3524 1493 4179 4221 4565 112 268 4811 271
1217693,3866 4311 2193 3667 967 3685 2905 4027 1034 2899 1230 900 3776 2728 1473 4006 2211 3211 4424 1017 1349 3420 4000 4029 1257 2423 472 4727 4565 4130 3899 4139 4926 4056 3443 2337 414 1066 2704 44
1864619,3675 1133 2439 3371 1388 62 4857 3009 1781 3121 1095 3773 76 4289 4292 4585 4554 3062 2196 3894 4758 3651 4183
1556308,2921 3675 361 3136 2565 268 875
911261,197 3714 847 3210 967 2320 4303 1416 2583 3925 3683 2095 4425 3197 4357 308 4051 2696 4988 3252 3863 1317 4964 2863 1023 2034 895
695440,1337 3235 2921 1701 4317 268 4938 4053 3131 4285 3242 3707 1307 3198 2160 1059 2668 787 4021 2138 4131 297 875 4987 4494 2008 2599
1328335,4558 4727 2728 2340
748720,4317 1493 2831 420 895 112 1321 1042 4021 3782 3107 900 2034 3131 4450 2029 1307 2320 297 268 136
3309974,3198 2831 112 2099 4021 2034 1493 245 2029 4317 3782 3524 4053 151 3197 3867 4938 1990 1307 297 223 900 4131 3925
3277430,4216 4857 4985 2725 1198 1480 4266 1133 3675 538 4972 1095 1814 3233 3518 4471 1909 2710 4315 684 1431 4109 1324 1162 3002 1974 62 3979 566 4974 1207 4142 1388 1195 4964
2607515,2921 2992 2685 4388 2053 2382 285 1544 1990
1327504,424 3587 2340 900 866 3561 24 4727 3946 347 2025 2501 4302 571
3280654,2831 112 245 2034 4357 1493 4867 4317 2320 3197 4987 420 4021 3524 1321 3406 4450 900 4285 136 1990 4736 582 2733 4587 4964 4053 151 4179 2583 3131 297
607,2260 2104 4871 4478 4558 2732 1628 1167 4168 3574 1596 4727
1946557,2728 4027 4558 2425 1540
276582,2049 1695 1795 4195 2202 1782 4683 1559 4411 792 1198 157 557 4766 4770 1355 2127 3481 566 2809 3094 2617 970 4242
3300838,4871 4558 4727 2104 4478 3574 4587 4168 2260 1742 1596 1628 1167 2732
3917344,2831 1493 112 3198 3131 268 245 2034 1307 3524 151 2029 4053 2099 3782 4987 4317 4938 922 2668 900 1337 3867 4021 3478 223
1675495,315 4391 1446 3883 2565 709 3675 248 3146 2837 4020 4027 3917 829 3450 684 3121 2921 1173
1447426,4964 3951 4471 2431 1990 116 3650 3916 1252 398 2034 4587 4168 4570 3020 450 2188 2697 1322 245 714 4385 3471 1568 4096 3300 2502 4221 3499 3136 4276 2769 3778 1015 4852 1417 4889
1983090,112 2029 875 3867 3478 3242 1501 1307 4539 4541 4317 4053 2099 2424 2298
1071567,2583 1321 1430 3951 2685 4318 2445 2188 2921 4471 2431 2206
3035799,245 112 2831 4357 2034 3197 900 4179 3116
2424730,2921 112 4357 268 1321 1701 4494 4987 245 875 526
3486346,4231 1959 1818 1337 2492 3317 4607 2948 2810 252 3653 3188 361 3267 3708
2691303,2921 3085 4938 3235 895 468 3739 3242 2445 4317 2583 4031
3841873,3675 4585 1133 62 4292 3062 4554 3121 2565 3773 3371 315 3489 4850 2328 4142 1173 2402 424 4289 1248 4113 1450 3608 751 2087 3277 1388 4317 4380 1577 1136 4624 3946 900 2196 763 3969 3009 1321
3723801,4493 3333 1535 4382 1825
3472203,3867 112 2029 268 2728 2424 1501 1307 4539 4541
3386876,2034 4727 3951 4385 4587 4964 3916 1990 4027 3675 4558 1356 450 3136 4871 245 462 4471 387 1694 2659 1015 4168 2431
833604,2728 4558 2425 302 3574 4539 2100 4727 1293 2099
2390035,4471 2583 1321 4318 3675 2034 2431 245 3951 1446 1788 4587 1990 3925 4385 4964 1430 3197 2831 4987 3778
1723946,245 4471 2034 2188 1990 4587 3951 3466 3197 4357 4318 4964 4221 4179 3116 4889 487 112 900 2583 4168 2831
3576700,3116 1990 2583 245 4179 4471 2992 1430 4852 4964 1798 3109 4987 3951 4587 582 4490 4221 3778 4889
3331060,245 4964 1694 2034 4587 3197 4179 4867 1990 3951 112 4357 1493 3466 1015
2325701,4357 4179 245 4867 2992 3116 4221 4987 112 3036 151 900 3197 4116 895 4889 962 2188 1337 2034 2950
3232770,424 4292 2501 3946 24 4850 248 1099 763 930 982 2506 3420 1928 1133 4554 1636 3062 781 3277 4302 4373 3587 430 3675 866 3478 2025 3843 368 3894 2402 4585 2974 910 352 4029
260998,112 2029 151 4021 1307 4053 3642 4116 3198 3707 4938 2099 2831 4987 4450 1042 1337 3983 4539 4357 2992 3197 2034 3782 4269 245 895 2030 900 4317 1701 3778
3617668,112 245 2992 3116 4357 900 4269 4179 2034 4987 2831 2188
2771933,245 3951 4587 4964 1252 1990 2034 4791 3778 4471 1516 714 1694 1015 4221 4357 3499
3127241,2087 4624 3009 3651 4554 2340 1133 3675 866 4727 3146 685 867 2278 2728 4292 1005
3604267,4871 1742 2625 2565 714 3675 1015 2123 3300 450 2780 3499 3121 4791
1479093,4554 424 4624 3675 1133 4850 3062 4585 4292 2087 900 4302 3489 3371 2196 1450 4903 3773 3146 1388 2340 3277 3969 982 1136 62
3863621,2034 245 4964 3951 1990 4587 1694 3197 4471 3916 487 2188 4168 1015 3778 112 4385 3925 387 4357 900 2831 4987 1356 3466
3585714,3499 4587 4964 1694 4471 3951 450 1990 3371 3916 994 2431 4168 3450 3136 1356 1050 1015 4320 4727 387
1348857,3559 2818
1950923,2445 1321 801 2921 2814
1871373,3776 424 24 3478 2501 4000 4727 2728 518 930 4558
3879184,4871 116 450 3916 3951 4587 2351 1990 802 4168 4478 1356 2534 387 1694 4493 2660 3499 3778 4964 2267 1015 2431 2137 994 4727 1544 1727 3574 4305 4221 2260
2791735,2260 1442 2655 4229 3499 1742 3327 3210 1808 4478 967
3600758,112 2034 2831 900 1493 245 2099 4027 1042 420 3198 4317 1321
2064512,4727 4558 302 3574 3148 4027 2340 2728 24 2034 4587 3136 930 245 3450 4871 3478 2659 4168 709 3386 4541 112 1180 3916 2298
208615,875 3062 4494 1337 1701 4317 3242 4292 1321 571 4541 3946 930 3136 787 2008 368 2418 268 900 430 509 424 2328 3277 112 3478 4585 4053 2921
3263250,4541 2728 2099 2921 2831 4027 3085 4494 4317 3867 268 245 3131 924 3136 3146 2029 1844 3782 875 3917 3386 3242 361 112 2837 4539 55 2599
2531241,112 4357 1321 900 245 4317 875 2034 4987 3116 2188 4221 2831 4179 3197 1788
3055279,2992 151 3365 1436 4179 1337 2950 4124 564 3983 1185 1845 4357 2053 1819 4388 3036 1701 92 1225 4734 2692 2921 193 3930 2382 2583 2345 4285 1947 1243 4160 4948 4987 245 4403 546 3777 2328
840228,2921 1321 3675 4758 268 112 3062 1337 2992 4938 930 1307 4021 875 4317 3136 787 1450 1788
349579,714 4179 4964 3116 2992 2583 2594 4611 1798 2146 3951 4471 1992 245 3365 1990 4357
3699787,4871 4493 1990 4382 1167 450 2267
339935,4727 24 302 4558 3776 2728 1293 2298 3478 4541 3574 709 3148 930
3569639,4871 2260 4478 3574 2732 4168 1628 4558 1596 1167 3916 4727
1095663,1321 4317 420 2831 112 4357 2583 1307 4471 900 895 4318 875
1959017,4727 3450 4558 4871 3574 3776 4587 302 2340 2298 1628 4168 4027 1742 368 3148 3478 3136
1865702,2260 4478 4871 3574 1167 1628 1442 1439 4168 2732
2151041,2728 4558 4727 112 4541 302 4027 2099 3148 3478 3574 2425 786
3110475,2104 2260 4871 4478 4558 3574 2732 4168 1596 1628 1167 2425
1326205,4382 1339 588 2648 2608 705 2344 2156
1962816,3951 4471 1252 1990 4964 2039 3471 1322 1587 2814 2431 523 245 611 1446 1417 3011 2583 4587 2488 2984 2188 2502 1742 268 3146 3650 4276 714 4570 4096 2034 3778 88 2594 3675 398 3916 1208 2565 701
1057450,3867 268 112 2029 1307 4938 4053 1501 3198 3478 1701 4541 3782 2099 2831
257737,802 1544 1990 4221 245 193 3109 4587 3951 2034 450 1694 4871 3925 3778 3466 2490 462 1356 4179 3036 2992
2945872,2831 1493 112 2034 3198 245 2099 2029 4317 3524 900 3782 4021 4987 151 1042 4053 3197 268 420 4450 4357 3867 3131
2067724,4027 112 2034 1493 2831 245 2099 2029 2728 4317 44 900 3495 3867 268 3198 3917 55 3478 1395 3197 4587 4539 786 1990 3386 4727
1543218,424 2501 24 3776 4727 518 3478 1725 930 4000 3587 4554 866 3946 1928 2340 3443 2044
3730940,245 4987 1337 2921 4357 2992 3197 4179 3365 1225 193 4964 2692 4867 3524 151 847 2431 3982 271 582 1516 4450 2583 1819 3983 3116 4131 109 4221 4160 4053 4565 1446 1701
1808836,4964 4587 3916 3951 2034 4168 1015 245 1694 4385 1356 3499 1990 487 387 4471 450 2733 3197 4727 3148
361329,2728 302 3574 4727 4558 4027 1180 3478 4541 3450 2425
3865343,4471 1321 3951 2583 4318 245 2034 4587 4357 387 4964 3925 3197 4317 420 112 1430 2831
2630626,4317 2831 420 1493 4053 2034 112 900 3131 3198 4987 245 268 2099 1990 895 2008 3782 1337 223 1042 4027 3925 3524 1321 4450 2029 3197 2599 4494 3707
1015175,3675 1133 3009 4857 315 62 2439 4624 4554 3371 1781 3651 4585 3121 431 3489 2278 4292 1095 2196 2033 4289 1388 684 3894 3773 1005
1270862,424 4727 3587 2340 24 3561 866 900 2501 3478 930 2025 3776
1641463,4554 2278 3651 866 2728 1133 424 3146 2837 2087 4292 974 1404 683 431
3224906,245 112 2831 2034 1990 3197 1321 900 4964 4471 2583 3925 3116 2099 4021
1713670,1321 900 112 268 4317 3478 4357 2831 875 1788 368 1493 420 4987 245 1042 895
2617716,4471 2583 245 4357 3116 2188 3951 1990 4889 2095 4987 4179 4221 2431 3969 1430 4867 962 1321 4964 900 4587
1498398,3062 4292 1321 875 3675 3946 1450 2586 3136 4987 4317 900 4850 3277 4903 4736 4758 424 430 571 1788 4302
2246859,4558 4587 1757 3499 4727 4791 2340 1252 3148 3916
464295,4727 2728 930 2837 3776 2659 2340 3136 3146 424 2956 3148 4587 709
2621987,3233 3729 3908 1095 4985 3437 1198 2793 1224 4216 203 2466 3965 3003 1659 2214 1162 4471 204 538 4585 3111 4875
289356,4727 4558 302 3574 3450 3136 3148 4871 3404 930 2340 709
536986,315 3917 4027 829 2728 3925 1990 2921 967 2407 4317 71 3197 2095 4541 268 2328 1742 2831 2814 151 4303 1395 381 109 245 1191 2099 2320 223 3778 4964 3131 3675 1337 1446
1153800,1364 4964 2644 4313 2202 3421 358 785 4686 2134 362 1974 64 4354 3539 1482 3692 470 1252
2272967,245 4587 4964 3136 1694 2034 4541 112 1493 4791 1015 3197 3675 3466 1990 4179 4027 2659 4871 3951 4867 109
3881406,4587 2034 3916 245 4871 3499 3951 4964 4168 1356 1694 1990 4727 4558 1015 3109 3778 450 4027 4478 44 3148
2473284,1337 1226 2030 4094 4546 2471
1161293,2053 2992 1990 285 4388 2382 2921 1185 3036 2692 1544 4179 3109 2685
3739364,4471 3951 2034 387 245 4587 4318 4964 1990 4168 3197 4385 3466 1321 2188 487 2583 4357 2831 112 3916
2486115,4334 1133 1867 3675 972 4216 4857 3111 684 62 2439 1781 3773 4972 4013 4585 3121 4985 4315 1480 3514 3894 3013 454 3813 3265 1095 2332 3632 203 763 3833 4142 4907 4778 3928 1254 795 4320 3371
1737142,1321 4317 420 4987 112 2831 4357 1307 2583 1788 895 900 268
959674,431 2278 2033 305 4658 3938 4558 4560 4972 4727 2779 1140 2537 2793
1520080,245 2034 4471 387 4964 4587 1990 3951 4027 3116 1694 4168 4385 3916
3501014,424 2340 4727 3561 900 3478 3554 3587 368 2297 3946 347 930
633291,3917 4027 151 2823 1694 4664 2099 109 4539 2831 532 245 315 55 1572 630 1844 4053 1395 4179 4964 2746 4587 112 3197 2728 829 1701 3867 1596 3109 924 3386 1335 193 3524 582 381 2034 4357 1990 4056 4317 4541 3925 4164 3036 2599 3983 3450 44 713 3198 2733 4221
1505576,2921 245 1430 1321 895 4987 2583 1788 112 4021 2445 900 4357
3787237,449 2153 3633 3829 4964 3580 1694 4475 4570 145 4855 1324 1252 1674 2366 4078 523 3680 640 4783 4988 4083 1854 450 1035 2349 2602 4680 4923 1151 927 1052 3571 216 191 4209 1838 2146 4471 2935 1652 4167
3774648,245 112 2831 4317 4987 3197 2034 4357 151 268 3524 4450 4053 2099 1337 223 582 3198 4021 2992 2921 4179 3782 4221 2029 2320 4116 1493 420 3778 1990 4131 900 4027 3036 2668 55 3925 1694 3867 786
3752073,4317 3478 900 875 1321 112 223 2831 3085 368
2278341,1307 2921 2008 268 967 4494 1742 2831 3198 1059 4053 1475 2029 1321
1321874,112 2034 245 4357 1493 2831 900 4987 3197 4221 2099 4179 3925 4317 4053 1354 1990 4587 962 3918 922 2206 895
1004119,1701 1337 4494 4053 2418 3242 895 361 4317 2099 2992 1059 112 268 4116 3782 3085 2138 2029 4357 297 4987 4131
2184003,900 3136 1321 3478 112 930 368 3675 2025 2659 3651 4541 4758
465896,900 112 245 4357 2831 2034 895 4987
1058827,112 2831 4357 900 1307 245 3036 1321 4269 4987 895 4116 2034 4317 197 3642
2261562,630 268 112 3983 4664 1701 713 361 4494 1562 2030 4053
3472862,112 4541 268 2728 2099 4027 2424 3867 532 3478 1501 4727 4539 2029 786 630 4558 3136 4053 3495 3198 2831
1446097,1307 1321 895 268 4116 1701 4987 2921 112 4021 787 3242 2583 4938 1337 4357 361 2418
148705,2921 1701 1337 3242 361 895 3235 1307 112 3131 4053 4494 3085 2831 2138 4116 1059 2099 4867 4131 245 2328 3198 4021 2992 3431 4317 2029 4938 151 4285 1321 268
776895,3478 112 900 424 875 1321 3136 4357 4302 3062 3946 4758 430 930 4541 3587
1774034,112 2831 4053 268 1493 4987 4317 1321 900 4357 2034 245 3198 1354 420 2099 2992 3478 3782 2029 1701 3925 4450 4736 1307 3867 4021 297 151
2583966,930 3136 2025 1321 3651 3675 2659 4657 4292 3478 2837 1788
389180,2921 3085 112 245 1694 268 2831 361 2034 532 2099 4317 1844 3242 4494 3917 1493 875
2260125,1596 4871 2104 3574 2732 1167 1742 4558 4027 1628 3925 1990 462 4587 245 4478 4727 4168 387 2146 2425 3916 3951 3778
3160903,424 24 930 2025 3136 3587 2837 3651 4541 3776 4727 4736 4292 866 3277 3561 875 3946 2501 3478 2298
2043205,424 3062 4850 3946 3813 1099 3651 4471 781 3136 900 2340 4727 4292 3554 930 571
431537,2831 268 112 2921 900 3478 420 4317 1321 245 3867 1493 3198 3782 2034 786 3085 1042 2099
2774774,2921 2992 1990 2053 1430 2382 4388 2685
1336070,4334 4013 684 3632 972 763 3843 685 1886 2278 3928 2262 743 431 2332 357 315 1095 4200 3265
1346312,3062 3136 4292 424 875 3946 1321 24 930 900 4541 571 368 3478 4850 3277 430 4585
2195158,2728 2425 3696 4558 3137 2921 4541 194
2576618,753 3914 1001 2927 4906 1326 523 4139 2245 3067 3342 2880 2 2907 3037 1861 4014 3468 771 2611 3480 4632 2929 1862 3899 3057 512 4820 658 1563 44 2124 1180 2250 3363 3090 169 1940 1266 1342 2576 233 477 182 2657 3501 3713 1400 288 2879 2272 2519 185 1257 3658
1484247,3574 4558 4727 4871 302 4027 3450 3148 2728 2340 175
1643693,245 112 4357 2034 4221 4987 3197 4179 900 4587 3116 2831 962 1990 3778 2992 4889 4116 3036 4964 2099 2188 1493
938077,2831 112 245 4317 420 2921 2034 1493 4357 895 4987 268 1307 900 2992 3925 3197 1321 4053 1337 4021 151 3524 3782 3198 1990
2371349,847 2583 1430 4471 2431 4964 3969 4987 895 4867 197 3116 1321 2095 4926 4357 2565 3197 4179
1298116,4317 2831 1321 112 900 420 4021 1788 3198 4987 2034 268 1307 245 1493 3782 3925 4053 895 2921
1237575,4317 268 2008 1321 875 4987 4541 900 3675 3136 3062 787 420 2025 3478 368 223 112 895 2921 1788 4053 930 4938 2831 1042 3782 3946 4494
420908,424 3136 3813 3946 4850 3651 3587 3062 3554 982 2340 4302 2837 4727 4471 2297 368 930
3665826,2831 112 900 3478 268 2728 3867 1042 1493 4317 2099 4027 3495 786 4494 3782
1682386,1133 3675 3062 4857 4292 2196 3121 62 4585 3371 1781 1095 1388 4554 3009 3651 1973 3773 2439 866 4289 2402 1164 431 315 4183 378 4850 4142 2262 1035
1127266,245 4964 4587 4179 1694 2034 4357 4791 3951 3863 3197 3116 193 4471 4926 4987 3011 109 1516 1990 4221 2431 3969 3300 1015
1917783,4357 245 3116 4179 4221 4987 2992 4867 4116 4471 112 4269 4889 895 1990 900 1798 3197
3844452,424 3946 3136 3062 3813 368 900 2297 4302 3554 4471 2586 3478 4850 1099 4292 430 571 3587
1229781,4727 2340 424 24 3478 3136 3776
1749772,4541 1293 3283 4539 1469
3786787,1035 4471 1072 487 3101 245 1694 3773 4855 675 4029 515 1170 2919 3136 2439 2611 1912 1576 3843 3810 4964 1268 2006 4587 1149 684
492824,1321 4471 4318 2583 1788 2034 1430 245 2431 4587 3675 4987 4021 962 3951 1990 4357 900
2760812,3916 4587 4964 4168 3951 1356 2034 4320 1015 4727 3148 3499 2340 2746 245 4027 4390 4179 387 1694 4558 4221 3116 2351 2188 44 1395 582 3778 1990 109
2696267,709 3776 4727 4558 302
841370,1307 2583 4987 4021 2320 2992 1990 1337 2921 4867 4317 3197 895 420 1321 245 4471 4938 1701 4053 112 4116 2431 1446 3198 4357 3782 3925 2831 1430 4450
1532861,1321 787 2921 900 268 875 3242 3675 3136 4494 368 2138 3062 112 895 1701 4987 2328 2008 1337 4292 4317 1450 3478 1788 4541
3539814,3276 1133 974 431 2278 2728 2837 4554 866 4471 3651 2033 14
3149506,245 4357 4987 4964 4179 3116 4867 4471 3197 197 4221 2583 2992 4889 112 2431 1430 4510 3969 4926
1270005,2034 3916 1356 3951 4587 4964 4385 1015 4727 245 1694 1990 4168 3499 3148 450 387 4558 3778 4027 3136 2733 2340 487
780531,2852 603 1818 4634 1436 3708 4274 799 1691 2047 4607 3267 219 480 361
788109,112 1493 2831 900 2034 245 4317 1321 4987 420 4357 1042 1788 268 3197 3478 3782 922
1152070,4317 2831 2599 1337 3131 151 2328 2320 223 2921 2008 1990 4285 4987 3406 381 2099 3917 3925 245 4053 268 420 3782 4131 297 4450 3197 2407 2992 315 3198 2029 4021
1227147,3499 4587 4558 1757 4727 4871 4447
345603,4317 2831 112 4021 245 4987 2034 900 4471 1307 2320 3782 4867 1321 4357 1844 3198 420 4053 962 1446 4450 2431 3707 2583 1990 223 4587 4131 3197 1701
2213310,4587 4727 4558 3136 2728 930 3146 2659 709 2837
1015342,112 245 4471 2034 2831 3951 1321 4357 1307 3197 1990 4317 4587 4021 3116 4168 2583 4318 4964 4179 1430
2092401,4382 2156 3234 1234 1448 588 2648 3427
2169169,3675 1133 3009 3371 3121 4289 4554 2087 4624 1388 3651 62 4292 2196 4183 709 4585
2570192,3675 1133 3489 4554 424 4624 4585 4850 315 4292 3009 3121 3773 2087 347 1248 1136 2402 763 982 4903 3894 4613 3702 4106 1928 3371
3050332,4317 875 3062 1321 4736 3946 3277 4292 900 3675 2025 420 430 368 1450 223 3136 4987 2008 4758 3478 2983 4302 268 2586
3493151,588 2108 2648 3877 4382 1234 1873 4242 1741 116 3089 441 2156 4359 107
2719357,1493 3131 4317 223 2831 420 3198 3524 2599 924 3867 268 3782 2029 4207 4987 2034 1990 1325 4131 829 3386 4027 3925 2099 3917 662 3778 4053 1337 245 1475 2668 1042 3197 3707 1307 3495 1612 4450 1191 3431 4021 151 3235 4938 3047 3918 2719 4539 297
3361794,1321 900 112 2034 2831 245 1788 420 2583 268 895 4317 4318 4357 1493 4987 1042 2206 4471 1786
1157526,2921 2831 420 2445 245 3524 1493 1701 1337 1533 2328 4987 4496 2034 1694 271
3129673,3574 4727 302 4558 4871 2728 3148 3450
536635,4317 4053 3707 4021 151 4987 3197 297 112 1337 1493 4357 420 2320 4450 2034 2831 3782 3406 1042 3642 4116 245 3524 4221 223 4867 2992 4565 2029 3778 3198 895 4269 4131 2668 4938 4148 2099 1307 900 3036 1947 3983 2599 1321 136 1701 3131
1898544,2651 3392 1238 4216 4583 1974 4816 3128 4460 432 1133 3453 1814 3987 4471 1082 3979 1324 4964 1431 1781 2095 1150 1388 2271 2362 1198 139 4393 4585 1560 1764 4987 4985 4491 1095 1480 4849 1207
344040,3136 4727 930 368 4587 2340 2837 3651 3675 2025 3776 3478 424 4758 3554 3148 4292 1404 3494 867
3119538,1321 3062 1788 1450 4987 3675 4021 4758 895 1446 3969 3946 4471 4357 2583 2432 2921 4317
2585054,1133 4554 866 4240 431 2278 974 59 424 3651 4471 2456 14 4758 3675
2736439,302 4558 3574 2728 2425 4727 2099 4541 3404 1293
1141328,268 112 3867 4053 4938 1307 3478 1501 1701 4541 4987 245 1321 3198 2029 2831 4357 2034 3136 900 3495
3732238,1562 3696 268 1220 4442 112 3977 4198 194
144885,4558 3574 302 2425 2728 4727 4539 1293 391 2100 2099 3404
1908497,2921 3085 875 2025 268 3136 112 3478 930 1321 2445 787 3675 368 1533 3242
1662316,424 781 4850 1099 3813 3062 3946 900 3136 3587 4302 982 3554 4471 2297 2586 347 3277 368
1347764,112 2029 1307 3867 268 1501 4938 4541 3198 4539 4053 1701 3478
1444680,116 2260 4871 4493 450 4478 1990
3562125,112 4539 2099 4541 55 245 2728 4558 1501 630 2029 4027 4587 1293 2425 151 532
87687,1321 4021 4317 2831 900 112 1788 2034 2583 4318 3198 245 4987 895 268 4357 4471 1307 962 2921 1493 2320 1430 4116 3925
1846390,71 2992 2053 4811 315 3036 4179 2146 367 1596 1990 1185 1742 193 4399 109 3917 2382 4124 2360 4964 2746 630 3365 2921 1819 1105 245
169999,3776 2728 24 424 2501 4000 4727 3478 709 4554 2278 4558 2340 3443
2530144,3866 3685 967 2193 4311 2899 3667 4027 1230 1034 2905 1017 900 2211 4424 3211 2423 1349 1473 2728 4029 3420 4006 1257 4565 3776 4056 2337 4000 4926 472 4207 4139 414 800 3899 1066 4130 4317 2704 4727 3951 4471 3224 3443
3508708,3373 4171 2761 799 597 4992 141 358 788 4071 3168 4759 1637 4964 1568 3653 538 1708 2651 3987 3471 3020 4678 3708 3978 2095 962 1061 3736 4750 2301 1238 3079 2588 4945 4429
637743,4027 112 2831 2034 2728 245 2099 4558 1493 3917 2425 4539 3478 44 4727 3867 3148 4541 4587 3386 1395 268 3574 3495 900 2029 786 1990
3540101,2921 787 112 420 268 2831 1321 245 3242 3925 1701 895 4317 2992 900 2583
3201719,2053 3865 2992 2382 1331 1544 4306 4441 3490
2957614,875 4317 112 3478 4541 3651 3062 900 3136 4053 2831 1701 930 4302 571 24 2025 3782 4494 368 223 1414 1742 3867 2728 3587 3946 3146 1501
1021323,1878 2921 1284 3140 2992 4936 3739 2445
473113,4317 1321 2831 420 1788 1493 112 4987 900 895 3131 1042 136 4021 2034 1307 3782 268 4736 4450 4053 1354 3198
1435644,2037 3795 1096 3895 2927 3719 4741 4438 2784 1045 2576 2227
3866568,1321 4317 4021 1788 2831 4987 245 900 223 4471 4357 2583 2034 420 112
651807,3198 2831 4021 3782 4317 1493 1307 2029 112 4987 4938 420 3131 2668 2034 268 223 4736 2099 4450 4053 1042 3524 245 4131 1321 297 3107 3867 3235 900
1779743,3062 3946 3136 424 4292 4850 1321 3502 2586 982 4758 3813 3587 3277 1450 2297 571 368 4302 1099 900
319460,3675 62 4554 1133 3773 4585 4292 3121 3371 4471 3489 2188 3062 2583 3009 1388 4142 1450 4289 2196 315 2087 1248 4624 4850 3969
1436927,1321 787 268 1701 2418 2921 1788 1307 875 3242 2138 4987 1450 895 4494 3062 4021 361
3559319,1321 2583 4357 4471 4318 900 112 895 1430 1788 4987 245 2431 2034 2831 962 3925 420 2206 4021 4317 2320
3092766,2921 2565 1321 1742 2328 2603 2445 1337 2583 2992 787
3909517,4587 3136 4471 424 2340 4727 3946 1404 4390 368 1015 487 2034 1694 4964 3554
1105710,268 4541 3478 3675 3136 900 4317 223 368 1321 930 1191 112 787 2025 4987 1450 867 2831 4938
1205397,4964 3951 4587 245 1252 1694 1990 3499 4471 4791 3916 2034 1015 4320 2431
1216924,2831 4317 3131 1493 420 2034 3198 4987 112 4053 245 900 223 2099 3782 268 1307 3524 1990 1337 922 1321 4450 895 3925 3197 4131 2599 2029 4847
3174123,3062 1388 3675 4292 4624 1133 2196 4850 3946 4758 1450 1251 3146 344 1321 3651 867 4113 3773 424
1839661,847 2583 1321 3969 4987 4926 1430 4357 2431 2921 4471 245 2565 4964 2445 197 3675 895 3197 4867
241878,245 1897 4357 4987 197 2034 3197 301 3116
2370968,2034 4727 3916 4587 3951 1356 1990 4871 387 4558 3148 3136 245 4027 4385 4964 1015 3675 2659 2137 3778 3925 2894 450 305
98573,1321 1788 3969 982 875 59 1450 3277 3062 4736 4113 895
1396156,4317 900 1321 3675 4987 112 420 268 875 895 2831 3478 3062 787 1042 1450 1788 4053
989134,3916 2034 4964 3951 1990 1694 4385 3778 1015 4471 4168 4587 245 2431 3197 1252 4221 3136 523 3499
2719631,112 1321 4116 4987 895 4021 2992 900 1307 245 4317 4357 2921 4053 268 4938 4867 2831 787 1788 1701
1281403,424 3946 3136 3062 982 4850 900 3587 4292 3651 4302 3554
1186253,895 900 2831 1321 112 4317 2583 4357 197 420 4987 2921
2216981,245 2831 4987 2034 112 4317 900 3197 4357 1990 3925 151 1493 3198 2320 268 1321 4221 223 3036 2099
1683543,4027 2034 4727 3148 4587 4558 3951 302 44 2728 245 4871 1356 3916 1990 2340 3386 3478 1015
3665328,3062 3136 3946 1321 3502 4585 1450 875 3675 571 2565 4758 4471 4903
1021804,4554 2278 866 1133 424 4292 3146 3651 3776 2728 1404 431 3675 2340 2087 683
3682964,4587 1321 245 1252 3951 3969 4717 1788 41 3421 1404 4964 1990 2583 4471 4791 3499 4357 3136
1059322,145 584 2153 3193 490 2835 449 2207 1144 1574 4209 3633 927 2819 2462 862 3680 1151 4879 2088 3045 3829 4783 4593 1538 1035 6
3125797,4587 245 4964 3916 4871 4168 3778 1694 3951 44 1990 1015 2034 3499 3109 4179 1356 4221 4027 4390 2146 4558
3131416,4964 4471 1587 2583 2565 3471 2431 1742 1252 3675 3951 701 1516 245 4791 1322 2095 1430 4587 3863 193
1886825,4317 2831 4053 112 1701 2320 900 1844 3198 1307 245 4357 420 3707 4494 3782 4987 3131 223 1059 1337 3524 2034 4450 647 3867 3925 1321 4116 3478 875 4021 2099 1446 3197 2029 151
3010291,3136 930 2837 2025 2956 3146 709 2728 2659 4235 3776 3478 866 3651 818 4727 4541
2243100,245 2034 112 4357 2831 3197 1493 3198 4587 4987 268 900 1321 3925 4179 4221 962 3778 2320 4021 4471 1990 2992 2583 4889
3543512,4471 2431 4964 3675 4179 1430 4988 193 2153 4855 2583 1321 4570 3197 3510 1788 4460 4142 1450 3773 3116 3396 1252
730569,3776 930 4727 3136 2837 2728 3146 4235 709
1798170,1493 112 151 2831 245 3524 4053 4987 4317 2099 3198 4021 4285 3197 1337 2034 4450 4357 2029 3782 3131 4867 4131 420 1990 2992 223 3707 2008 4116 2320 4221 4496
1704943,2445 2921 895 1321 847 4317 361 1788 420 4987 4450 801 197 3242 2431 4021
325494,1301 1615 4424 3186 1034 2193 4836 1816 1918 472 1473 2899 2211 3313 4926 3358 4311 2423 4178 4000 324 3163 4092 3446 430 900 3776 3443 2038
415770,2728 2837 930 3651 3136 4541 3478 112 268 245 867 4727 4027 900 368 3675 2659 2424 875 2921
3402375,900 112 1321 930 3478 4317 3675 2831 4357 3136 268 245 875 4987 4471 1450 420 1042
3115758,630 2728 4494 268 532 3696 2425 3917 2921 4027 194 1596 1540 361
3733278,649 1618 3510 817 3020
3112709,4021 1307 895 1321 2583 2921 1337 4987 4317 4357 1446
1517718,1928 2439 3675 2681 3450 1399 709 578 3010 566 4955 4857 4106 684 4874 2402 62 1532 4907 1095 4292 3371 3773 3121
3551742,245 1694 2034 4587 4964 4987 3136 1404 3197 1990 4357 1321 1788 1015 4791 487
2460943,112 2831 1493 900 2034 245 3198 4357 4317 4053 1307 268 2099 2029 4987 3782 1321 895 3197 3524 1042
2875102,112 2831 2034 3198 900 245 4021 1493 1321 268 4357 4317 4116 2029 2099 3197 4053 2992 4987 151 962 1307 3778 3036
1253139,4541 2728 3478 112 4539 2099 2425 4558 268 1293
2822346,3951 387 2034 4964 1694 245 4587 3916 4385 4168 1990 4027 1167 4471 4727 2733
3067194,3079 3732 3471 1448 1906 1580 3934
2152449,2728 4587 3776 709 156 4727 3146 4558 3499 245 112 3148 2340 4791 930 2950 4221 109
212926,4871 3574 4558 4727 1596 2260 4478 1628 4168
698692,4541 3136 112 3478 930 4727 268 245 3675 2025 368 2728 900 2034 3651 4027
2224052,4964 3951 245 4587 2034 1990 1694 4179 3466 3197 4867 3279 1015 3778 450 193 4320 487 3185 4791 109
1051414,3421 2565 2147 1321 3778 931 1430 1788 2392 3969 470 4964 3946 4318 4987 4179 2583 2409 304 1539 1992 1727 4926 3121 3275 3463 1439 3116 1742 3675 4460 714 2111
1015938,4964 4168 4587 3951 2034 245 4471 4179 3916 1990 4221 3116 450 3778 3109 4871 2188 3499 387 4385 4727
1959031,4587 4964 1694 4168 1015 3916 3951 2034 245 1990 3499 4727 3136 4471 1356
2711297,4471 2034 1990 4587 4964 245 3951 450 4385 2431 387 3675 3916 2583 4318
1522585,4317 3707 4053 420 4021 3782 1042 895 1337 1307 3406 2029 4116 297 4987 4450 4131 2320 3198 2831 1701 4938 2668 1493 112 3107 1321 4494 2099 136
2459251,1321 2583 4471 4318 4357 112 1430 420 4317 1307 2831 895 900
866423,431 2278 2033 305 4727 4560 4658 4558 3938 1140 2779 4767 1694 4587 2340 4972
2809026,4388 2487 2685 2382 1544 2053 285 2600 4441 2992
2352937,4320 4587 1015 450 3951 3499 4964 3916 1694 4611 1990 3185 3778 216
1241025,4554 1133 3675 4292 431 3651 3371 866 2196 4758 3062 2837 3146 2278 1781 378 1095 305
666056,1321 4987 1788 900 4317 112 4357 4736 3062 895 4021 420 136 875 3969 2586 3406 2831 3277 2008
290673,1133 431 4554 3651 2278 866 4624 3675 2033 4292 2837 3009 2196 1095 305
968020,2728 4558 2340 4727 302 3148 2425 3776 3499 1526
1714855,4266 4216 4857 221 3233 3094 4471 3780 4985 2710 3125 4376
658112,3062 3136 3946 3502 4292 1321 3675 424 1450 4471 4302 2586 900 4903 4758 368
174767,112 2831 1307 2921 4021 4053 895 4317 1337 4116 3198 1321 4987 4131 3782 4357 420 245 2992 268 2034 4938 2583 1493 1701
1231719,2153 4611 566 22 4855 2508 1080 2697 1176 490 3396 1810 2725 3354 1652 4222 1574 3722 3675 450 2431 1731 3033 1935 4471 1808 1898 3829 523 4876 4837 2853 3121 4106
1421931,3276 2728 974 4658 2837 2278 2528 4558 3651 4554
2017302,4554 866 4292 1133 424 2501 4758 431 2278 486 305 3651 930 2025 430 24 3675 3146 4727 1321 2433 2837 3478 268 2033 2196 3554 368
692298,2992 4179 1990 3036 3109 3116 193 2053 245 4964 2146 3778 2583 1185
873152,450 1990 3951 2095 1430 4964 802 3116 3778 962 4493 688 2660 1568 4852 3892 2053 4179 3499
1058891,1321 3062 787 875 2921 1701 2565 268 3242 4494 1337 368 1450 4317 4758 3675 895 3136 900 2418 3946
2979080,112 2831 245 4357 4317 900 151 3036 1307 4269 2034 4179 2188 4221 3642 4160 1321 3116 4471 3197 1990 2029
651900,4471 4964 259 3471 3951 2431 1990 4221 3197 2565 3675 2095 245 487 3925 71 193 1322 4179 1742 2582 778 2146 2895 4867 1252 4926 3863 4008 2583 4590 109 3383 2039 2611 4987 2320 315 470 2034 1611
2310118,2921 1701 3235 2992 2831 4388 1337 3242 1990 245 1059 420 4053 1493
1112707,2921 3085 2025 875 3136 368 930 3478 268 1321 787 2008 3675 3242 112 3651 1788
641314,4554 3651 2087 2340 4727 3146 3009 305 709 2837 1133 4558 2278 4624 1404 867 2728 2033 3675 431 245
3084544,3675 4554 1133 3371 3009 2087 4471 4624 4289 1321 3121 4292 1388 1781 4585 3651
2993767,2034 4587 4727 1356 245 3916 4027 1694 4558 4964 4871 3951 3148 1015 44 1990 2340 4168 3136 3499 3778 3675 4385 387
1059734,245 2034 4964 4587 4357 4221 112 4179 1694 3197 1540 4471
202710,4727 3916 4587 4558 3148 3499 4168 1356 4027 44 4871 2340 1015 2746 3951 2034 1694 245 4964
3527634,3450 1914 553 2459 2927 2766 3931 1861 1098 2276 2250 368 1928 2351 1001 4326 4289 3368 1260 2805 3776 4855 1199 2657 248 709 3621 1960 3883 2483 745
2674770,3675 1133 4554 4292 424 4585 4624 3773 3489 3121 3062 1248 2402 315 1928 4850 2087 62 3009 982 4903 3514 1136 4106 763 3371 4613 3946 3894 910
1804471,1321 2921 4317 895 2445 787 900 4021 3242 268 2583
1561143,4727 3574 4871 4027 4558 4587 245 2728 3651 1742 3778 2034 2921 1694 3951 1990 44
3650651,2921 1742 2692 4987 2814 3675 3085 268 3198 4388 2053
3451439,4554 4292 4727 866 305 2278 3146 424 709 3675 2837 3651 486 24 2501 1928 2340
2334062,245 3969 4357 1321 112 4987 4494 2921 4936 2992 1540 2034 1788 4926 895 4587 2030 4179 2831 2445 1990 3136 875 3197 361
481560,4357 245 112 4179 2034 3116 4987 2188 3197 900 4221 151 2992 4565 962 2831 4587 4867 4964 895 3778 1990 1493 582 3642 4053
1213579,245 900 4987 112 4357 2034 2831 895 3197 1321 1990 4471 962 4317 197 4221 2188 3778 2583
347362,245 2921 4987 4357 1321 2431 2583 4964 2831 1788 2034 4926 1446 526 2328 4587 1897 4221 4179 1694 3197 4471
2081525,4021 112 2921 2831 1321 1307 4987 245 4116 268 4317 4357 3198 2583 420 4450 2029 1788
603262,112 247 4466 2728 1562 2921 2029 630 1540 4494 194 3696
2940821,424 781 3062 4850 4471 3136 3946 1099 982 4292 4585 4903 4560 3813 3675
2415736,4727 3148 4558 4587 3136 4027 1356 2034 2340 4871 3916 305 1015 4168 3499 245 3951
3144214,3197 245 4964 2034 1694 4357 193 4987 3524 4221 4565 4179 1990 2992 2831 3969 3925 109 4317 1516 1493 582 3917 112 4051 2863 847 197 4053 3863 2431 1844
1620295,2728 3136 112 3146 2921 1562 4494 930 2837 709 247 866
2559636,3946 424 4624 2565 1133 3062 3675 4554 4964 4850 4292 3146 2583 3778 900 4791 3969
2716560,2034 4587 4964 3197 1694 245 582 1015 3951 3916 1990 4027 3778 2340 487 387 4179 3136 4221 4727 4471 1395 109 3675 4168 1356 4390 829 2188 2733 3148 4385 2746 450 3450 4320 193 4558 3466 3116 3925 2146 3109 1446
3015624,4471 3116 4587 4179 1990 1321 2431 4221 4987 1430 2188 4964 4867 3778 3951 2594
3566681,4972 1480 792 2439 2573 2049 1782 4857 4216 3121 3129 4681 3675 3450 3894 1781 490 1133 566 4840 2789
3911975,2160 2030 3867 2029 4938 3235 112 4053 1701 4973 895 1307 3782 2099 3198 3431 3242 4494 4160 297 3115 268 1059 1337
1341429,420 4317 1321 2831 2583 4318 4471 112 2034 3925 1307 2206 4357 900 245 4021 895 3951
2293112,2921 4388 2992 1990 1430 1544 2685 2583 1313 1464
1697864,1493 2034 4317 112 2831 245 1042 895 1990 2099 4357 4053 4987 3198 3782 2029 900 4494 3867 3197 297 4587 1321 4847 3107 922 3235 4938 3951 2320 3524 3925 1354 2206 4021 268 3778
3536497,4763 1095 3675 4757 1164 3258 4587 4292 1214 4585 3111 684 982 1781 4200 3587 3277 3833 3062 3136 2033 1072 430 1136 3265 2278 3371 109 875 3979 62 3712 2223 140 763 2824 4315 2745 4029 2793 4027 1005 1450
681387,2728 4558 2425 4727 4027 302 4539 1293 3478 4541 3574 2099 3148 112
2413257,2728 1293 2425 4539 3574 4558 4541 391 3283
464059,4550 4964 64 1838 706 4570 1694 4258 4606 1854 3020 3829 470 1207 4579 785 4783 4543 4852 449 4855 1252 3388 1652 1349 3951 2153 4475 4078 1052 3995 3844 1674 157 2482 1992 4981
2568860,1293 24 2728 4541 4727 302 4558 3574 3776 2298 2425 3478 709 3283
3235710,424 1928 3675 2501 3205 2061 930 2332 2621 2402 3470 3833 3773 4106 3010 3962
2956463,245 4587 2034 3951 4964 4168 3916 3499 4471 1694 3136 4727 3116 4179 2188 3675 112 3109
872525,2728 1596 3917 4539 2424 2425 1547 4027 4558 4225 630
1064383,1293 3574 3283 4558 3478 4539 2425 2728 4541 391
2148591,1574 71 3571 4011 2611 829 1860 449 4613 4855 2595 3713 4845 2972 4136 523 684 193 2153 75 2146 1937 490 2780 1281 3919 216 2803 1730 1538 4027 3827 2534 4900 4402 4179 1066 1322 3740 2387 779 4697 2992 24 4879 2101 3705 4950 169 2766 109 3931 4471 4964 167 3195
2115697,3951 4964 4587 4168 3916 2034 387 245 1694 4027 1395 3197 1990 1167 582 4179 487 4471 1015 4385 2733 2146 4727 4558 2340 4390 3466 4221 109 3148 2746
907657,4357 197 2992 4987 4179 4116 245 4269 3116 4051 4565 1436 3197 895 3983
1632531,3917 2099 3197 1337 630 4131 151 4027 3524 4053 2921 1493 2831 3867 245 1990 4317 829 4539 3925 2992 3198 315 2034 4664 662 1701 924 3036 3707 1694 4179 109 4565 112 268 3778 4964 2029 193 582 420 1395 4987 3782
3432401,895 2921 3242 4317 1337 1701 4053 4116 4494 1059 4131 1321 4021 1307 3235 2418 4987 3707
2195748,4964 1990 3951 4471 3863 450 4587 245 2431 4179 2095 2583 3916 3116 2034 3109 1694 2188 4867 1015 4318 2146 193 4168 3136
3157536,1544 4306 1131 3865 3440 1990
516735,2941 4382 1689 4958 1234 1448 3564 2108 3471 3427 4816 4857
894159,3121 3883 3675 2780 2439 4584 3773 454 3985 1268 62 4855 4106 566 515 955 2868 3062 2919 378 490 1576 1585 3336 4292 3159 2196 1577 1248 3371 1450 4289 4585 4717 4471 4714 4264 1388 1133 3355 1149 2900 645 3075 2697 2725 2317 2150 3009 730 3505 4383 2451 2165 675 684 1083 1510 4142 4560 4900 1972 2853
3535918,112 4357 245 900 4987 2992 3642 2034 895 4269 2831 4053
1311786,3379 2890 677 4587 2290 2930 449 4520 2223 109 2894 2746 4364 3945 2824 4027 3916 4964 4070 829 1685 4390 4179 3300 3675 1798 216 2340 2142 3148 2146
3691231,4727 3136 930 4871 1742 4587 4558 2298 3651 4541 3478 368 2025 673 245 2837 3450 302 867
3591821,1321 1788 895 3406 4021 3969 2583 4317 4471 2008 420
300271,116 2972 2508 3598 1574 2150 6 953 2697 3951 212 3829 2153 3354 1652 4347 3945 4659 3628 1143 4385 4162 4333 2502 4366 4964 911 1349 4402 3689 3396
1693682,3101 2431 2583 4357 1430 2111 552 2950 2320 4964 847 2992 2863 3969 4471 3020 3863 3519 4179 197 3778 4624 1474 1742 4926 2379 2095 4276
3621123,4964 3951 470 4587 1990 3916 216 4320 4791 2502 3499 1568 1516 2146 2660 1015 1694 4258 1757 1252 3778 3300 3829 4852
1944656,1596 1180 3574 4871 4727 4027 4558 2099 2425 2728 4539
607530,4357 4471 112 245 1321 900 4179 424 4587 4987 3116 2188 2034
444407,3946 3062 4292 3502 3772 4758 1450 1321 352 982 2297 3675 3136 2586 4302 347 4850
2703476,2831 3131 1337 151 245 2407 4317 1493 3197 268 2034 3198 2099 420 223 3917 2921 662 3524 4053 2599 3925 2008 1990 4131 4987 4027 193 3778 2328 4541 2029 1701 4179 4221 112 2992 2668 4357
2459840,4027 4727 3148 2034 4558 302 2340 4587 44 2728 3136 245 3386 4871 1356 3478 3450 112 1694 3574 2099
3903510,2921 1430 2431 2583 2275 2992 2696 4471 2582 2603 4388 4738 1825 139 2692 3365 450 2445 2685 962 1208
3564022,1990 2431 3951 245 4471 2034 4964 4357 2583 2188 1252 4987 4221 4587 2039 962 4867 4179 1446 3116 4889 3778 2594
1170771,2831 4317 1321 420 112 1307 2034 4318 3782 2583 900 3925 1788 2206
1668856,112 2831 2034 1493 245 900 4317 1321 268 2099 4027 3198 4987 3197 4053 3782 3478 1990
3248458,2728 1562 630 247 532 3696 709 4494 196 1701
2255182,4587 4357 245 112 1321 4679 526 444 4987 3421 2950 3116 1701
2298866,1307 2583 112 2831 1321 420 4021 4317 895 2206 4357 4318 3198 4471 3925 2034
610019,3148 4727 4587 4027 2034 2340 4558 302 245 44 112 900 1404 2728 1356 3916 3136 1015 3951 3478 4168 3778 2659 2099 3386 4390 930 4221 3499
972324,112 2831 4027 2034 3867 3478 3198 3495 2099 1493 900 2728 268 2029 245 786 4053 4727
2172081,2728 4558 245 4027 2034 4541 4727 2425 112 1694 3136 4587 3478 3951 3386 4539 3148 2099 3916 1015 2837 4168 2831 786
1933340,2565 2431 1742 714 3675 2534 450 3778 4871 4964 3121 1208 1990 4791 4471 3300 3951 1446 2583 245 71 3818 1321 1252
617098,1034 44 1615 4027 4898 302 4311 4192 3296 3450 1001 4727 1301 3776 1495 3186 2927 2211 3899 387 1180 2611 3358 1918 1694
3627911,2831 3867 1493 268 3198 112 2029 3478 2099 3782 1307 2034 3131 4317 245 4053 3495 2921 4541 420 4027 3524 4938 786 1042 4987
3250018,900 1321 368 4317 1788 4736 3277 424 895 112 3478
1959992,112 4053 2831 1307 2029 245 4987 1321 4317 4357 136 268 4021 2034 3867 3782 1493 4938 1701 895 420 4116 151 3198 2320 4494
2991291,1493 2831 4317 245 112 2034 3198 3197 4021 151 4357 4053 268 900 2320 4987 223 3524 2099 1337 3131 3925 1321 2992 4450 2029 3782 4221 3778 4116 4179 4938 1990 4160 2668 962 4131
2425727,3062 3675 4292 1388 4624 3773 1133 3121 62 2196 3946 4758 1251 378 352 4142 3146 3651 4850 1450 344 3371 4585 4113 866 3969
2205230,221 4216 591 3094 4985 792 2710 1814 1195 432 4972 1781 4030 1108 4681 1827 992 1198 2362 1480
2007530,4972 2793 2466 4807 4857 1095 3276 4010 3277 2278 4778 203 1133 3094 3675 1214 4636 912 3632 2262 4426 2033 866
2276262,4317 2831 900 112 268 3198 245 4053 2099 3782 1321 4116 2921 2034 4987 3925 1307
2848564,4541 2728 1293 4727 3478 4558 302 4539 2425 2099 3574 930 3136
3429697,2431 4471 116 3951 551 3020 4964 4318 1990 2697 3471 1417 2565 450 3371
3316736,4686 1026 1742 144 2565 2583 2395 1587 847 2814 4132 3510 1321 2431 4142 4460 3101 3294 1788 1446 398 4855 3449 4758 4471 1430 1605 1388 1450
2060773,3062 1321 875 4317 1450 3946 3136 368 4292 900 3478 2008 930 4494 4758 1788 3969 268 895 787 3277 3502
1738571,3801 4912 3975 4266 2643
1219811,245 4357 4987 1321 2921 875 930 112 3136 4292 2025 2034 526 1788
1602725,3675 1133 4857 62 2439 3371 1095 3121 4554 315 431 3009 4292 3489 3276 4289 3651 1781 2196 684 4624 2278 4585 1388 3111 378 4106 4183
2869257,4871 3574 1596 1628 4727 1167 1990 4558 4587 245 4168 3651 4027 1180 3778 3916
2127949,4727 3148 4587 4558 2034 1356 4027 3916 4871 4168 3499 1015 2340 3450 245 44 3951 305 3136 3778 4964 3574 1694
3176110,1293 2728 4727 4558 4541 2425 112 4539 3478 24 2298
2976981,3235 2921 1307 3242 3782 112 2831 3867 420 2029 268 1337 895 3198 4317 3107 2160 4021 924 3431 4938 245 4053
874407,3499 4791 4447 4587 4558 1740 2260 1757 4727 44 2340
2111581,4558 3574 4871 2260 4478 4727 1596 1628 2425 4168 1180
795261,2728 112 4027 3478 2034 2831 2099 1493 3867 786 900 4727 4558 245 3198 2029 268
2981543,2583 1321 3116 4987 526 2328 2921 330 4926 2950 2801 1825 4357 2594 1430 245 4179 1701 1026 4471 4021
2871855,2124 4820 2929 1457 1443 2927 3855 3480 2576 4163 2288 3176 2116 4993 1454 2459 280 1349 4103 4395 2250 4906 2245
3543120,4964 4471 4587 4385 450 3951 3916 3675 2034 4168 2431 1694 1990 3020 551 4841 4889 245 116 1568 2137 1015 4570 2697 3116 3499 4320 3471 2733 387 3300 3371 2894 4221
2421497,1133 3675 1781 1095 4554 62 3121 4292 3773 4857 378 3009 3371 3651 1388 4758 2439 4585 3969 2278 431 59 76 2196 684
2953878,2831 112 3867 268 3478 4027 900 2099 2728 1493 2034 786 3198 245 3495 4317 2029 4541 1042 4053
2237493,424 4727 305 709 3675 4554 4289 1404 930 4292 2087 3371 3951 2340 3843 2196 3062 2158 248 1928 3916 1356 2033 3776 2873 2964 3450 4390 4471 2501 3146
2772615,245 4587 4964 2034 582 3197 3951 4179 2733 109 4168 4357 4471 487 1990 1694 3916 1015 4221 4987 3116 3466 2188 112 4867 387 3136 3675 3778
1619399,2728 2425 4539 4558 2424 4027 179 3917 4466 1469 2100 2099 3574
593935,2831 4021 3198 1321 4317 112 1307 900 1493 2034 3782 245 2099 420 268 895 1788
3199847,1095 4471 1133 4585 4857 3111 844 2278 4142 3518 3632 2439 1498 3471 32 3094 3675 4778 4636 1964 1829 1788 4216 121
955280,2728 3696 532 630 709 1562
1846277,2921 2583 2445 1321 1788
1319672,630 2921 1701 2099 1337 4539 4053 2992 268 1990 3917 3198 2831 112 361 151 2328
1435864,2921 4541 268 2138 4317 3131 2029 4494 112 875 3085 1337 4053 361 2728 1307 2418 2099 1701 3242 2008 3431 2328
3107801,222 4964 4724 4471 2508 3951 551 684 4320 193 4380 1322 3829 234 2697 2146 4385 1652 3675 3471 3632 3778 2534 1349 3045 62 2439 2431 1474 2657 1568
1145048,2921 4031 3739 468 4938 4910 521 1878
3626407,3567 4611 2661 522 2214 871 4576 1569 2150 4958 1238 3903 4848 3692 4471 4242 4858 4704 538 475 3233 2260 1431
2877318,4587 3916 4964 3951 4168 387 2034 4727 1015 245 3148 4179 4390 4221 4027 1990 1694 2340 4558 3499 4471 3116 1356 487 2746 3675 3197 3109 1395
3783304,2034 245 4964 112 1990 4587 4471 900 3197 2831 3951 2583 3925 4357 4987 4179
3279002,4871 3574 4558 2260 4478 4727 1596 1628 4168 1167
1687956,1321 4987 3675 2583 1788 4021 2921 2431 4471 4317 787 895 268 1446 1430 1450 4318 2565
2898263,4587 4727 3916 4871 4558 3951 2034 3148 1356 4027 4168 4964 3778 245 3499 3136 2340 4221 1990 387 4390 1015 44 4179 1694
1395723,705 1440
1791881,1133 2087 3009 3675 3651 4554 4624 2340 431 866 4292 3371 867 2278 2728 1781 315 2837 3146 2033 4585
782333,4554 1133 3651 3675 2087 866 431 2340 4292 3009 2278 2728 4624 3146 4850 867 3894 4471 3371 2837 1404 2033
2727477,1742 2565 4871 2625 2123 3675 714 2780 3121 1015 378 3778 3249 470 605 450 3300 3722 1321 4791 1727 3969 1990 3002 4095 3383
3071377,3515 4958 2644 2962 3183 116 1741 529 2108 4576
3248878,4292 1133 1164 3062 4757 683 1781 1214 424 866 3675 4554 3894 431 4850 4585 3651 1095 1973 2278 430 4880 578 1035 3371 352 4200 2196
270635,424 4727 2340 4000 982 4850 3946 3587 3062 1099 3651 2501 866 3561
708353,3276 3675 1133 4857 3651 974 4554 2278 1781 1095 431 3371 2837 3009 3121 2033 2439 2528
486062,1596 3574 1180 2425 4871 4558 4539 2728 4027 2424 2099 4727 3917 3137
1909512,900 895 2831 112 4317 1321 420 3782
611611,4317 268 2831 1321 2921 900 420 4987 223 3782 112 4021 1788 1493 3198 2099 4053 245 3478 4131 1042
957707,709 3146 2837 4558 4727 3651 4554 431 2728 2278 305 2033 2340 4658 867 1133 1404
2149812,4727 4587 3951 2034 1990 3916 4964 245 3675 4558 4385 3778 4471 450 3136 4871 1356 1694 387 1015 4027 3499 4168 1167 2431
689416,3675 1133 3062 3121 2402 3489 4292 62 315 3371 3773 4106 248 4554 1035 4624 3946 4471 378 910 4850 4903 1928 3702 4289 424 866 3159 3473 2196 4113 4585 4896 763 1388 2087 2745 684 1136 4926 982 701 4029
682095,900 1321 2831 420 4317 2921 895 112 268 245 3478 3085 3242 2034 787 3107
3824784,424 24 930 4727 3651 3136 3946 3062 4541 3478 3561 3554 2837 2728 3587 4292 368 900
1570057,900 1990 245 4867 3197 4471 4357 3778 2992 2034 112 2583 4179 197 4987 2431 4587 3925 2188 3951 4116 1430 895 2095
766668,4972 2466 2793 3276 4857 2710 4869 1108 203 4985 4025 4030 3094 1668 2090 912 2306
3530171,3116 2992 895 4867 112 3242 3109 1337 4179 582 4357 2950 2095 245 4053 2921 3036 4964 361 962 1701 4116
501603,1493 2831 4317 223 3198 3131 420 2034 3524 3782 2029 2099 3867 4987 2599 268 1990 4053 4131 245 3925 4207 924 3386 4450 4027 3197 4021 112 1042 3778 829 1612 1325 3707 297 3917 1307 3495 1337 151 2668 662 4938 3918 2719 4736 900 3431 1694 3235 922 271 4539
741890,3574 2425 4558 1596 1180 4871 4027 4727 1742 2099 3761 3917
442305,3675 4554 3062 1133 3651 4292 4289 2087 2196 3371 3277 62 2033 378 4758 866 3121 4302 4624 305 1450 3554 4896 1928 431 3773 4727 4183 3009 1972 3489 910
2347063,2034 4964 3951 4587 245 3916 4727 4027 1694 1990 4385 387 4168 1015 4558 1356 4471 1395 3197 3136 2733 3778
231100,3136 4727 930 3450 2837 2340 3148 3776 3651 4587 368 3561 3494 424 2025 4558 2659 24 3554
2826229,660 1576 2043 619 90 1170 3793 4692 3807 691 1273 2303 4321 1635 515 4613 1072 4900 1083 3331 4136 2715 1405 3012 248 4855 1601 2374 3075 1816 3101 1811 4162 474 4471 4292 4653 3689 3883 1268 684 2919 2925 4560 353 2780 4180 2725 2153 3060 1510 4584 4106 263 3209 414 176 4373 4641 2431 3336 2402 3446 4854 4358
397047,3062 3946 4292 3277 875 1321 4317 4736 900 424 982 3136 2983 4758 2025 1450 4987 4357 3675 430 4302 223 3502 368
3636211,4727 3916 4558 4871 4587 1356 4168 1015 3499 1694 116 2340 2746 387 4478 1167 4447 3951
1917907,424 2501 2262 763 135 2061 4807 357 4980 1725
2198026,2728 1540 4027 4587 4494 112 245 532 1493 630
1196225,2260 162 450 1587 2261 4855 398 3499 3520 759 3033 1854 4611 4304 2679 73 1808 1742 3423 3327 4460 3519 3650 1252 3689 1727 116 291 3536
2868304,3 1559 3984 4227 277 2437 2617 3092 2824 2894 3825 2508 292 4242 27 2092 1513 1685 4699 490 2202 633 2651 3945 970 985 3454 4683 4611 3558 640 1999 2771 674 684 1112 557 4434 1538 2353 2352 212 3238 350 3829 971 1392 3576 3916 4437 1648 3675 779 3439 3265
2400498,3136 368 4587 4471 4727 3651 3675 2431 3946 4292 930 4302 4758 4458 245
3244743,4317 875 900 223 3062 3675 1321 3277 930 3478 368 4736 3136 268 4357 1450 4987 112 3946 1788 424 2025
1823928,3062 4624 4292 3946 3675 4850 1388 1133 4758 1450 1321 3969 344 3651 4585 4302 431 2586 3146 1251 378 3277 3773 1788 2196 867 4142 3478 3121 62 966 2087 3371
936939,2728 2424 4539 4541 112 2425 3478 4558 2029 1501
2773459,424 3136 368 3946 3478 3587 4292 982 900 4850 930 2297 2025 3651 4727 3554 3062 4302 571 3561 2340 2837 430
1594964,566 1810 4611 4660 2697 2853 4855 2153 1252 2137 4471 2431 1898 257 3793 3101 450 2725 2999 3121 2508 490 3829 3827 523 2534 1083 3675 3045 4420 1244 3355 2454 1322 2217 3396 1080 684 1452 4475 829 1510 515 3958 3033 3371 2357 1652 3159 1574 4964 2146 2439 1268 449 4385 2611 259 4984 2317 3883 3393 2150
589071,1321 2921 245 268 112 4357 4987 4116 2992 3925 2583 4317 900 2320 787 2831
3467722,245 2921 2992 1990 3036 4357 112 3925 3778 2831 900 895 4179 4587
3682043,2588 460 1699 1172 946 2491 511 3128 493 2111 4987 1764 4471 2420 916 3948 4784 3025 2431 4460 1852 4280 4318 3523
2336442,900 245 112 1321 4987 2831 4357 2583 4317 2034 4021 1430 1788 962 197 4471
156678,3574 1180 2425 2728 4558 4541 4727 3283 4539 3404 4871 2099
3538569,2439 3675 4857 62 1133 4289 4972 4471 1095 2402 684 3121 578 1964 3371 566 4907 2049 4585 4142 4855
3462044,2034 4964 4471 3197 1990 3951 3778 245 3916 4221 1694 4587 1015 4385 3116 4867 4168 2431 4570 4987 3675 4179 1252 582 193 1446 778 2188 1798 487 2733 3011 4357 3109 4852
2871486,1321 4987 4317 1307 4357 112 895 268 1788 4021 4053 900 3782 787 875 2831 3062
3488941,112 1307 2029
304621,4558 2728 4727 2340 1289 3148 44 2837
1515886,3136 4727 930 424 3651 3554 3494 2837 3561 2340 2025 3776 368 3675 24 3478 4541 3587 1404
1003276,245 1694 4964 2034 4587 1142 1844 4179 193 4027 1990 1015 4791 4811 3386 4221 800 3197 1493 1516
1745503,2992 2685 2053 2921 285 2382 1544 1990 4388
701653,4871 1596 4587 4168 3651 245 4727 1628 3574 4478 4558 1167 994 3916 1990 4027 1694 2260 2034
2266417,4357 245 4987 197 4221 3116 3197 2992 3969 2034 4179 4889 4565 4116 112 3642
704396,895 4317 4053 3107 900 112 4987 1701 1059 4357 2992 3242 4494 3642 3782 1321 787 1337 297 4116
517440,1133 3675 3121 3062 4292 62 4554 4624 1095 2087 4585 1781 866 2196 3773 4857 3371 378 4289 2439 431 1450 3651 2402 4183 315 3969 4896 4758
3282675,2992 2053 4357 245 4179 2583 3036 3365
2823958,4501 1431 1347 4471 317 2713 4216 4875 874 1282 3592 1925 4266 3780 4186 4570 3905 2401 3247 1162 3233 2997 3068 1915 2200 644 2888 1686 3533 687 2253 4393 4857 4324 3061 2687 1643 1082 1456 1122 4455 2958 495 3328 4044 3471 1480 2878 394 4947
3411942,2728 930 2837 3136 2025 3478 4541 4727
1236929,3951 4587 2034 4964 1990 4385 487 4471 387 3916 4727 1694 4027 245 4168 1167 3136 3197 1015 450 1395 3466 4558 3148 2340 3675 4641 3778
2555930,424 4850 982 781 900 3062 1099 3946 430 3813 2586 571 3136 4302
2190084,4587 2728 4727 3136 4558 3499 930 245
1889809,4554 424 2501 4292 3946 3062 4758 1928 4302 3478 3277 763 1321 930 368 305 866 709 486
545888,4306 2382 1131 3865 671 3490 4441 2487
3630996,245 112 900 2831 4357 1321 4987 4317 2034 1990 1788 420 2583 4471 2320 3925
2042237,245 2831 112 4357 2320 3782 151 4021 4317 4179 2034 3197 4053 4116 4987 3198 2099 3524 3925 4221 2992 1990 2668
1571515,4256 4010 454 4663 32 1095 4315 3061 76 3632 3928 923 1781 4216 4585 1133 1480 4850 685 3233 1388 3894 2439 3009 1198 2278
2200801,2728 4558 4587 1015 1757 2340 4791 3499 4727 245 3136 3146 2837 4447 2659 1694
1360387,4558 4871 1596 3574 4587 4027 2425 4168 4478 2732 2260 44 1180 4727 3916 245 1167 1742
3849464,2992 112 900 245 4317 2099 4357 4053 2921 2831 151 2034 4131 3198 3197 3782
1092113,2921 1990 4964 4471 245 2034 4587 4221 3778 3675 3951 962 2583 3116 1430 4987 2992 4179 3925 1446 2188 3197 4889
2377237,3062 3946 3136 3813 424 2586 2297 4850 1099 1321 4292 4758 3502 3554 378 4903 4302 3969 3587 4471 571 4585 1450
2619670,4727 4558 302 3574 4027 3148 4871 2340 3450 4587 2728 3917 44
3533138,2814 1742 3675 2728 4471 315 2583 4317 2565 2921 967 268 2095 1446 900 2328
3586543,3062 3946 3136 4292 424 3502 1321 352 368 4758 3813 1450 4850 1099 900 4471 3277 4585 3554 982 2586
2456569,4541 268 930 3478 112 55 2837 245 2025 3867 2099 24 3136 875 4317 2831 2728 424 3131 3782 4027 1501 4727 4053 2029 1493 3651 3198 1694 3675 900 2034 368
1270129,866 431 2278 1133 4554 424 2033 305 3146 3651 4292 4727 486 3675 2837 2196
3288390,4727 4558 3574 2728 3148 4027 302 2340
292639,2921 2728 4494 268 1540 875 112 4541 3478 245 2831 3085
1415844,3276 4972 2528 3651 2033 974 4658 305 4857 4554 2278 4558 1095 2728
3763408,4587 2034 4964 3951 245 2188 4168 3916 3778 1990 3116 4727 3499 4179 4320 387 4221 1694 3197 1015 1356 3109 4871
3349639,1321 895 4021 4987 1788 2583 4317 112 420 4357 4867 245 2831 1430 3406 2008 900 4116 136 2921 2992 4450 1493 1307 3036 962
1740937,4727 4558 4587 3148 2034 3450 3136 4027 2340 4871 245 1356 4168 3916 1015 3778
1302114,1321 3136 900 3675 2921 2328 3062 112 4471 4292 4585 368 875 2008 424 4987
3548020,4317 223 2831 1493 3131 268 420 2034 829 2599 3524 1337 3198 245 4027 3197 1191 4987 3925 3675 1990 900 4131 2008 4450 2320 4207 3782 4053 3917 2099 2921 4736 1042 3386 2668 315 3778 151 4541
1788546,4317 2921 3131 2831 3707 420 4987 4131 895 4565 4357 4021 3524 1493 1042 2599 1321 112 1990 1337 2099 3107 2992 3197
558406,475 4216 806 792 4010 1095 3564
1039302,424 3062 3946 900 3136 4292 368 1321 3554 430 2297 571 3587 2586 1099 4850 875 3478 4302
2808039,112 245 1421 1307 2921 4494
1916853,3916 2034 4587 4964 3951 4727 4168 1356 1694 3499 245 1015 44 3148 1990 4027 4558 387 4871 4385 3778
1127425,4027 1694 245 3917 2921 4964 1493 2728 1540 1395 2831 3197 800 1990 2599 3386 4494 2034 4317 109 2099 268 3863
997916,4317 2831 245 2034 1493 4021 112 223 3197 3198 4987 3524 1990 268 151 3925 420 4131 2099 3782 2029 1321 4450 4357 4053 900 2599 3131
357051,245 1694 2034 4587 112 1493 4357 3197 1540 4964 4179 4221
2643798,4539 2029 112 3867 924 4558 1469 1307 2099 532 1501 4027 630
339116,4558 4727 2728 3574 709
1545715,2921 4388 2992 1990 2583 1430 245 2445 3925
1471133,1133 3675 4857 4624 3651 4554 62 3009 4292 3121 315 431 3371 1095 2278 2196 4585 3489 2033 2439 3062 1781 4289
1044702,3867 2029 112 3198 1307 268 2831 2099 4539 1493 4053 4938 3782 1501 924 3524 3495 151 3131 3431 1337 2034 245 3235 4027 1701 630
1210204,4558 4727 3574 302 2728 4027 1180 2425 4871 3478 2424 2099 3148 1596
1141393,2831 4317 112 420 1307 3782 2029 4053 2034 3131 3198 223 151 1321 4450 2320 245 2099 3925 3197 268 2668 297 4987 4021 4565 4938 4357 3524
398257,895 1307 1321 900 112 1337 3242 4053
2384252,4471 4964 3951 245 2034 4587 1990 3116 3197 2583 582 4221 450 3675 4179 3778 4168 4385 4318 4320 4987 4889 2733 387
5705,3062 4292 4624 3946 1388 3675 3773 2196 4113 4850 424 1133 4758 3146 1251 59 1321 352 3969 344 866
1487609,2728 112 4541 4494 2837
1065026,2728 2425 4539 1293 3436
3830554,630 2728 268 4664 532 3917 112 4494 3696 1562 361 713 1547 4027 2099 1493 2425
1459901,4558 4871 4587 4168 245 3574 4541 2728 1694 4221 4027 3499 1596 2099
284651,1464 1430 1990 2685 962 2992 1535 3036 1825 1544 4493 2583 2431 4035
1344532,4587 4727 2034 3148 4027 4558 245 3916 4168 1015 1694 3951 2340 3136 387 4964 1356 1990 4390 44
2247811,4311 3866 2193 3667 4006 3899 4139 3211 900 3776 4727 1473 2905 1349 44 4027 1017 3685 3788 1034 2899 4000 2880 967 2704 2728 3443 2423 3951 3420
615619,315 2402 3675 1133 4292 3062 62 3121 4624 3489 3773 4554 1928 4106 3371 3514 578 2087 866 4850 2196 248 1035 4289 4585 910 4903 378 1173 4029 424 4896 3702 1136 109 763 3946 2188 4142
1463737,1321 4317 4987 3406 895 268 4021 2583 1701 4357 4494 1788 420 2921 1307 2008 3969 875 1337 900 2831
2692473,245 2034 3951 2188 1430 962 4318 1990 3116 4587 2583
2687080,2087 2728 3146 2278 3009 2340 3651 424 2837 4624 4558 709 866 867 3675 431
1473837,1321 4471 1788 4318 3675 4987 1450 2583 895 3062 4021 1430 4758
3568018,4471 4587 3951 2034 1990 3136 4964 2431 4727 245 387 1694 3916 1015 1252 487 368 4027 2733 3675 4385 1446 2423 3466 3778
532446,1321 1788 3969 982 59 4113 1450 3277 4987 3062 875 3136 2432 4758
899902,1535 1464 2382 1544 2685 1990 1430 3440
3035786,245 2831 112 2034 3197 420 4317 4357 4027 1990 1321 900 3925 4471 3951 2583 1694 4964 4021 3466
2679549,3136 2728 875 4541 2025 2956 2837 2921 930
1173271,1321 4987 4357 895 2583 4471 1430 4021 1788 112 4867 1307 962 3642 4317 1446 245 4116
519669,2831 1321 900 4317 1788 112 1042 2583 895 2034 420 1493
2135811,3739 4938 4936 3782 2030 40 2668 1953 1507 895 4910 568 736
610339,2766 2621 1928 3678 553 3450 2332 2270 368 3470 3621 2245 4326 2402 3931 585 2740 4855
3589254,4727 3916 4558 4871 2034 3951 1356 4587 4027 3148 3499 1015 4385 245 44 4168 4478 2340 4964 1990 2728
1746464,268 1321 1701 2921 4317 4494 787 900 3242 2138 1337 2418 361 2328 895 1307 875
1549648,2728 1293 3478 4727 2425 4558 4027 3574
2449700,4964 3951 4587 3916 2034 1990 387 4168 4471 4385 450 2188 1015 4320 245 3778 3136 4727 3675 1356 4221 1395 1694 4027 582 2340 3197 4987 2733 4179 487 3116 3499 2894 3148 2746 4390 2351 4558 2137
1103254,1133 1781 4554 3675 4292 3651 1164 1095 3121 62 3009 866 431 3894 3371 1214 3111 4585 966 2837 3979 4857 1388 2278 2196 4183 4757 3062 845
3090894,4624 515 4560 474 4855 3443 2087 4584 4404 3424 2780 3843 90 1268 673 2451 3807 3570 4180 3740 1599
2146273,4357 245 4987 3197 4317 900 4221 2034 1990 2320 4471 112 4867 2831 962 895 4179 1321 197 2583 3925 4889 3116 2992 420 3778 4565
878722,4964 4587 4791 245 3499 3951 3300 1694 2562 4179 1587 1015 1516 2034 3916 4871
925834,4964 3951 4587 2034 3916 1990 4168 1694 245 450 1015 4179 582 4221 4471 387 4385 3197 487 4320 3778 1356 3675 3466 2188 3116 193 2137 2733 4841 4390 4889 1395 2146 829
1576487,4964 1516 3951 1990 2431 193 4179 4221 4611 245 3197 1322 1474 4471 3778 1798 4510 714 109 1694 3011 2095 2146 2034 4867 4791 3300 3185 1568 582 4320 3471 259 3969 1015 3116 3863 4987 470 4587 71 1446 829
326283,424 982 4850 3062 3946 1099 781 900 2586 4302 3813
1132567,4763 4757 4587 1095 3587 2278 1005 3258 3058 2824 2033 3776 982 2340 3833 1164 3675 109 4027 4200 4964 4292 1694 430 3379 1404 431 424 4727 4850 3136 1136 3651 4110 2745 3300 4029
87617,3675 1133 4554 2728 3651 3009 3146 2837 709 867 2340 4558 3371 1404 2278 2033
2207088,4611 4964 3951 1474 2853 1990 2431 4471 450 216 3863 3185 3597 714 2502 4320 398 3383 3300 4791 701 1539 3722 829 2146 470 4385 3011 3778 1516 3675 4852 1015 4587 1142
2788336,1337 895 4357 1701 2992 151 4053 297 4116 4867 3983 2099 361 4987 4131 112 3242 3036 2138 2030 4285 4317 4565 4179 3235 3642 245
2744007,1540 4811 1493 245 268 2921 1694 3146 4587 4541 4027 3386 2425 4791 3917 1395 1446 193 800 1596 709 4179 867 109 532 2728 1572 2831 1516 4558 361 1701 1844 4964
2867627,4727 4558 3148 2340 302 4587 4027 3136 3450 2728 4871
443086,4292 1164 3675 1133 1781 3651 4554 1095 431 4757 866 62 3062 2837 683 2278 1214 3371 3121 4585 4183 2196 3894 1388 966 3009
42564,2992 4357 3983 4179 1629 245 4116 4987 3115 151 4867 3778 3969 4221 2515 1337 3116 3001 4964 297 1697 4053 3197 3909 3107 4565 1939 2034 1947 736 193 1493 3559 3982 1990 895 40 2081
3814339,4871 4727 3574 4587 4558 1180 3651 245 4168 1596 4027 1628 2034 3478 1015
1118978,2030 4973 361 112 1307 4938 1337 2921 3642 895 736 3782 2992 1701
3331352,2260 4447 1140
44921,2921 2992 245 630 1596 4053 1701 3109 1493 112 1990 2034 2099 3197 3778 3925 4027 3867 4539 3198 268 4587
2015767,3574 4871 4558 1596 4727 4027 3450 1180 44 4587 245 3778
707358,112 245 2831 268 3198 2034 2099 900 4053 151 3867 4541 4027 1493 2029 2992 55 3197 4317 3478 4664 3495 4987 1701 3917 1990 4116 3782 4357 223
2995227,4587 4471 3951 3136 4964 2034 387 3675 4168 245 487 368 4318 1321 4758 1990 4727 3916 1404 4385 3197 714
2662832,3396 2050 2508 1574 3793 2972 3689 116 4855 4258 4320 1935 2469 1705 449 2697 3536 2977 684 3393 566 4011 3916 2780 1731 216 2387 3519 450 3149 1652 4964 4304 2611 364 2391 3722 1559 1578 2595 4162 2725 3829 478 4385
583024,4727 4558 2728 1289 2340 3148 2837 3776 4587 2659 3136
424641,3951 4964 4587 1990 4179 450 3109 3499 802 4168 3116 3778 245 962 4221 2095 3916 1694 3466 3036 3650 2188 4867 2034 1430
2869677,4871 4727 3916 4493 1167 4558 1990 4478 3574 1356 450
3296870,2728 112 4541 3478 4539 3867 2099 2424 786 2029 2425 268 4027 1501 4558 2831 3574
3343315,866 431 1133 4554 2033 305 2278 3675 4292 424 3062 2196 3146 4727 486 3651 1095 4558
1704901,3504 3524 1694 1493 1540 245 271 532 112 2099 4565 2831 4053 4664 630 3917 4450 109 4357 2034 3197 2921 4964 3386 713 2029 268 4987 1337
1340885,3559 2818
53913,3675 2439 3121 62 684 1133 4857 2789 3009 3773 4106 3371 1095 378 4585 1388 1248 315 3979 4292 1781 3111 3489 4142 352 4380 772 76 3894 2196 1254 708 2165 2402
3458402,3131 2831 3198 1493 268 2034 4027 245 3524 3386 3478 3867 4541 1307 2029 2099 4987 112 2599 223 4938 4317 3495 420 1990 4053 3778 3782 3925 2921 3917 3197 4539 1325 662 55 151 4450
3513203,245 2034 112 3197 4357 4587 268 1493 2831 4471 3198 3951 1321 3778 4987 1990 4179 3925 900 4964 4317 4053 3675 962 4221 4027 4021 2992 3116 582 1701 4938 2099 4116
3725962,245 4317 2831 4987 112 2034 3197 3925 2320 3198 1990 268 900 151 1493 2099 4021 4357 3782 4053 4221 1321 4116
3203352,2921 2445 2685 4388 1430 2583 1990 2992 1464
3639492,630 194 532 2728 1562 4664 3696 112 2921 4494 1596 268 1701
1127074,245 2034 1416 4317 3163 3197 1493 4964 3925 1694 4987 2599 2831 900 112 1990 420 4051 3918 4357 895 2583 2206 1216 3085
2450754,4871 4558 4727 2104 2260 3574 4478 3404 1628 1596 1167 4168 2732
1084212,2992 2583 2053 3365 2594 3865 2950 1331 4179 714 4357
2259811,930 3136 3776 2025 2659 2837 4657 4235 3146 4727 3651 866 41 3478 424
3178661,3651 3675 3009 1133 2837 4554 305 1308 2528 3371 315 867 2033 4471 2087 2340 4624 4289 3146 1035 2278 2728 245 4302 709 4292 4558 1404 268 2439 431 2196
741632,4871 4558 3574 2260 2104 1596 4478 4727 2732 4168 1167 1628 1180 2425
222659,4317 2831 1321 4021 420 2921 112 1493 3782 4987 1788 1307 4450 3198 4131 268 895 2668 1337 4357 245 900 4116
1014475,4554 3946 424 4292 3478 2087 4624 1133 3561 900 3062 4850 3675 3651 1321 4903 3146 1450 866 930 4541 347 2340 4302 2196 1788 4029 1404 3969
3101281,3276 4658 974 4558 2728 2528 2278 2837
630339,2600 2685 2487 4306 2382 1544 2053 1464 4441
1586065,1493 3524 3198 2831 2029 245 2034 151 3131 2099 662 3867 4539 3197 112 268 3386 223 4987 924 3782 1990 4053 2599 3917 55 3778 1694 4027 4541 829 1325 4317 1307 3495 271 4938 4450 4131
2317674,2728 4539 2425 1293 4558 3574
3376344,4964 216 3916 4320 4587 1015 1757 3951 470 4460 1055 387 4791 2146 1694 3499 3778 1252 3829 1990 4404
1896377,4493 450 1990 3951 1535 802 1544 1430 3333 4964 962 4871 2660 4221 462 2431
600904,578 2681 709 2332 3514 566 841 3010 1399 3675 2439 2402 4874 1532 684 1928 2049 4289 415 118 4136 1574 4667 1824 3450 515 3931
2385551,3951 4964 387 4471 3916 4385 4587 4168 2034 1990 714 1015 245 1694 2146 450 3197 487 3499
2581130,4471 2431 1990 4964 3951 450 3371 3916 1694 116 4587 4841 3020 4320 3778 2697 2565 4318 3471
1394446,2625 2123 1440 2565
458703,112 245 2034 900 1493 4357 3197 2831 4221 4179 4964 2188 4317 4587 4987 2992 1694 3116
3844440,2831 1493 2034 245 4021 112 4317 3198 4987 900 2029 420 1990 3524 3197 2099 223 4450 3782 151 3778 3131 4053 4131 268 3925 1354 4357 1307 1042 1321 297 2668 4938 4116 4285
3182225,4554 1133 3675 424 4292 4585 4850 4624 2087 3489 3773 3009 3062 3121 62 315 3371 2402 3514 2196 4903
1252576,3136 2659 930 709 3146 2025 4235 2837 2956 3675 1133 4727 1694 866 3651 4587
549992,3675 1133 4585 4554 4292 3489 3773 62 4850 4142 3062 3371 424 3121 315 4624 3946 248 4903 2196 4471 2583 3009 763 900 1388 1248 1450 751 684 2087
1369339,245 1493 1694 2034 4964 4811 4179 1844 2099 193 2921 2831 4357 1142 3386 4027 4587 4221 1990 112 3197 800 3983 1516 532 151 1596
2099208,112 245 2099 2034 3197 2831 151 4357 4179 4053 3036 2029 3198 1990 4539 4116 4664
2622348,112 1321 900 245 895 2831 2583 4987 4357 2034 4317 962 4471 4116 2921 1990 3197 2992 420 4021 3925 3778 3036
396903,2053 4441 285 1544 2992 2685 3865 3490 1990 1331 2382 4306 1464
1776612,3951 4587 387 4964 2034 4385 4471 3916 4727 4168 1694 3136 1015 4027 487 3148 1990 245
1028723,112 1321 895 2583 4938 4357 1430 1307 2921 1818 4987 1216
2371094,112 1493 2831 2099 2029 3198 2034 245 3867 4027 4539 786 268 2728 151 900 3478 55 4053 3495 4541
2521826,424 3807 930 3946 3494 4560 4727 3843 4292 3776 675 3136 4624 3587 3570 3443 368 648 24 2837 2087 3062 3561 673 4458 3075 4180 3476 347 2025 430 1405 763 248
3090454,3136 3062 424 3946 4292 3502 368 3813 930 4758 4471 982 3587 4850 1099 3554 2297 4560
3405366,245 4317 4221 4357 4179 4987 112 3197 2034 151 1990 1798 4964 2831 2188 3116 2320 4471 223 4867 4587 3925 3524 900 1701 109 582 1446 4160 3036 962 3778 1694 193 297 1337 3707 4053
2613249,424 3946 3062 982 900 4850 4292 3136 3277 4302 3587 1099 1321 430 368
3712272,4763 875 3833 571 4029 4207 3675 4200 140 982 866 3258 4317 4585 4850 3277 430 4357 4110 1337 3851 3587 3119 3731 420 4292 2992 1164 4053 1446 109 3651 4424 3265 424 1214 3773 4503 347 3371 2745 3121 2278 4987 3642 315 4443 177
3018860,2992 2053 1990 3036 4179 1544 3109 2382 1185 3116 2414 193 245
3907969,1293 4558 3574 3283 2728 2425 4541 4539 24 302 391 4727 1180 3478
176923,4987 4357 1897 245 2992 3116 526 4221 2034 895 4179 4565 3642 197 2921 4269 112 3969 2950 361
3431316,3062 4292 3946 424 4758 4113 3146 3773 4624 3969 3675 866 352 1321 59 2196 1788 4850 344 1133 4302 1251 1388 751 3277 1450
146610,4027 245 1356 1694 44 4587 4871 1596 4558 3574 3109 2034 3917 3466 193 2746 4221 2728 1544 2099 3951 1167 802 1844 1990 3778 2146 3925 3916 4168 2425 4179 3197 3036
912194,151 1337 4964 1256 2992 1321 1587 2565 3365 3983 245 714 3300 3969 4679 3778 2583 1436 1845 4357 1701 4021 4987 4285 4179 3800 2625 1990 3421 1742 2950 3742 4871 3115 1446
1601327,3062 4317 4292 875 3946 1321 3277 4736 430 2983 982 2586 900 424 2008 3136 4850 4987 1450 3675 420 223 4758 895 1803
444990,2728 2425 4558 3436 4539 709 3776 1526
3318789,4471 1321 2583 4318 3951 2034 245 4357 3197 1430 4587 4964 387 1990 420 4317 3925 900 4385
3214072,2034 4027 3951 4587 4727 3148 3916 245 4964 44 1990 1356 4558 3386 2728 1395 4385 3466 1015 1694 3925 3197 1404 2831 2340
3751386,1321 801 2445 895 1788 3969 2565 1622 847 1549 3990 2488 4938 736 452 1948 1318
1312571,1596 44 2099 112 245 4027 2425 4558 1180 4871 3137 3917 532 630 4587 786 3495 4664 1694 4539 3574 1844 3867 4168 3386 268 3198
1354014,112 24 2728 3478 900 55 245 3776 3495 2831 4541 2034 1501 2099 4357 4727 4027 4053 3148 424 532
3568841,4554 3675 4624 1133 3651 2087 3009 3371 2340 305 4289 315 867 4292
814848,4382 2156 1448 4999 3427 3877
3022764,4587 2034 4727 4027 3778 3951 1990 245 387 4871 4964 3916 1356 3148 1694 3136 2340 44 1395 4558 1015 3197 487 3675 4390 2188 4320 450 4168 4221
326556,4587 245 4964 2034 4471 1694 3951 624 1252 3136 4791 1015 1404 4510 3466 4221 2431 1324 3499 4987
917656,3062 875 3946 3136 1321 368 4292 3502 1450 2586 2008 424 3772 430 3478 2025 900 571 4758 930 3277 4711
1480074,3136 930 368 4292 3062 3946 3651 4541 1321 3146 3478 24 4727 4758 424 875 3277 4302 2565 3502
3819639,3675 1133 3062 866 4554 431 4292 2196 3651 305 3371 2278 2033 1973 1095 4585 845 4289 62 3009 4758 424 3146 3773 4302 3121 1781
2541272,4317 3782 2831 2320 3406 297 2099 4021 223 4285 4987 1337 112 4450 900 4053 1321 895 2029 2599 420 4867 4494 4131 4116
3592219,3776 709 24 302 930
995835,1337 4317 2328 2831 2921 1701 1321 4987 420 900 4053 3131 4494 895 4357 2992 361 268 151 3062 3406 112 3242 4285 4496 2445 2008 875 2320 3969 2138 2599
3770001,424 3136 4850 900 3062 4302 4000 3946 3813 3651 3554 781 347 430 4903 2586 866 982 3587 4292 1099 571
696100,112 2034 2831 1493 245 900 2099 4317 4357 3197 3198 3925 1990 4053 4027 1321 1042 3478 4587
2007231,112 4357 245 1321 900 4987 2188 2034 4471 3116 4179 2992 3197 4587 526
1004100,112 4541 2831 3478 268 2034 245 4027 2099 900 3867 1493 3198 4317 2728 3131 2029 786 3386 3136 3782 3495 4053
994182,3276 2728 4554 3651 2278 2837 1133 431 3675 866 4558 3009 3146 1781 2528 4292 2340 709 867
3435967,3951 1172 1990 398 2660 1774 4889 4471 3101 3383 1417 487 2188 4964 3011 714 3778 3091 4221 4179 4168 3519 3185 3916 1015 1727 2034 2853 1694 470 73 3149 3020 3650 3709 4385 1430 2502 1349 551 1446 4478 3499 1306 2111 778 3449
2517187,3276 974 4658 2728 4558 2278 4554 3651 2528 1095
178628,2728 1596 2424 4539 3917 1562 630 2425 4225 3201 532 2099 194 4558 4466
1533632,3742 2515 568 2412 4114 2164 3403 4361 3983 4634
3668683,4292 3062 424 1133 1214 4757 4850 3894 866 4000 683 352 3675 1164 4880 982 1973 1781 430 4896 4554 3587 3277 4200 4585 578 2501 3651 763 4758 2586 2196 4302 3514 248 3813 1099 62
2979340,1544 285 3865 4441 4306 2382 2053 3490 1990
3116994,4471 1321 4987 3969 3707 4357 1788 2034 487 4317 4736 3778 2432 3197 1450 4318 2320 2111 136 4926
647723,4317 2831 2921 245 2320 3925 4867 1990 2599 4131 151 4987 3197 2099 1337 2328 2992 3036 3131 4285 4179 3917 4357 223 900 3778 4116 4221 4450 361 895 2034 4053 4494 193 1701 3524 3406 4471 112 1321 1844 268 420 3085
2290283,2728 4558 4447 2340 4727 44 3148 4587 4791 3499
2611405,4554 4624 424 3651 866 4292 2087 1133 2728 2278 867 3561 3146 1522 2340 3478
871257,895 4987 1321 4357 2445 1701 3969 2992 4494 1818 2921 2583 4938 1788 361 736 1337 1430 2711 2030 112 245 526 3242 1493 4936 3115
3345535,2992 1990 245 3778 2053 3036 3197 112 1430 4357 4116 4987 895 2921 151 4179 4867 2099 4221 285 1185 4053 2692 4587 962
3493381,3062 3502 4471 3136 1450 1321 4292 3946 3675 4585 4758 3371 378 1788 3277 4900
1103197,4541 112 2831 4027 900 3478 268 1493 2099 245 2728 4317 3198 2034 3131 4053 3867 4987 2992 151 55 223 3495 930 3386
3246431,1321 1701 268 787 895 2488 3242 4494 2418 2138 900 4471 4317 1337 2921 3062 4987 3969 1307 361 1446 3085 2583
377709,245 4357 2921 112 268 4987 4179 1493 4494 4221 3983 361 1694 4587 2992
1364429,4541 2728 3478 112 2099 4027 3136 4539 245 786 4727 2837 930
1161143,3696 2921 1572 268 151 2831 361 4664 1694 3917 245 112 630 532 1562 4027 1701 1844 1493 2407 4541 4494 1337
505052,3675 4857 3121 2439 1133 1781 2789 3009 3773 62 1095 3371 378 3651 684 4554 1388 4292 772 315 4585 4106 4972 2196 866 59 4289 3979
419440,2431 4471 4318 3951 1990 2583 450 3020 2039 4964 1430 1321 2697 1417 701 1252 3863 3675 3371 2565 2188 4587 962
908131,4964 3197 193 4471 2095 2431 4179 847 4867 2583 4221 1516 245 3116 3863 2565 4926 1990 4987 582 4357 3969 3471 1430 2895 1322 3951 701 3011 109 3925 1424 2034 4889 1568 1798
2640022,2921 1742 2814 4987 2692 3675 2095 3197 315 4303 1990 268 3925
1588622,4558 4727 2728 3574 4871 2425 1180 4027 2340 1596 3148 3404 4587
3468066,112 1493 3198 4053 2831 3867 2029 268 4317 1307 4987 3782 4938 3131 245 1701 2099 3524 2034 1501 420 151 3478 900 3707 1337 4357
3575473,3951 4587 4168 3916 4964 1990 2034 245 3499 1356 1015 4871 3109 4471 3650 3778
3448452,1321 4317 420 2583 1307 4471 2831 112 900 4318 895 4357 2206 245
713558,4727 4558 3148 4587 3450 3499 2340 4168 3136 4027 1015 3916 3776 1356 44
170732,3651 4727 709 2837 2728 3146 4558 305 4554 1133 431 3009 2340 2033 2278 867 3675
1560324,424 3946 3813 900 3136 2297 3062 368 2340 3554 4471 3587 4850 1099 4302
535530,4587 245 1694 1252 4791 3499 1015 3951 2034 4964 4510 3136
829682,4558 2728 2425 709 3574 4727
633268,245 112 1493 4357 4587 1404 4987 1216 2034 2992 1321 1430 1694 2831
3387586,4587 3499 3421 4791 4679 3951
2827709,2921 245 2831 3524 1694 1469 630 532 420 271 1337 2445 1701 1493 112 1533 2034 4539
94126,2260 1569 4382 4576 4958 2661 1429 2214 522 2648 441 588 3567 4359 4704 3183 2108 107 644 4897 4242 4428
3131737,2053 2992 1544 285 2382 2921 2685 4388 1990
2118674,1701 268 3242 2921 787 1337 1307 4053 4116 112 4987 1321 4494 4938 895 2992
80979,3596 1807 950 2792
3528720,245 4357 2034 4987 3197 112 4221 1694 4964 2992 4565 4179 3524 4664 4053 1493 2831 3969 3116 3642 1844 4116 532 297 151
3246348,4317 1493 2831 3197 223 245 2034 3524 151 829 268 3198 2099 3925 3917 3131 1990 4131 1191 1337 2599 2921 4053 2320 420 662 4987 3778 3782 315 3386 193 4027 112 2029 1694 2407 4450 900 3867 582 4285 4565 2992 3918 4964 4221 55
2736065,2728 2425 4539 4027 4541 4558 1293 3478 3148 3283 3574 4727 112 2099
168194,245 2034 4964 1990 2583 4471 4587 1321 3925 112 3951 1430 3197 3116 387 2831 1446 4179 4027
2253971,2728 2837 3651 4554 3276 1133 2278 866 3009 3146 431 2087 2528
3898765,1252 4587 3951 4964 245 4471 1990 714 2431 462 4791 3499 3300
2997129,3917 381 315 829 151 3197 1990 4027 4317 2099 2599 3925 109 223 2728 1337 2831 245 1395 4539 193 4450 924 4207 3131 4053 71 2320 4964 662 2029 2921 3524 4285 2823 4179 268 2034 3707 1694 4131 4164 3386 3782 3778 967 2407 1191 4541 271
2303635,2992 3983 3115 1629 4357 736 3909 1697 151 297 2515 3001 4987 4116 3107 1947 3642 4910 4179 245 1337 4973 2030 1939 895 568 3969 2711 40 4053 4221 3116 2668 3559
1985583,424 3062 3813 3136 3946 1099 4850 3587 571 900 3554 2297 24
844543,424 3062 3946 4850 3813 1099 2340 3136 900 4471
2682352,1321 4471 1788 4987 4357 4021 2431 1337 895 3062 1446 875 2831 2583 3969 2328 2921 900 787 4317 1701 245
3579010,1133 4554 866 4541 431 2025 3651 4758 4292 3675 2278 424 2837 1321 2728 14 1788 3277 59 751 875 420 430 972 974 3316 112 683
2650635,4558 2728 4587 2340 2425 4027 3137 1757 1694 4727 2746 175 3917
517676,3062 3946 1321 2586 4850 3136 177 1450 3969 3813 4292 2297 900 2565 3277 4302 424 982 4758 4585 571 1099 4471 368 4624 378 3675 1788 4903 352 4357 3502 3554
75683,4317 245 4987 2831 900 268 3925 2034 112 1321 3782 223 2320 3198 2099 1788 1990
3363975,112 245 2831 4317 2034 4357 900 4987 2992 4116 1321 2921 268 3925 3197 4021 1493 3198
2682888,2728 4541 4727 3478 3136 4558 112 2425 2837 4027 1293 930 4539 245
38961,1321 1788 3675 1450 3969 4758 4987 1133 1972 4318 3277 3062 875 2432 245 3136 59 4292 4172 3166 4926 4471 982 3081
1769044,4554 4624 3478 424 900 4850 4292 2340 982 3969 3946 1404 4029 1450 571 2297 3651 3675 1321 763 1133
2205079,4554 709 305 2087 4292 4727 3675 2033 4289 1928 3062 424 3651 2196 2501 4302 2278 3371 431 1133 486 248
2236835,424 3062 4292 4554 3675 4585 4200 1133 4850 3277 430 539 1973 2278 1321 2033 3894 2501 3554 3371 4757 685 248 1450 3587 1072 4471 4727 3773 1095 866 4302 2402 4289
3693775,245 112 2831 4357 4317 900 2034 4021 1321 4179 2320 4116 4987 3197 3925 1990 3198 2583 2099 962 3782
32331,112 4021 245 2831 4987 2034 4867 1321 900 4317 4357 1990 420 895 4471 2583 1307 3197 1493 4450 962 1788 3406 3198 3131 3782 2320
3273321,3559 2818
3640982,4554 424 866 2087 4727 4292 2278 2501 1928 305 2340 3478 486 3651 2033 2433 1133 431 3146
1897800,2431 3951 1535 2583 1417 4471 2039 1990 1430 962 450 1464 4964 3116 4318 3778 3471 2594 3863 1322 3020 1321
1121395,4624 2087 3651 3146 3062 4292 1133 3675 431 1388 1980 2196 867 4850 3807 3009
1409009,1133 3675 62 4857 315 3009 3121 2439 3371 4624 684 1095 4289 4554 4292 3489 3450 2196 4585 3651 4380 431 2278 1254 1388
1227721,3062 3675 4292 1133 4554 3651 4758 2196 431 4624 62 3371 4289 1450 2033 4302 378 3277 3554 1095 3773 982 866 305 3969 2087 1321 4183 4585 3121 1577 1928 3946 3489 1276 4896 763 1972 3476
3110176,2921 2685 2992 285 4388 2382 1544 4441 3865 2053 1430
2762103,2034 2831 4027 3198 4727 245 112 1493 4587 3386 1990 3778 2029 3131 3148 3867 4987 268 900 2099 1694 1354 4317 922 4938 3951 3478 420 3197 1307 4558 44 4021 2340 223 3524 4450 4053 3136 1404 1395
367991,4460 2502 3675 4142 2565 684 3829 216 2984 4790
2689197,900 1321 112 3136 2831 2034 3478 245 268 368 1788 4357 1042 4317 420 4471 1493 3675 4987
2928015,3951 4587 4964 387 3916 2034 4471 4168 1990 4385 245 450 3499 1694 487 1015
55424,245 4964 1493 4357 1694 1516 3197 2831 361 2921 271 2431 4987 112 197 2034 4450 3524 3778 1990 895 4179
3813189,1337 1529 2921 3235 1226 3242 4938
1189781,2260 3574 4478 1167 4871 1439 1628 3450
3355350,2728 2340 3675 3009 4554 4558 709 315 2837 2528 2087 3651 3146 4727 1133 3371 3276
629090,4317 420 1321 2831 112 1788 136 245 4021 1307 4987 4471 2034
616082,4554 2087 1133 3675 4624 3009 4292 3651 3489 4850 315 2340 4585 867 424 3121 685 2196 3371
3885680,4382 2648 588 1429 441 2608 1741 995 2108 107 1569
3246795,684 3829 216 3722 779 1252 449 4460 3675 2502 3825 4096 4790 3916 2202 2137
381041,4871 4168 4493 4964 450 1990 2660 2188 3916 3951 4587
884709,4727 3148 2034 4558 4027 4587 3136 245 2728 112 2659 3478 302 3916 3951 1404 2340 1356 930 3499 44 4871 3386 1786 4541
2356026,1133 4857 3675 2439 3009 431 315 62 3371 3121 3489 1095 2278 4554 4624 4585 1254 684 4292 2033 4289 4380 1781 2196 3651 3450 3276
1652928,4558 4727 302 2728 3574 3136 4871 4027 4541 2340 3404 3148 2659
1983962,4587 3499 3136 4558 305 1015 4727 1252 1757 4964 4791 1694 245 2659 2340 3146 3916 709 3951
2600943,1439 3421 3875 1974 3002 817 931 2588 3151 4964 1587 3079 895 3968
1093938,424 4727 4554 4292 2278 2501 3776 2087 4000 866 2033 4558 3675 3062 305 3894 3146
2958555,2992 2053 2382 3036 92 1331 3109 1544 4388 4179 1990 2921
961239,2728 2425 4558 4539 4541 302 1293 4727 2424 3478 112
3481722,424 3062 4850 3813 982 3946 1099 3136 2586 2297 571 4302 3587 4585 781 4624 900 177
2931007,4027 4587 4871 4558 4727 4168 2034 245 3916 44 3951 1596 4221 3148 2746 1990 4964
656352,4558 2728 4727 2340
1366307,1117 1318 2852 4592 1436 2921 4274 1587 4546 1216
308499,1742 3778 1990 4512 2565 3925 1321 4318 4758 368 245 2034 1628 2054 4471 450 4871 787 4493 2583 2188 3197 2921 3675 1788 2534 918
2878893,4554 866 424 1133 2278 3675 2087 4292 2728 3651 4541 3146 431 683 4758 2837 1404
2375200,2431 2583 2921 1321 4987 4926 847 245 4357 1788 1430 2565 4471 4318 3969 2992 2445
3368849,4554 424 4292 2087 4624 3478 3146 4850 3675 1133 866 2340 3651 2278 900 867 3946 4000 966 1005
2030021,424 3946 982 3062 4850 3136 900 3587 4302 1099 3813 430 2297
3758677,4317 420 2831 4131 1493 3782 223 4021 2921 3198 3131 4987 2668 2320 1612 2599 3925 1337 268 3524 2029 2008 3107 1307 3235 1321 4450 4053 3707 2099
2793108,4587 4964 1727 3951 4791 73 2660 3499 1990 4877 1252 245
266776,2728 4539 2425
1117090,112 268 2831 4317 900 1493 1042 3478 3782 420 1321 2099 3867 2034 4053 3198 245
1291339,2696 2921 1436 3168 3777 4274 4592 3365 2992 2380 4388 1117 2692 1185 4124 1318 1691 1216
2501008,4727 3136 3450 4871 930 4558 4587 4027 368 1167 2837 2340
3096019,245 112 2831 151 2034 4357 3197 900 2992 4179 4317 4221 4987 1493 1990 2099 3198 3524 4565 3642 4021
1147340,2728 2921 4027 2831 245 1742 3917 3085 2328 4587 361 2099 1701 4541 900 2034 3478 3925 268 1990 1844 112
3531007,4727 4871 4558 4027 3574 2034 4587 1596 245 2728 4168 1180
478685,1544 285 2382 2053 2992 4388 1990 2921 2685 4441 1430
2121843,4317 2921 895 420 2831 1307 1321 4021 4116 3782 4131 2583 1337 112 3925
355442,4317 4867 1321 4987 1701 900 112 1337 4357 245 4471 2095 4053 2992 875 4494 895 361 2921 3116 2831 4116 4179 1990 3197 151 3036 787 3925 268 3242 2328 3778 4221 2034 2099
2765810,1321 2583 847 2565 2801 1430 1026 3969 4926 1788 2431 2814 4471 2206 895 4318
1677721,4558 4587 2340 4727 1757 4791 2728 3146 1289 2837 1252 1015 4390
1020248,1028 3877 1339 4382
2804217,4554 866 2278 424 4292 2501 4727 3651 1133 305 2837 24 3146 2033 486 3675 930 2340 3478 4758 431
151814,2083 3101 3406 4926 4471 4583 2320 1636 3197 3163 487 2337 2432 4029 56 315 3925 2863 3969 829 2431 3195 193 1321 2583 3946 4964 3095 2611 109 2328 4357 3778 2188 1608 4987 4019 1474 420 816 1446 1803 3810 4424 1252 847 1244 2034 2095 4867 684 4387 4221 3849 1990 2858 526 3493 1336 4317 3186 2657 2146 1349 4318 2733 177 4142 3851 4475 2895 2565 381
796019,4292 3136 1321 4758 3062 930 3675 1133 3081 875 2025 2659 1788 3946 2837 1450 866
2265486,4357 245 2034 112 4987 900 3197 2831 4221 3116 4179 1321 2992 2188 1493
2016833,3683 197 1035 967 2320 2034 2431 3951 245 1694 3778 1990 3197 4587 4471 3925 4357 2095 2583 900
3242199,4964 4611 2853 4320 2431 1990 3552 450 3185 3951 1474 4471 3383 1694 2034 398 4221 3863 245 829 1015 3778 4587 3675 3011 3197 193 4841 3261 2095 714 2502
733127,4317 3524 2831 1493 4131 223 151 1337 3131 3197 2921 245 420 829 4987 2599 3198 268 2668 3925 1990 662 2034 4053 4021 4285 3917 1191 2029 2099 2320 3782 4450 4565 924 3707 3235 4496 3778 3867 297 2992 4027 1307
1663670,3197 582 2095 1990 1694 315 450 245 4987 2034 4179 3675 4303 2692 4394 1015 3925 1742 688 2053 4053 4964 4587 4357
3829546,2260 4447 4558 1140
2412057,2034 3466 245 1990 4587 487 1694 4964 4867 3197 3279 3778 1015 3951 3925
3741848,3062 1321 1388 4758 4292 3969 3675 1133 1788 2583 3371 1450 2196 3946 4113
486638,245 2034 2831 112 1493 1990 4587 922 4357 4987 4221 3197 4471 2583 420 4964 1321 3925 900 962
2603682,3951 4587 4964 4168 2034 3916 387 245 1694 4027 3197 487 582 1990 1015 4471 1395 4179 4221 4727 4385 2340 1167 3466 2733 109 2146 4390 3148 2746
3029605,112 3198 2831 2034 245 2029 1307 1493 4021 2099 151 3131 900 3524 3197 268 4938 4317
495055,900 112 2831 895 2034 4357 245 1321 2206 1786 2583 4317 4987 1430 2099 1493 1354 1042
3350125,424 3136 3946 3062 4471 3813 2297 3554 368 4292 930 2340 4302 4560 1099 900 4727 2586
1491048,2728 112 2921 630 3085 268 532 3867 4494 3136 1562 4938 2029 3242 1701 709 3431
3878606,2034 3951 245 4964 1990 4471 4587 2583 3197 4385 714 3916
1495395,2431 4964 3951 4471 2583 4179 245 3116 1990 3778 4926 3300 4987 1430 193 1568 4318 3863 450 714 2034 1516 1694 2111 778 2146 3197 4587 2565
413253,1301 1615 3186 1034 4424 4926 2193 3358 1473 4092 3446 2423 2899 3313 4139 472 3899 900 1349 2927 387 3776 2211 3443 1918 4836 4311 4000 324 302 1336 4423 3163 2072 1816 4178
1941144,4987 2921 1321 2583 1788 526 895 4357 2565 2328 2445 4926 3982 3969
2289034,424 3946 3062 3813 4560 3136 1099 2297 4471
1312638,424 3062 3813 3946 4850 1099 4560 3136 3554 2297 3773 4471 982 900 347 4585 3587 4758 4292 2586
3290575,1757 4791 4587 4558 1015 3916 245 3499 4964 3951 1694 4404 2340 4727 4390 1252 714 2146 1990 2659
2133244,4558 4727 2728 3574 3148 4871 2425
2970580,2431 450 4471 2697 4611 2153 3675 1731 4988 3033 1252 4855 3101 199 1898 3519 2853 197 4289 2508 566 4964 2583 2999 1430 4303 3371 1652 1176 3863 5002 22 1083 4385 4984 3121 3773 3396 1788
1107999,4727 4558 3574 3148 4027 2340 302 4871 44 2728 3450
131909,4727 3148 4558 4587 2034 4027 4871 3136 3778 2340 3450 3916 245 1990 3951 1015 1356 4168 1694 4390 2659 302 4964 3386 4221 3574 487 175 930 3499 387 44 368 1167 1404 4298
1033163,2992 1701 3983 4116 1337 895 1307 2921 2030 3642 1947 4388 4357 361 4053 3036
3882322,376 1581 3515 480 2842 4549 950 1215 2921 4388 538 534 3217
3879307,3574 4558 1180 4871 2425 4727 1596 4027 2728 3917 2099
435605,4471 4964 2431 778 3951 3675 1990 2034 3197 245 4221 4570 1252 4385 2583 3471 3778 4318 701 4867 1568 3011 193 4987 1322 3116 1446 4889
1630447,4587 245 2034 1694 4791 1015 4964 3951 4221 3499 4179 112 3136
3907677,245 2034 112 44 3778 4587 2099 4027 1990 3197 900 2831 4357 4116 1694
3122040,4587 4964 3951 245 3499 4791 1694 2034 1990 1015 1252 470
1651640,2260 4871 4478 3574 4558 1628 4168 4727 1167 2351 3916 2732 3499
1028181,4021 2814 2583 1307 2921 1321 268 895 361 2488 4317 4471 1446 4987 2431 2138
746721,3951 4964 4471 3109 3116 1990 4587 4179 3916 2188 245 4221 3863 4168 2594 2095 2034 2950 1798 1015 4320
2627236,1321 268 2921 4987 112 1788 900 4021 4317 4357 787 3478 245
1791484,4727 3136 3651 2340 930 3450 2837 3146 24 4558 1742 3478 4541 368 3776
3096268,245 268 2921 875 4357 112 3136 1694 4987 1321 1446
3085407,3574 1180 2425 1596 4558 4027 4871 4539 3917 2099 2728 2424 3137 532
3300628,4558 4587 1757 2340 4727 3148 3499 4791 2728 44 4447 2746 3916 1015
3176976,112 245 2099 2992 630 4587 4664 900 4539 2921 3109 4053 2034 4116 3867 2728 1180
2025227,2425 4558 3574 1180 2728 2424 4027 4871 1596 4727 4539 3917 179
224972,3675 2439 3371 3121 4857 62 3009 1133 1388 4289 315 1095 4106 1781 3773 684 4585 2196 1035 4471 2402 3489
2450366,112 245 900 2831 1321 2034 3085 4357 4317 4987 3478 4053 268 3116 4471 2992
1382988,930 3776 3136 4727 709 2025 2659 2837 2728 866 3478 2956 818 3146 4235
1748158,4964 1990 3951 1694 245 4587 4471 2034 2095 3778 315 109 4179 450 3863 1015 4867 3197 3916 193 2431 2146 582 4168 387 4221 2188 2328 4841 829 3036 3136
1017660,3675 4857 1133 3009 3371 3121 2439 4554 1388 3651 4289 1781 4292 62 2196 4585 4471 315 3773 3489 2087
1291188,1321 2831 4317 2583 2921 112 895 245 4021 420 2034 900 4116 4987 1788 4357 4471 4131 962 1307 3925
1747521,245 112 1321 900 2583 4587 4471 1430 2831 2034 4357 3116 4021
3909748,2921 3085 4317 2831 245 3917 1694 268 2099 112 4494 3242 4027 1493 3197 2008 2445 1844 420 361 1533 2034 1337
1694671,2034 4587 245 4027 3951 4727 3916 4558 1990 44 3148 1356 1395 4964 4168 1694 387 3197 4871 112 3778 3450 3136
1534667,3136 648 3946 4292 3651 930 3675 4871 4758 3502 4471
3322296,1928 566 2508 709 4855 62 3883 3062 4292 2402 3675 3121 2780 2087 3010 4289 24 3773 248 4106 2697 2196 3946
2352489,2728 2425 4558 4539 2100 302 3574 4727 3917 1293
1903713,3951 2034 4587 4385 4168 1990 4964 3916 3466 245 387 4471 487 3148 1015 3136 3925 1252 4027 4727 305 1694 3197 2188
2122255,1293 2425 4539 2728 3574 3283 4558 4541 391 1469 3436
3897143,245 112 2034 3197 4357 1493 900 2831 4221 3524 151 4987 4179 4565 4317 4053 2992 2099 1694 4443 297 2188 1990
3818850,245 2034 1493 1694 3197 112 4964 4027 3918 1540 2831 4053 532 4357 2599 1416 4317 4587 109 4179 2099 3925 4565 1990 900
3868021,4964 3951 4587 245 1990 4471 1252 2034 2431 3778 3499
2161094,4317 2831 112 245 1493 3198 4021 2034 2099 2029 3524 151 4053 4131 3197 1337 2992 4450 900 2921 3782 1990 268 223 2320 4357
717539,4357 2992 4987 3116 245 962 3036 1430 4116 4867 4179 112 895 2583 4221 4471 4889 1321
2900964,2053 2382 2992 1544 1990 2600 4388
1880924,4334 685 684 3265 3928 1886 1072 972 4013 315 431 3843 4641 2332 2978 46 3450 743 2262 2439 454 3632 2278 763 1532 3009 2165 1534 4142 248 1248 3833 4767 3813 919 4471 4029 4200 1147
2629335,3916 4587 4964 3951 4168 2034 245 582 4027 2746 1694 4179 4221 1356 3148 387 1015 4390 4727 3109 44 1990 3197 3778 4558 2340 109 1395 3499 4320 3116
3093902,3946 3062 4292 982 3136 2297 3772 424 3502 4758 4302 4850 2586 1450 347 930 3675 3587 3651 1321
2250393,245 4357 2034 4987 4221 3197 112 2831 1493 4179 1694 3524 4964 4565
1559592,112 4053 268 4357 3867 245 2034 4987 2992 2029 4938 3782 3198 1701 2831 2099 3642 1307 1493 4664 1321 4160 1501 4565 4317 900
3144571,930 2659 3136 4727 3776 2837 3146 709 2956
2261821,2728 4541 3478 112 2425 4558 4539 4727 2099 3574 3136 2424 4027 2837 930
2225095,3675 1133 4554 3489 4585 3773 4292 4624 3121 3062 4850 2402 4903 315 62 3009 424 3371 1248 4113 4106 4289 4142 2196 3946 378 982 1388 1136 3514 763 2087 347
2079766,2728 4541 112 3478 268 2099 3136 786 3867 930 900 4539
3899784,4727 4558 3148 4587 3916 3136 2659 2340 1356 4871 305 2034 302 930 1015 3574 3951 4027 4168 1404 3675
612672,4871 3574 4727 4558 4168 2260 4478 1628 3916 1167 4587
2449486,4964 3951 4587 3916 582 4168 2034 245 4471 1990 4221 4320 1694 4179 3197 387 1015 2733 450 3116 3778 2146 109 3675 1798 3109 2746 2188
2269489,2625 4871 1727 714 4877 3300 3249 4791 3499 4095 470 450 1587 1015 2123 4964 2565 994 2261 1742
2160326,424 3946 982 3062 4850 3136 3587 4302 900 4292 3813 1099 2297
352227,112 1493 2831 245 2034 2099 900 268 4317 4357 4987 3197 420 3524 4053 151 4179 2029 3782 3925 2992 3867 1990 1042 297 3198 4565 3495 2188 2599 4664
3038124,1321 4987 4471 1788 2583 3675 900 112 4357 4318 245 4317 4021 1446 2831 268 1430 895 1307 2034 2431 1450
2581004,1133 4554 3675 4292 3121 4624 3062 424 62 3773 4585 378 4850 2402 2087 2196 3489 4106 3371 866 3009 1450 763 1388 982 3651 315
2473422,4587 4964 3951 3499 4791 245
2802728,4441 3865 3490 285 2992 1544 4306 1990 1430 2053 2921
1010731,4587 2034 3148 1990 44 3466 4027 4179 245 1694 1015 2340 3197 3951 3778 4221 4964 1356 487 2746 4867 4727
2479593,424 3136 866 930 3946 3651 4727 3478 3587 3554 4292
1328911,4855 4984 259 3020 4964 4011 2373 3159 4471 2565 3471 2137 1083 1304 4385 1322 450 79 3135 2146 3396 2153 2431 566 109 3810 2999 1898 4179 3615
1202640,4471 4964 2431 4611 1474 3197 3951 4926 2583 4987 4221 193 1430 3969 3116 701 245 3778 470 4179 4852 1990 1424
2385937,424 685 305 763 2501 2278 3843 1994 2061
1678448,4727 4558 2340 2837 4587 3136 2956 3499 2728 3146 3776 709 3148 3386 2659 1289
2023002,1321 3406 895 4317 4021 2008 2583 420 4987 2320 2921 1337 4357
1124839,1540 268 1493 1572 245 3696 4664 361 2921 532 1694 4587 151 4179 1105 71 4964 3917 1516 3146 4357 112 4027 4799 3756 2831 4494 315 1701 630 109
97847,930 4541 4871 709 2728 3136 3574 4558 3404 3651 2424
693134,2034 4587 245 4168 1990 4964 3951 4179 4221 3916 3197 1015 582 112 1694 109 3466 2188 2831 3148 487 387 4357 4027 3499 1798 3116
2484935,4871 3574 1596 4558 4478 2260 4027 4168 2732 1628 4727 1167 1180 2425 4587 3916
452104,424 3136 3813 3946 2340 900 3062 4471 3554 2297 368 3587 4850 4302 347 4727 1099 1742 3561 930 4292 3651 4560 571
2615225,4541 268 3478 2831 4027 3136 4317 223 245 112 3675 900 2728 2099 3131 3198 3867 1191 930 368 4987 2034 3782 2921 2025 1493
345281,4634 4223 3983 151 4129 3019 1018 578 1691 1299 4638
3349744,900 1321 268 112 2831 245 4317 3478 4357 2921 875 2992 420 4987 895 2034
1614050,245 4357 2034 112 4179 3197 4221 900 4587 4471 962 2188 4964 3116 4889 1990 3925 2583 4987 1430 2831 3778 2992 3951 3466 3036
370694,112 245 4357 4494 2030 1701 3642 1493 136 895 2711 629 4053 1818 1540 3918 2992 4936 4664 2831 4160 361 4587 1321
131840,1321 1788 900 1042 895 4317 420 268 112 4987 4357
454922,900 112 2034 245 2831 895 4357 1990 4987 3197 3925 4317 2583 2099 3778 420 1493 4587 1430
554751,112 245 4357 2034 4021 2831 1321 4987 3198 900 4317 3197 1307 1430 2583 4221 4179 962 3116 4938 1493
538192,591 4216 3677 475 221 3675 2793 4471 2938 2466 4857 4585 3233 4985 3111 4266
3845858,962 1990 1430 4493 3778 3951 2921 2992 1464 4964 2685 450 2188 1535
1821017,4027 2034 3148 112 2099 2728 245 2831 44 4587 3918 4727 900 1493 3386 3495 3478 3197 3917 1990 4558 3951 1395 55 1356 1404 3778 3925 3466
2806651,3478 900 268 112 1321 2831 4317 786 2728 2034 1042 245 875 4027 930
2206646,1293 4539 4541 4558 709 3283 2425 1469
2589423,4964 3951 1474 193 3197 3925 2895 1990 4471 2320 847 4686 245 4988 1446 2583 2034 487 3101 2095 3969 109 4926 2431 1883 2863 3683 2146
3358788,2921 1544 2382 1990 2053 2992 285 4441 4388 3440 3490
1753411,245 4987 3197 4357 4867 2831 112 2034 1493 4317 4221 151 1990 4021 3524 4285 2320 900 420 4179 962 4450 2992 895 1321 4053 3778 3406 223 1354 4116 3925 2583 2008
2222685,112 1493 2831 4053 4317 2099 3198 245 2034 3524 3782 4987 2029 3197 4357 268 151 3707 900 3867 4450 420 3131 1337 223 4565 297 4736 2992 1701 1990 3925 2599
551753,2087 2340 2728 3009 4727 4624 4554 4558 3651 3146 2837 2278 1005 424 867 685 709
1429299,245 112 4357 4179 2831 4587 2034 3197 3116 4987 1990 1321 4221 900 2583 3925 2188 4317 4471
179801,2049 4611 4855 2573 221 792 4681 566 3829 2469 2352 674 2710 4972 4770 3921 3389 2439 3129 4251 4857 4242 4471 3094 4952 3933 1559 4874 2644 23 4964 3450
263299,424 4554 3062 2728 4292 4850 709 3675 1133 3478 866 2087 2340 2278 4727 3146 2837 982
754160,4554 866 1133 431 4292 2278 3651 424 3675 3146 2837 4758 2196 305 2033
3727360,4554 2501 424 305 4727 2278 4292 248 2340 3651 709 2033 24 3146 1928 4302 866 3478 486 3776 2087 763 3476 930 2433
2598738,1307 112 4938 4317 4053 268 3782 4987 1701 2029 1321 4021 895 787 3198 1337 3867 4116 2418 1059 3642 1042 4494 3242 2831 4357
715144,4554 4624 1133 424 4292 2087 3675 3651 4850 3009 2196 4585 866 3062 4302 62 3773 867 3478 3121 3371 2278 1450 2340
2192022,3675 1321 2814 4987 4471 1450 3062 1446 2095 4758
2786706,4611 871 1238 3567 2214 4576 2661 4858 3903 475 3614 1431 1569 4471 3183 2150 4313 1799 2065 3799 522 4964 4071 538 4958
2239544,4587 450 4964 3916 1694 2894 3951 4168 1015 1990 582 2034 4320 4221 4471 802 3499 4179 1356 116 387 3116 4385 4889 2137 245 602 4867 4162 3778 487 918 2146 3466 2351
2760290,3951 4964 4471 2034 1990 4587 4168 387 245 4385 3916 3466 4318 2188 487 4179 1015 3197 3116 2733 582 4221 1694 2583 2146
1915079,112 151 2992 2921 4357 1337 1307 4116 4938 3642 2831 895 4053 245 3782 4317 4021 2029 4269 2668 4131 4987 2030 3198 2099 1947 900 3036
1345066,4587 4320 4964 3951 1015 3499 1694 3916 450 4179 1990 3185 4611 4791 3778 216
1848275,2367 4657 3136 1404 4587 930 3651 4471 1321 1788 1430 2604 1786 245 2297 4926 484
1919276,3062 4292 3946 4585 4317 4850 424 1321 875 3277 3136 1099 900 352 3502 3675 1450 781 223 2586 4471 378 3406 2328 2332 4541 982
1715277,3136 4727 3916 4587 2034 4964 4471 4385 2659 3951 4168 1990 930 245 3499 24 1252 3675 4871 4558
3766496,2921 4388 1430 1990 2685 2992 1464
1282892,895 3242 2921 1307 1321 4494 361 787 268 2138
3424956,2728 4027 2424 2425 4558 4539 4727 2099 3478 3574 4541 3917
3756890,2565 1321 2921 1742 3675 787 3969 2328 2814 1788 4987
468286,1596 4541 2099 1742 2425 4027 1180 2424 3085 245 2298 112 361 630 3478 4558 3867 4225 4539 786 2728
3092704,1030 538 4947 522 1580 157 3650 118 3089 3356 1138 4434 2401 2127 1086 2353 3373 4338 4471 4964 2106 27 3082 1068 3078 3594 3829 1431 2609 799 1207 2809 4491
68499,361 2921 1307 1337 4973 2030 895 3235 3107 3115 3242 2992 112 297 4987 4938 736 1226 4021 1701 4116 3782
3628573,2814 4686 1742 1430 2431 847 2583 2174 2921
3037375,2921 527 4494
1842187,2728 2278 866 2837 2087 4554 431 2340 3651 3009 974 424 1133 3276
1767374,1321 3277 1788 4357 3969 982 4172 245 801 2432 4987 112 1450 3166 59 4926 177
551986,4727 3136 4587 2034 4871 4558 3148 245 3499 2340
287493,2431 4471 3951 2039 4318 2697 2583 2992 1321 4179 2565 1990 701 2950 2921 4964 3116 358 1417 2095 245 1322 4987 1430 1446 4357 3020 193 2594 3109
1491438,4558 4727 2728
2377400,564 1701 3983 2950 1436 2992 3116 151 2583 4357 4987 4179 2030 2921 3742 3326 4285 1947 1845 2328 3874 568
3310092,3347 24 1414 3587 930 816 532 3851 3495 4207 1404 2340 4727 3478 430 4736 3619 900 112 4494 3776
2425626,4554 1133 4292 4624 3675 3062 3651 966 4850 424 4903 4302 2196 1450 1388 62 3478 3489 3121 4585 3946 3773 866 59 571 2087 867 3146 347 3371 4113 3277 4183 3969 2297 900
1521566,2831 1493 112 3198 2029 268 1307 1354 2034 3131 245 4021 4317 2099 151 4053 4987 420 3867 3782 900 3524 1042 1337 4450
2182294,424 3946 2340 3813 3062 2297 900 1099 4471 347 4850 4727
3280487,1321 245 3197 3778 1990 4471 3925 4318 2565 2034 2320 2583 1446 1742 4987 1788 4512 4758 4179 2188 3675 450 4587 4357 259 4867 4221 4964 4302 2921
3916307,4357 4269 3642 112 4987 4116 895 151 2992 4867 3197 4221 245 197 3116 1947 3036 4053 2034 297 3983 4179 900 4565 962 3778 4021 3707 4317 1337 2030 4889
2828719,112 245 2034 2831 900 4357 1493 2099 3197 4053 3198 151 4587 2029 1694 1990 4987
1999307,1339 4382 2608 588 705 2648 2156
1487605,2728 2425 4539 4558 4027 4541 2424 2099 112 4727 3478 786 3574 2831 245 3386 3917 55 1469
493011,245 4357 112 4987 4221 2034 3197 4179 151 2831 900 1990 3116 4317 3642 2992 4269
850422,3136 3062 424 3946 24 3813 4471 709 4292 4727 4585
2425746,424 3062 3946 4850 3813 3136 900 1099 4471 781 3554 4302 4292 2297 2586 571
1617224,3675 4857 1133 62 315 2439 3121 3371 684 3489 1095 4289 3009 431 2196 4554 4292 1388 1781 4585 3450 1254 4106 4380 3111 4624 1577 772 2278 3062
3836900,2728 2425 4520 4027 4558 4 3917 1757 2921 1395 2746 4541 2837 2340 1526 1596 3137 4404 367 800
1887610,3136 424 3946 3062 930 4292 3651 3554 4758 368 3587 4471 3502
2225141,4471 1321 4317 2583 4318 245 2034 420 4357 3951 3197 2831 112 1430 387 1990 4964 4587
647264,4727 4558 3574 4871 4027 2340 3450 44 3148 4587 3136 2034 2728 930 2659 3916 1596 4168 302 245 1356
2247787,245 4357 112 2831 2992 2034 4987 3197 900 4116 4221 2921 4269 4179 151 4317 3036 2099 4565 4131 3524 4053 1990
2061889,245 1337 4987 2921 3524 2992 3197 151 4357 271 4179 1990 847 2831 193 4496 2034 3982 4131 2328 4285 4565 4053
3668907,4871 4168 4587 4727 4558 1356 3499 245 3916 3574 44 3109 4027 1596 1015 3951
1769897,1953 2030 3739 4910 4938 3782 2668 1337 568 4936 4361 297 40 736 3983 2992 4114 1507 3115 4416 2029 3888 4546 1307 3642
2264082,424 4292 4000 3587 2501 430 3776 3894 683 4757 4850 3062 982 4727 352 4554 866 930 1214 1973 4200 1099 3277
594778,4021 2921 2831 1307 4317 895 112 420 1321 2583 4116 3198 4131 3782 4450 245 268 1337 2034
3315949,112 268 3478 3867 900 2831 2099 2728 786 1042 2034 1493 4541 3198 245 4027 3495
191870,3471 4471 1580 1349 3934 1082 3094 1964 1126
419409,420 2831 4317 2034 245 4021 4987 3197 2320 3131 3925 112 2583 1990 1307 4450 3951 1321 4357 4471 3198 1788
3483941,4317 4021 1493 2831 268 4987 420 3198 2921 223 3782 4131 4450 1321 245 2668 1042 3131 112 1337 2034 2029 1307 2099 3778 3925 4938 3524 4053 1990 4285 3867
2186069,4736 4357 922 112 487 709 900 245 3277 424 3778 2992 2188 2034 4148 4727 1321
2724205,2029 1562 1307 247 196 112 4466
1340292,3675 1133 4292 3773 1928 1248 3489 424 4624 3121 3514 910 4585 2402 3062 982 4554 4613 315 2087 3009 685 1136 62 4106 4850 3371 3894 3702 3813 763 352 4896
915494,245 2831 4317 2320 2099 3197 3198 3925 2034 3778 3524 4987 268 4450 112 2921 1337 420 3782 4357 1990 4116 4053 3867 223 4131 2029 924 1493 3918 3707 151 4027
1868342,112 245 2831 900 4317 2034 4357 1321 4987 2099 4021 4116 3782 268
1292370,4587 4727 3136 3450 2340 4558 4027 3499 1694 245 2034 4964 4168 3776 1015 4390 3651 3146 1742 1356 930
1512761,4727 930 2340 3776 2728 4587 3136 2837 3146 4235 1289
3266846,2508 4347 4611 2153 4855 3722 4277 4096 1080 291 566 450 1742 449 4876 22 1574 2972 4471 1252 1808 4952 3675 4686 3829 1898 3519 3121 1652
430353,2728 2425 4539 1526 4558 1293
367099,2728 3917 4027 4520 3776 4558 4539 3450 4727 709 1469
1592129,3146 424 866 4624 3651 4292 2278 2087 1251 4850 867 2196 3675 2340
1957441,3675 1133 4292 3062 4554 4850 4585 3946 3773 3489 424 62 4624 1388 4142 2196 4903 3371 1450 177 763 4302 3121 248 751 315 3277 1099 2402 982 2586 900 4029
864660,245 2034 2728 4587 4727 4027 4558 3148 3951 3916 4964 4168 1015 1694 3136 1990 112 3499 900 3466 387
1291042,1293 4539 3283 3865 1469
2469422,4871 1596 1742 3574 4027 1628 245 3925 4587 1167 462 1990 4558 3778 4727 1694
278409,1293 3574 3478 4727 4558 4541 2425 3283 391 1180
2175073,116 3521 3519 2853 4964 450 1430 398 3793 449 2516 3585 4855 1176 2583 3951 3020 4385 4471 2977 2351 1652 2431 2553 4867 4347
3421467,112 3867 2831 268 1493 900 245 2034 3478 3782 2099 2029 2728 3198 4027 3495 4053 4317
908547,1321 3969 4987 895 4357 4021 3062 2992 4317 2921 1337 2445 4867 900 112 2583 3116 245
2814806,3094 3518 4266 1964 4972 1480 4857 2793 4216 4985 2200 1195 3780 892 1095 1126 2466 3506 1829 1133
694136,112 245 4357 4987 2034 2831 900 3197 1493 1990 4221 4053 2992 1354 4317 4565 3778 1321 3642 962 151 3198 3524 4867
1533910,2728 4558 4727 2425 709
3613289,2831 1493 4317 2034 3198 268 3131 245 3782 2099 112 223 3925 3867 1307 4987 2029 1990 3197 420 3524 4053 4131 151 2599 900 4027
1280192,4871 4727 4558 4168 4587 3499 2260 3574 44 3916 1596 4478 245
2526322,2818 3559
3010405,4021 112 151 4317 4867 3707 4450 3197 2831 3406 4987 297 2320 1307 4053 4357 4116 1042 1337 895 420 2034 2029 1321 1493 3642 3782 900 3198 2992 3778 245 2099 4131 4221 3524
1122493,866 2033 1133 4292 3675 2278 2087 305 431 4554 424 1095 1214 4727 3062 2439 3371
1355785,3651 4554 2087 866 2278 2728 3146 2340 424 4624 4727 1133 4292 3009
609968,2049 4766 1198 1795 2725 566 2353 1716 157 2042 3481 2439 1162 2883 4683 2202 4216 4242 4471 4434 432 3389 2362 1192 523 1782 2127 3094
2274055,4558 4727 4871 4027 4587 3916 2034 4168 1167 3148 3951 245 1356 302 387 3574 1596 44 1015 2340 3136
445378,424 3946 3062 3813 1099 2297 900 4850 3136 3587 4471 2340 3554 4302 368
3670969,3131 4021 2831 2034 1493 245 112 4987 3524 4317 151 1307 3197 4450 420 2320 4867 3198 3406 1990 1337 2029 895
1443500,4727 4558 3148 4587 4027 2340 3136 302 2034 4168 4871 368 2659 930 245 2728 3574 305 3916 1015 3499 3386 1356 3478
3714876,2034 4587 245 3951 3916 4964 1015 4727 1694 3136 4168 387 3675 1990 4471 487 4558 4027 3778 3148 4385
1777246,4987 4587 245 3136 1321 3875 930 1133 1788 3421 866 4713 4357 2034 4318 1430 3675 1404 2659 112 3969
2859216,245 2034 3116 4587 4964 4179 3951 4471 4357 3197 4221 2188 4168 1430 4318 1990 112 3466 2583
3916121,4964 193 315 71 1990 3863 109 4179 245 3197 271 2431 3011 2146 582 1516 3471 1694 4841 4471 2921 2992 829 2583 3365 294 1322 3951 1446 3925 4357 3778 2565 714 367 151 1015 4987
3242304,1544 2053 2382 2685 1990 285 4306 2992 1464 3490 3865 1535
2371651,866 4554 431 1133 2278 424 2033 305 4292 3146 3651 3675 4727 2196 2837 486 2087
1333549,2921 2445 1321
321643,3276 4558 2728 4658 974 2278 2528 2837
1070135,2728 3478 4027 4727 3085 1293 2425 112 2099 1742 245
31580,3675 1133 424 4292 4554 3773 4624 3489 1928 4585 3121 2402 3514 2087 1248 3062 910 62 3009 4850 315 982 1136 4106 4613 3371 4903 3813
3027206,3675 1321 2565 3772 2921 3062 4987 1788 3081 875 4292 3136 4758 1450 930 62 2328 2757 787 3371
1262000,2728 3776 302 4727 4558 2425
427675,4027 2728 4727 112 3478 2099 2034 4558 245 2831 2424 268 4587 786 3867 4541 3917 3386 3148 3198
1942889,1252 3951 4964 245 4587 4471 1990 2431 2034 4791 714 3778 1694
2984807,2431 4855 4611 1808 3396 566 116 2153 1252 1731 1176 1576 4289 3916 2977 757 2725 4471 4964 3301 2697 2137 3101 3793 2853 2451 2999 2508 2087 1349 3675 3951 3519 4347 321 1430 4385 450 3033 3371
574990,3567 2661 1431 1215 4576 1582 1591
1584696,3776 2501 424 4727 930 24 1928 368 709 2964 3843 4558 305 2433 2340 2158 1725
3227633,3136 424 3062 3946 3554 4292 900 3651 3587 2297 930 368 4471 4302 3813
2202657,424 3062 3946 4850 3813 2297 347 900 4302 982 4292 2586 3136 1099
3917136,4554 4624 1133 4292 424 3675 866 2087 4850 3062 3651 4113 3121 4000 2402 1522 3561 2196 3489 4302 4903 1136
592194,3780 4216 1643 317 1282 2713 2997 1686 3061 4266 1122 3592 1915 2200 4501 4471 4455 3384 3094 4393 4324 4044 3905 1480 4947 2401 1162 2786 1925 1431 1347 3233 3385 874 4570 2205 2202 644 201 2458 3903
3433971,2651 1814 4583 3453 4216 2362 3979 432 3675 2948 1095 1133 4142 4500 701 62 1388 2439 1324 4231 1781 1964 4585 1894 1480 4254 4972 1238 1782 2352 3371 4415 3615
3472338,3276 974 4658 3003 3651 4857 2466 4554 1095 2528 2278 1133 1781 2728 4558
79217,2034 112 245 2831 3478 1493 3197 4357 1321 4587 900 4987 4027 4727 3148 4221 1990 1788 368 268 4964 3778 1404 3951 4053 3136
2402219,4587 4964 2034 245 3916 3951 4871 4727 1694 4168 3778 1990 1356 44 387 3450 4471 1015 3499 450 4385 4558 4027
2936312,245 4587 1990 4964 3951 2034 1694 1252 4471 2431 3778
2776770,1321 4317 900 3062 895 2328 420 4987 4021 4357 3946 4471 1450 2586 875 368 1337 2831 2445
1132762,64 4964 1854 4550 3829 4783 1674 4570 1694 4579 4258 2153 449 157 1052 785 4855 1838 2207 1252 523 4083 3650 1151 3680 4680 4078 1207 1452 2349 4427 4606 4923 448 984 145 3020 3499 4593 5005 706 3388
1965571,1742 2814 315 4317 2328 3675 2728 4471 268 2921 967 4541 2565 900 1446 2095 2583 223 2831 3925 3146 1990 4027 4303
2151172,4964 4471 2431 3951 1252 3675 4385 1990 2034 245 4318 701 3471 4168 3011 3916 714 1694 4587 2583 778 1446
154314,424 2501 3776 4727 1928 4554 930 866 24 4292 2340 3146 2278 3478 305 3587 683 430 2087 3667 2433 2033 368 1725 2837 112 3148
814708,112 4053 2831 268 2034 900 1493 245 2099 3867 1501 3478 2029 3198 1701 4357 4541 4494 3495 2206 922 4987 1354 4160 532 786
1297069,424 3813 4850 3062 3136 3946 982 2297 1099 2586 4624 3554 3587 4302 900 781 4585 347 571
51654,1339 4382 1741 588 2108 1234 1028 2648
1234006,2728 4539 2425 1596 2424 4558 3917 3574 2099 1180 108 630
3511044,4964 4460 216 2502 1322 3829 3471 1252 3383 2431 2984 3863 1990 4385 684 4471 4790 3951 1474 4096 162 470 2146 3722 3778 2137 450 1568 4841 2588
2165605,4476 4584 1450 3277 3121 378 62 1577 3570 4183 3055 3985 2335 3773 4758 4585 3675 3062 2780 4560 1972 4624 344 1133 4717 1321 2087 1788 3969 2989 4180 4292 1742 4172 2769
1993389,1464 2685 2921 4388 1825 2445 1430 2583
2695630,4216 2466 1814 2710 1668 4985 3233 1480 221 3094 1753 4972 4266 591 1909 2793 3003 1108 2439 2022 2573 2362 1781 3518 1198 432
2724741,4317 2831 3925 2320 3197 2599 223 4053 3524 1337 1990 245 1493 3198 2099 829 4027 420 2034 4207 3782 4987 3386 3867 297 268 151 4131 2728 3917 3778 3131 4450
3220861,3899 4311 2272 4139 1001 4727 3776 2257 2880 4134 746 900 1034 3211 2279 2951 2704 4192 3395 2193 1297 2764 387 44 2423
1454569,1321 4021 245 4317 2831 1337 4987 112 2921 2034 4357 361 4053 1701 1307 420 4285 3131 895 3197 4867 900 3778 4179 787
1802096,268 112 3867 2831 3478 900 2728 4317 3782 2921 1321 1307 1493 420 2099 4494
2859094,3951 4587 387 4385 4027 2034 4964 4727 4471 1694 3136 4168 3916 4558 487 1990 245 368 1015 3148 1167
1039890,2565 3675 1321 1742 2992 4357 245 1446 1337 2095 3136 2921 4987 3062
3158040,2831 112 1493 151 3524 245 3198 2034 420 2099 4021 4317 4450 1337 2029 2921 3131 4053 4987 3197 1307 268 2668 2992 3782 900 4357
963868,2921 2328 1337 4317 2831 3131 420 1701 4494 1059 4053 2008 268 1321 3235 3085 3242 4987 787 2445
2256421,3776 4727 24 424 2501 305 4554 3478 2044 4000 2728 2278 709
2045773,1133 4554 3651 866 2087 4624 4292 3675 431 3009 2278 3146 3894 4850 867 1781 2196 424 2340 3062
421734,2921 4021 2583 1321 4318 2431 4317 2320 1430 4471 3925 1788 2992
3764692,2260 1439 1167 3574 4871 4478 1442
2904155,4727 4558 3148 4871 3574 3136 4587 2340 2659 930 4027 2728 3651 245 2034 4168 3478 3916
1151587,3776 990 4727 2880 626 4311 2270 3899 3251 24 4000 4134 1373 302 1257 2176 4192 1473 1001 1297 4641
701408,4317 420 2831 3131 223 4207 3524 4987 2320 4053 3782 3197 3925 2599 3198 151 1337 268 1493 4450 4131 4027 2099 3707 245 2034 2668 1307 2029 297 112 4021 3867 4736
1250913,4587 816 4727 248 3946 930 3075 3843 4471
2184176,112 900 4357 2831 4053 2034 245 4494 895 4317 2099 2206 268 1493 2638 875 4587 2992 3925 4987 4179 1701 3867 3495 2582 3675 3198 3918 4664 4027 3478 3242 2728 3036
3837679,4727 4558 4587 245 4871 1742 4168 112 1596 3450 3574 1628 2298 2099 4027 3137
65239,424 4727 2340 3561 24 2298 900 3587 930 3776 3478 112 368 3494
2770201,3574 4871 4558 4727 1596 1180 4027 245 4587 4168 3651 3778 1990 1694 175
3378508,1321 2565 3675 3969 3136 4871 3946 1788 1450 2123 3121 3778 378 1742 3383 4758 1015 3277
909482,714 2583 4964 2146 4179 245 1990 1322 4471 2992 3951 2594 2431 1992 4811 193 3365 3116 71 1798 4611
1503905,112 245 2034 2831 1493 4357 4987 3197 900 4221 1354 4179 2992 151 1990 4317 3925 3198 962 268 1321 4450 4053
3058156,2508 2153 4855 4347 4611 3722 566 1080 4876 449 4096 22 3675 4277 4471 1574 291 1742 450 3829 2972 3121 1252 1652 4964 1567 4570 1808
3631017,4554 4624 4292 424 1133 3675 4850 2087 3062 4585 3121 3651 3773 3489 62 982 2196 3969 900 378 4903 866 3009
802647,649 4679 3510 1430 1172 3020 4986 2565 1591
953467,2025 4736 3136 930 875 1321 3946 900 268 3675 424 4317 3277 3478 368 4987 4758 3062 4541 4292 1450 3651 223 112 4357 2983 4302 3502
3433497,2728 2425 1596 4539 2424 4558 3917 1180 1562 2099 4027 630
1822297,2087 3146 709 2278 2728 3651 431 2340 4558 2837 3009 4624 866 4727 867 424 1133
1833441,4871 3574 1628 1596 3651 1990 4493 1167 2267 3778 245 3925 450 4587 1694 4168 4727
2776316,1364 785 2202 3579 2957 2644 3539 1482 4964 3421 4313 4686 1974 1252 4258 4876 2727 984
1794188,3314 1925 188 4471 1964 1082 4501 1625 2278 4202 1095 3233 644 1431 1364 3471 4875 4266 2948
286982,875 3062 4292 3946 4317 1321 930 3136 3277 4736 3772 571 424 1450 3675 1337 368 3478 2025 4541 4758 787 430 900 3651 3502 2770 2586 4494 2837 268
224167,538 3168 4857 4985 4216 3210 684 1580 1095 4964 2710 3471 4471 1215 2278 1814 3675 1133 4930
185822,424 3946 2340 3813 3062 2297 900 3587 4850 368 4302 3136 1099 4727 3478
2749072,2921 4317 268 1321 787 4987 3242 1337 4494 2008 4021 2328 3675 1701 4053 2668 1788
1228018,3574 4558 4727 2728 2425 4541 4539 1180 4871 3404 2099
1520041,245 4357 1694 112 268 4179 1493 4964 4221 2034 4987 4587 193 4565 2921
3574457,4587 112 4727 2956 2728 2340 3148 245 3499 3136 2034 4558
2269014,875 2025 930 3136 3478 2956 3651 866 2837 3587 1788 4987 4541 1321
3149288,2728 2425 4558 1526 3137 4 3917 4520 4027 4539 2340
1685764,90 4162 3793 4697 709 3450 1356 1268 4727 4641 3916 2351 3136 967 3075 1742 3807 3158 3499 248 3452 1015 1576 2278 4390 3985 4558 2837 3883 2340 4587 515
489335,1321 2583 4021 2431 4471 4987 1430 1337 3020 4867 3116 3675 245 895 2921 962
2365947,1701 1321 4494 895 1307 268 2418 1337 361 3242 787 4317 2921 2138
2122961,875 2025 3478 2921 1321 787 268 930 112 3242 4494
3004384,2053 1544 285 2992 1990 2382 2685 1185 3490
3257411,792 1028 4857 3877 295 4605
3602997,2831 4053 3524 151 2099 2029 3198 4317 3867 3131 1493 3782 3707 245 1337 112 223 3917 2034 3197 4987 4565 2599 1990 924 297 420 4131 4539 1307 1701 3386 55 268 662 4160 2719 4938 2668 271
1574758,4554 424 2087 2278 866 3946 3478 2340 3776 930 4541 4292 3561 4727 24 2728 900 3651 1404 4000 1005 3675 1133 347
2739985,1133 4554 1781 3651 1095 4292 3675 2278 1214 3894 866 974 3009 2837 3276 62 3979 431 3121 4585
22392,245 4450 4987 4160 4357 112 197 4116 3524 361 1493 3983 3982 4131 4053 3197 1337 2034 4365 2863 4051 301 4565 1694 4317 4867 1540 2320 3782 3707 895 2831 151 582 2992 4964 2719 3642 1225
2320240,424 3813 3062 4850 3946 1099 2297 3587 3136 781 982 900 3554 571 4471
847795,3928 743 684 4142 1072 685 3675 1095 2641 4471 2439 1568 701 248 1349 3371 3111 1788 2431 1534 4334 1147
686382,4558 2728 4727 2340
2424433,3197 4027 109 829 193 2611 315 4020 4221 4179 4926 4471 2320 3778 3685 2146 381 4964 487 1608 1694 3925 2337 1389 4867 248 967 1636 582 1269 471 3195 1446 1066 3951 3331 3917 2459 4357 2803 4029 1990 2657 2863 4855 3406 2729 3163 2034 245 4011 4587 4385 2188 1199 1395 1860 2095 3186 2899 450 216 4987
2932557,424 1928 4727 3776 4558 2340 930 3148 305 3146 3667 3843 2278 4554 2501 709
1389747,2728 4558 3499 2340 2425 4727 3148 4587 4791
1537502,4554 4292 3675 3062 1133 4624 4289 3371 3651 59 1450 3969 2196 378 62 4758 2087 3121 3773 3277 4113 1321 4183 3554 3489
3802636,4554 866 4292 1133 3651 3675 2278 3062 4758 3371 2196 424 2837 3146 305 431 2033 3554
889504,2831 112 420 4317 1321 4021 4987 3406 4357 2320 2034 245 900 1493 136 895 1788 4450 2583 4867 1354 3782 3197
2772513,4558 4727 302 3574 3148 4027 2728 2340 4871 3450 2099 3136
154258,4727 4558 3916 1356 2034 3148 4871 3951 4587 3499 44 4027 4168 4478
1994487,2565 1742 3675 3121 4871 3651 3136 1321 2123 2780 378 1450 4758 4487 3985 1788 3778 3969 4289 3946 1015 714
3379238,3478 2025 875 930 2921 3136 4541 2728 2837 4494 112 3651
2565053,424 3946 3062 3136 2297 3813 3554 900 4471 3587 4850 1099 4302 2340 4727 368
38418,4216 1480 1198 4972 792 1782 2049 1355
3263817,4727 4558 2728 4871 3404 3574 3148 3916 4168 4587 3499 2340 4174 930
3357820,900 2831 4317 112 1321 2034 1042 245 1493 420 4471
3355802,3776 4727 2728 709 3146 930 2837 4558 3136 424 2425
3473427,1321 2583 4318 4471 420 4021 2831 4357 245 112 4317 1788 1430 4987 962 1307
253542,2425 4558 2728 709 3137 3146 3696 1694
2029617,3574 1180 2425 1596 4558 4871 4027 2099 4727
63449,112 2831 1493 2099 3867 2034 2029 900 268 1042 245 4317 3198 3782 4053 3524 3495 3925
3384953,112 2831 2034 900 245 2099 1493 4027 3867 2728 3478 3495 2029 268 3197 4539 3198 1990 4587 4053
3685623,4558 3574 2425 1180 2728 4727 3283 4871 4539 4027 1596 4541 2099 3404
574471,1701 3874 2921 2030 2583 564 2328 2801 2950 3116 1436 4938 1825 2442 1321 2992
2747593,2034 245 900 112 4587 3197 1990 4027 2831 3951 3778 2099 1694 3148 3466 4727
340019,3675 4987 1321 2814 4471 2095 1742 2431 3197 2692 1450 1788 1430 2583 4394 450 1990 3925 4303 2769 1252
1826911,268 4541 875 2921 3478 4494 112 3085 4317 3136 2138 3431 1321 930 368 3242 900 787 3062 2814 2008 870
3561090,2164 1071 2927 2184 44
3615588,1818 1644 4004 1226
2072160,4541 2728 4727 930 3478 3136 2837 368 112 4558
1393483,4554 4624 424 4292 3946 3651 2340 3675 3478 2087 1404 900 1005 4029 866 2196 3561 4850 3062
2644357,1321 2921 787 1701 2583 2445 895 268 4471 1788 3062
3289374,112 2099 499 900 4357 2728 532 2034 4664 4053 2992 4539 2029
1568529,2728 4558 2425
2961673,424 2506 3776 24 1928 2501 3420 982 4292 2224 248 1099 1960 781 910 4850 2402 209 3843 1636 4373 2905 930 3062 4029 4302 763 3021 430 3946 3587 368 3478 4106 315 4979 4000 4980 4424
3260436,424 3813 3062 3946 4850 1099 571 3587 2297 2586 3136 3651 866 3554 4302 4292 900 982
2159991,3865 2487 4306 4441 2382
754074,2487 2792 4441
1640845,4471 4867 245 1990 2583 2034 2431 1321 4587 4179 900 3778 4964 3969 4357 3116 3197 2188 3951 3925 4987 1446 1430 4221 487 2320
2672091,4964 3916 1990 2034 3951 4587 1015 1694 4385 487 4471 245 2733 3675 4168 3136 387 3778 450 3499 1356 3197 2431 4727 1252 4221 3466
3326663,4539 2728 3574 4558 1293 2425 4541 302 3283 3478 2099 391 1469 4727 112 2029 2424
1183536,2728 3009 2340 2087 4554 3651 2837 3675 3146 2528 4558 2278 709 4727 867 315 1133 2033 4624
1630982,3148 4027 4558 4727 2728 302 2340 3574 4587 2099 44 2034 3917 245 2425 112 3386 4168 1356
3227215,4727 4558 3499 2340 4447 4587 44 3148 1757 1289 4791
1309293,2728 2425 4558 1293 4539 1526
930340,221 3079 1224 3922 4109 3471 4266 4471 3239 2981 1580 3094 1668 4216 1827 3263 3518 3732 4985 1909 1448
921515,3813 1133 1480 4583 866 3121 1781 3894 121 4585 4972 3675 3773 62 378 3514 4896 1814 4216 1388 1248 4142 2439 352 4542 1803
1667662,4727 4871 3916 4587 4558 4168 3951 1356 1167 2034 387 1015 1990 1694 4027 450 4964 3136 3450 245 3778 3499 2340
2041546,3421 4964 4179 3778 1436 3875 3969 4987 3197 1990 4357 1430 1439 1798 895 2992 3116 2431 847 1321 245 2583 3042 4471 3002
3269112,2053 2992 1544 2382 1990 2600
1149,1990 2583 3951 1825 1430 3036 3925 4964 2992 2921 4179 2431 962 2445 3197 3778 2053 2685
3039472,1133 4554 866 431 4292 3062 3675 1095 1164 1781 3651 2196 2278 424 2033 4585 4757 3371 2837 3121 315 1973 305 62 4857 3146 2728 2439 3009
801630,2728 302 4558 4727 3574 4027 3148 2425 2099 2100 2340 3917
584000,4317 420 2831 3782 1321 1337 4494 3242 787 2921 3085 3131 4053 1042 361 2599 4021 895 2328 223 1701 3707 875 1307 3406
3098208,1928 709 2402 1532 1399 3450 2681 566 4106 3675 4955 2439 3010 4292 424 2501 684 4874 62 4197 2332 24 3773 3062 2621 248 3833 934 2766 3121 1254 3308 2626 930 2798 1510
1741538,4987 4317 4867 1321 4357 245 895 2583 4021 4471 420 2320 112 2034 1788 2831 3197 3406 2431 900 1990 4221 1430 4587 4450 136 962 197
3676599,3136 930 2025 875 3478 4541
3669017,4554 866 1133 4292 3651 2087 424 3675 4624 2278 305 4727 2033 2196 3009 3062 4758 3554 3371
3707965,4587 4727 3916 3951 1356 4558 2034 4871 4027 4168 245 4964 1015 44 1694 3778 1990 3499 2746 2340 3148 4390 3109 387 4179 4221
1278907,3559 2818
506449,4179 2992 4357 1337 245 4987 2921 3365 193 151 2692 4867 2950 4964 1819 3197 3036 1225 3983 3982 1701 2583 109 3116 847 1185 4221 582 1516 4160
1685267,112 900 4357 895 2992 2099 3642 4664 4116 4053
164156,4871 4727 4558 3574 1180 4168 4478 1596 2260 1628 4587
482646,4587 2034 1694 1015 1990 4964 3916 3951 245 4727 487 4027 1356 2733 4385 4168 3136 2340 3499 4471 3197 387 3778 3675 3148 4558 3466
3574142,4727 424 3136 3651 930 3776 2837 368 3561 24 4541 3450 2025 3587 3478
1246962,4727 4871 3136 930 4558 3651 2837 3450 3146 709 4587 2340 368
3440271,2992 1990 4388 3036 2053 1430 2685 962 1535 2921 2583 2382
3062750,4587 3916 4964 3951 4168 3499 3109 1015 245 1356 4871 2034 1694 4179 1990 4727 4390 3778 802 3148 3116 44
2173026,268 3478 112 900 2831 4317 3782 1321 3867 1493 245 2921 4541 2728 1042
1305362,895 4116 4021 4317 4053 1307 1042 1701 3707 420 1321 112 4938 4987 3782 1337 3642 2029 2206 787 4450 4357 2320 3406 197 3198 2992 2831 4494 900 4131 2034 1788 2418 3197 297
1973901,2034 245 1321 4471 2583 2831 4587 1990 4987 112 4318 3675 1788 3197 3925 4357 3951 4964 900 420 3778 1446 2431 1430
1733160,4987 2831 4317 245 3131 268 1337 4021 2328 3406 2921 1493 2008 1321 1307 4285 420 112 4450 3197 151 2407 2034 4357 4053 1446 223 1990 3925
311378,4471 1321 245 2431 4357 4867 4587 2583 1990 2034 3951 1788 3778 4987 2188 1446 3969 4964 4221 112 3197 1430 4179 3116 2831
521132,4558 4727 3574 4871 2340 2728 3148
1445986,3675 3121 2439 4857 3371 62 3009 1133 4289 1095 1781 315 1388 2196 3651 3062 4106 3773 305 4585 4183 684 2402 1973 4415
833082,2921 895 245 361 2445 1878 4987 4357
2455050,1012 1280 4463 4721 4061 4343 2288
1182775,4587 245 112 2583 4357 1421 1587 2034 2950 444 2728 4964 1430
1306569,1990 4493 4871 3951 245 4382 3778 2034 4587 3925
703806,1990 3951 1544 1825 2583 1464 1430 2431 2685 2382 2992 962 2921 1417
1329247,2831 2034 4317 420 2029 1990 3131 3782 4053 112 2099 1307 3198 3524 245 3197 223 3925 2668 4027 2719 3867 4450 3707 4565 3466 3951 151
1001225,245 2034 1694 4357 3197 4964 4587 4221 4179 4987 112 193
394794,4871 4558 3574 1596 4727 1180 2425
3294723,112 3478 2831 2099 3867 900 2034 4027 2728 268 245 3495 1493 786 2029 3198 3782 4539
2551818,431 4554 4292 866 2278 305 2501 486 816 2087 2033 4758 3651 3062 4624 4727 1133 1928 3946 3675 424 4302 1095
404695,4871 1749 1742 2123 2531 2260 2565 2625 3249 1727 3722
1816048,424 2501 24 3776 2728 4727 4554 2340 2837 3478 2278 2087 930 866 709 305 3146 4000
3484510,2921 2445 2685 4388
450339,4554 866 4727 2278 424 305 2501 4292 1133 2837 930 3651 2340 24 2033 3146 486 431 3478 3675 2025 4758 2433
254223,4382 588 2108 2156 2344 1234 3564 705
738581,424 3946 3062 982 3136 4850 4292 900 3587 4302 1099 3277
1366596,4624 4554 3651 2087 2340 1133 431 866 4850 3009 3675 424 3146 4292 867 2728
3832095,1757 2351 4558 4447 2260 3916 4791 1167 2340 2728 4478 2732
3255415,4027 1596 2034 4727 3574 1180 2099 245 4871 2728 4558 2425 44 3478 786 4587 3495 112 3917 4539
2575132,4871 1990 1596 4027 4587 245 2034 3778 3925 3109 3951 802 1544 2099 2992 44 4168 462 4179
1647723,3567 1569 4611 4242 2648 4684 4958 2661 4382 588 4359 4576 522 921 1580 3692 2608 627 2214 644
585151,2487 4306 4441 1544 3865 2685 285
457070,2034 1990 245 3197 4964 4587 3951 2831 4317 3925 1694 3917 3675 4471 450 2733 829 3778 193 223 1015 4027 3466 315 2099 2320 3916 4385 487 4987 4221 2583 3386 1356
297375,4385 4471 4964 3951 2034 1990 245 1167 3916 387 1694 3136 4587 4168 4727
2883035,4587 3136 41 3969 3421 1252 1321 4657 930 245 2950 1404
1738767,4727 3136 4587 3450 3651 1742 4027 368 3478 2340 4558 2837 3776 2034 930 3146 2728 245
3819965,4471 2431 4964 3951 1990 3916 1694 245 4587 450 3371 4841 3020 1252 2697 3471 1446 116 4385 2565 2034 2769 778 1015 3675 3778 259 248 3136 1322 4168 2583 2733 701
3155063,2801 1321 2583 2921 2328 4987 847 4926 3116 3982 330 526 1825 4021 3874 2431 1701
2347173,471 900 4027 4817 2626 2803 24 112 1608 1373 2113 2459 3685 2337 4471 4357 4020 4926 3075 1034 4221 2193 2728 1636 2880 1389 3850 2657 4121 2227 3021 3197 135 3776 1918 4850 2955
733475,1421 3977 1818 1562 112 1701
2286579,4871 4727 3778 3574 1990 245 2034 1742 4587 1628 3925 1596 4558 4168 4027
890998,424 930 3667 982 4292 900 2061 3062 430 368 3587 4560 3277 4727 4029 763 1099 1928 3554 4987 669 4302 347 751 3494 3833 4850 3675 2501 2340 1321 3186 2745
3387826,4334 2332 24 4613 3075 1912 972 4262 1601 4292 2868 2402 3468 1133 263 3632 930 4585 62 3843 2798 3946 424 2328 3111 982 3773 3277 4180 248 3587 176 4142 4000 3121 96 3062 315 4029 2657
1400341,4727 3843 3450 2501 3716 709 4558 2061 424 3776 3368
2618033,3499 4587 3951 4964 1015 245 4791 3916 3875 4871 1694 2034 3778 470
3111101,2831 112 4317 268 3198 900 1493 223 4053 3478 3131 3782 2034 4987 1321 4736 2099 420 3867 245 1307 922 1788 1337
3911998,3062 4471 3136 3813 3946 4560 4585 3554 4292 1321 4850 424 3773 1099 378 4758 3502 1450
3916749,2728 1757 4027 4520 2340 4558 4404 1742 2837 4791 4587 2425 3148 1596 1152 1395 1167 4447 3136 2732 245 2746 3916 4727 1015 4298 4
1333644,2831 1493 4027 268 1191 4541 2407 3131 3198 4317 3917 245 223 2921 2099 2034 3386 3925 829 1990 3478 2599 151 3197 420 3524 3867 2728 3495 55 662 4053 1337 3918 3778 315 4131
3428274,3675 1133 2439 4857 62 3121 3371 315 3009 3489 1388 1095 2196 4289 684 1781 4585 4106 4380 431 4554 4292 3111 1254 4624 3450 76 3062 1577 378 3773 772 4855 4471
3015506,4317 2831 900 112 1321 223 875 3782 4053 4987 4357 1701 3707 420 2034 3478 4494 3198 3062 245 4021 1788 297 1307
2216758,2728 4558 4727 2340 302 2425 1526
648474,4539 1293 3283 1469 4541 3436 2425 4558
536296,1321 4317 900 420 875 1042 4987 112 2831 4357 268 1788 4736 895 3478 3136 1493 3675 3782
3523013,1321 2831 112 420 900 2034 268 4987 2921 3675 1788 2583 245 4317 2206 895 3478 4587 3925 3136 1786 1493 1990 1404
1859820,44 4027 4587 4871 245 1596 3778 4558 2034 4727 1356 1694 2099 3148 3574 1180 1990 3916
330178,538 2023 1691 603 3168 1023 2710 4634 1186
2886933,245 4587 112 4964 1694 1493 4357 4791 2034 4179 1540 3197 624 109 2728 301 4987 2831 4221 1015 3136 1404 800 2340 3146 3918 2837 3116 3951
3645124,3062 3946 900 4292 2586 1321 424 3277 4850 3675 1450 875 4317 571 430 4987 3136 4471 3969 4736 378 1099 3502 1788 4302 368 4903 895
2408965,4681 2049 3094 4242 1695 591 2307 2563 4825 2573 4471 3389 4434 4411 3511 2127 792 590 4195 221 2202 1411 2994 4044 3481 4920
2172520,1990 245 2034 3778 4964 4221 4471 1694 4611 3951 2431 3197 4587 4179 3969 1516 3116 450
3686381,2972 1574 116 449 4855 3396 6 3740 4879 3571 2153 490 984 556 4347 684 216 779 2853 523 3755 2529 212 4011 3045 2534 2780 3628 4796 4613 1860 1538 2595 176 3722
2880453,4554 2087 4624 867 3146 3651 866 1133 4292 3675 2340 2837 2278 2728 3561 424 305
970709,424 709 4554 24 2087 2340 4727 2278 2728 305 3146 3478 3776
3338590,112 4541 2831 3478 4027 3085 245 2099 1293 3386 4539 3198 55 786 151 2029 4727 3867 2034
1415492,112 268 3867 1321 2831 900 1042 3478 2029 3198 1307 3782 1493 4317 2099 4938 2034
1571327,2921 4317 2008 2328 268 3131 1321 1307 4021 895 2407 361
1807880,1321 4021 4987 112 1788 895 4357 2583 2992 1307 4317 2921 4116 900 2831 4867 245 420 4450 2431
142879,1440 705 4306
357434,2583 245 4471 1990 4964 2431 4357 4926 4179 4987 2992 1321 2565 4318 1430 3778 193 847 3925 714 1742 3197
442686,4471 245 3116 4964 3951 2583 4179 4318 4357 3197 2034 4168 1321 962 1446 1990 4987 1430 2188 4587 582
2270018,3136 4727 4587 387 1694 4027 4471 3776 930 368 4168 4558 3951 2034 3916
929890,1493 3524 112 245 2831 3197 151 2034 4987 4053 4357 4317 4565 4221 297 3198 2099 3707 2029 1990 3782 223 4179 3131 4285 4450 2992 420 1337 4160 4736 4021 1694 582 900 1354 3778 268 271 3642 2320
860353,4587 3148 4727 2034 245 4027 4390 4221 4168 3916 2340 4558 3951 3136 3450 3197 1015 4179 387 3776 1395 4964 3778 487 302 1990 1694 1356 3116 3499
1644566,4317 420 2831 1321 1307 112 223 3782 4987 875 3131 4736 1788 4357 900
2044426,4541 2921 2029 3131 268 3478 3431 4494 1307 3782 3085 3867 2099 4317 2138 112 875
1058380,3675 3371 1133 62 2439 3009 1388 4857 1781 1095 4289 3121 315 76 4585 3062 4554 4471 2196 3651 3773 4292
125915,4476 4584 3121 2780 1577 3570 4183 2087 62 3773 378 3985 515 3675 4855 4560 3277 1450 4624 3883 2451 3055 1170 2919 3062 1248 1133 1268 752 675 4585 2335 2769 2196 4717 4758 1252
3749656,3854 4857 2948 3780 4060 4216 3592 361 2301 1925 76
947037,4541 3867 1501 4539 2029 2728 112 532 3478 3283 2099 268 55 3495 1293
2078524,96 2963 4292 3734 1446 2565 3277 509 248 3784 1450 2258 4613 1349 3197 3075 3313 3675 4560 4926 24 4585 4698 2745 4987 4641 2392 4471 62 1322 368 1788 4758 4142 4289 3323 3062 1321 3925 2043 193 2697 3843 1967 2755 4011 4458 3101 2814 3778 982 4302 3163 2432 430 3946 2937 3883 2431
1082627,3951 4964 4471 2034 4587 245 1990 2431 2583 1321 4168 387 1694 4318 3197 3116 3916 3778 4385 4179 1252 450 1446 4221 1015
639700,1440 4306 705 1825
1544782,4964 3951 3916 4587 4168 2034 1015 4471 387 245 3499 4385 1990 1694 2733 4320 3675 1356 450 3116 582 2146 4179
2254492,424 4850 781 982 3062 900 1099 3946 430 2586 4302 571 3813
677183,112 895 245 4357 197 4987 900 2034 4565
1861977,4493 3333 2431 1990 1535 450 1825 3951 1430 705 1417 2583 1464 4471 3440 962 1349 4964
1340370,1493 3867 2831 4317 4053 3782 112 2034 2099 2029 3198 268 3524 420 1337 245 3925 3197 1701 1307 3235 2320 924 3131 297 4027
319710,2897 354 1402 415 2331 1411 78 3625 749 4384 4462 1510 587 523 927 4947 3611 2353 3389 985 1138 1977 1151 4082 25 4683 4124 2458 2574 159 2480 566 3307 3602 2362 1466 2139 1122 3061 522 4471 984 4954 4611 874 4044 3184 4570 118 4216
1419198,4357 4987 245 4221 4867 4179 112 2992 3197 4021 3116 962 2034 2583 526 1321 4116 4471 1990 900 151 895 4285
2209227,4763 3258 1164 4757 140 2682 1095 430 625 3833 4292 3587 4200 1214 982 3675 875 84 420 4503 966 4585 2813 2025 2978 3277 4029 14 684 4850 2596 3136 2337 431 1781 4207 3111 352 3062
717699,2487 2600 285 1544 4441 4306 1131 2053 2685 1990
2902471,3877 1028 1339 1085
2502549,2728 2425 4558 4539 1526
3122872,930 2837 3136 2728 709 4727 2025 2659 4235 3776 3146
3468645,4587 1015 1757 4791 1694 3499 245 4964 4558 3951 3916
1697641,3976 2304 3168 1544 2992 4444 2921
1581677,4382 588 2648 1429 2260 1569 522 2108 441 995 4958 1741 107 2608 2661 30 2156
1900830,2728 4541 2837 24 4727 3478 3776 930 1501 3136 1293 709 4539 3146
360370,1028 4999 2813 995 3653 1514 219 705 677 1440 3934 1974 4168 4958
1900968,3951 245 4471 4587 2034 4964 387 4168 3197 4357 3116 4179 2583 4221 4385 4318 1990 2188
1659814,4471 2431 450 4318 1430 2583 1990 2095 4964 3951 4867 4889 1321 4587 962 3675 2034 1446 3925 2188 3116 3778 245 3020 3863 2565 3371 1417 4385
225342,2728 3276 2837 2528 2278
3161121,112 2831 900 245 2099 2034 1990 4357 3036
3253113,2992 1697 4357 3115 1629 3983 4987 245 297 4116 151 3107 4565 4053 1337 4221 4179 2034 3969 1493 895 3235 3642 736 2515 4910 3242 112 2668 4285 40 4131 3197
301503,112 900 2831 245 4317 4357 2034 2099 4987 151 4116 3782 1321 4021 1493 3197 1990 4221
1693632,2728 4027 3867 112 2034 3478 245 2099 4541 268 3198 4727 4539 4558 2029 3386 4587 1307 4938 2831
351015,4727 4587 4558 3136 3148 2340 3675 1015 3499
1877617,268 1701 4053 112 1307 787 3867 3242 1321 4494 4938 4317 3782 2029 895
495509,2921 4388 3235 2992 1701
3332544,4554 866 424 2087 1133 3651 4624 2340 431 3675 2278 4727 3009 4292 3146 305 2837
2370347,2831 4317 2029 420 3782 1307 2034 223 3198 3131 2099 4053 112 3524 2668 151 245 3478 662 268 4847 4938 3867 1493 4565 1990
2859210,4554 4624 3675 1133 4292 3651 2087 3062 4302 2196 4850 424 3371 3478 866 4585 1450 867 4758 62 2340 3121 4289 3009 378 3773 3277 3489 3969
171223,424 3776 4727 3667 2340 930 368 709 2501 3148 24 2964 1404 2433 4554 1928
2962293,2030 1421 713 3977 1818 3983 1562 112 1953 3642 444 1701 4053 4664 2992 1307 361
2055324,1990 3951 450 4964 3778 4179 4221 3116 962 4587 2188 193 3109 4320 1430 2034 1798 3197 2992 245 4570 4841 4471 802 582 3036 3916 2137 1516 1322 1992 4168 3925 2146 2894
2695961,424 3946 3062 3813 3136 2340 4850 3587 347 2297 4727 4471 763
2376246,2921 2445 895 2992 2692 2583 1337 4388 2328 4116 3036 1430 1990 361 962 1701 1321 2685 2053 2206
2543272,1337 2831 1990 2099 245 112 1701 151 3524 4317 2328 4053 2034 2921 4867 2992 3036 4357 3197 4131 630 420 4285 268 1493 3131 2320 900 4987 4116 2599 3707 4021 4496
3126337,3276 1133 3675 4857 4554 974 1781 3651 2278 2528 3009 3371 3121 3894 1095 2439
945041,4471 3675 4554 3371 3146 3651 1404 245 1133 867 3951 2034 709 305 2837 3009 3471 4289 2033 701 259 2340
2864695,112 1818 1216 1701 4357 2583 1421 268 4938 2030 4587 1307 245 2992 1321 2921
369710,4587 3951 2034 3916 4964 4168 245 1694 3197 1015 387 4221 4320 1990 4179 4390 3778 4027 3148 4727 1356 582 1395 487 3116 3109 2340 2188 4558 450 2746 44
1855271,2034 4964 245 3197 3951 3916 582 1694 4587 4027 1990 4168 112 4179 387 4385 4221 109 2099 1015 2831 1395 4471 829 3925 3466 2746 3386
1588722,1493 2831 112 2034 2099 245 3524 3197 151 3198 2029 4027 3867 3495 4053 4317 3917 55 900 1990 4539 268 3925 3386 4357 1694 4179 109 4450 2599 4964 223 3918 3782 662 4987 4664
828618,1581 534 1215 275 950 3596 1285 1741 2962
2270362,197 4987 3197 4357 4867 245 4964 4179 2034 3969 4565 4221 4450 2992 3107
3116233,221 4216 3094 792 591 2710 4985 1814 4681 4972 1195 1108 1781 432 1827 1480
2509593,2992 2921 151 1337 4179 4053 3036 4357 3197 4987 245 4867 4388 3983 4116 582 4889 2692 3365 3982 2328 4131 2831 1947 2095
3011167,112 2831 900 245 2034 1493 4357 4317 2099 3197 3782 895 2992 151 4987 1042
1195382,424 4850 3813 3946 3062 2297 4302 1099 2586 900 571 3136 982 347 430 3587
3519508,424 4727 3136 930 2340 3494 3587 347 3946 3776 4758 648 4587 3651 3561
3078,4292 1133 3675 2402 3946 3062 248 424 763 910 4850 982 3121 4554 62 1928 4106 3489 1173 4180 4585 4896 4302 315 3277 4613 3773 866 2501 3702 3371 24 1450 378 4424 2974 4029 4373 2745 3075 1035 781 368 1099 2565 4758 4624 648 3420 4926 4903 352 751 930 2905 4471 4289 4113 3473 1136 3833 2196
3677842,2728 4541 3478 4727 1293 112 2099 4027 4539 4558
363921,4471 1990 3951 450 2431 4587 2034 3778 4964 245 4867 2583 1430 2095 3925 3466 2894 387 1694 1015
2218687,4554 4292 4624 3062 4850 1133 3675 900 3946 424 4903 3489 4585 982 3478 4302 2196 3651 966 1388 3146 3969 1450 3561 3773 2087 4029 867 2297 763
141867,245 4964 2034 1694 4587 3951 4471 1015 2431 3197 4791 3011 1990 4179 4221 193
2005272,2108 4382 1234 3275 3564 50 2344 1689 3471 705
3629153,1133 4964 4471 14 3276 3011 1798 3371 714 974 1095 1439 4240 1885 3116 839 3421 4554 431 2034 2278 2188 4315 1430 3675 1591 4926 4611 4179 2992 1936 245 1974 4168 3951 2033 551 2583 4357 4587 1628 2090 2594 2654 3136 3392 1404 1568 3277 1694 3471 1246 3365 4849 701 1992 3651 4880
2975383,866 431 1133 4292 2033 2087 3675 1095 3062 4554 2278 305 424 2439 3651 486 2196 1214 3121 2837 4727 1781 1928 62 3371
1188888,2921 1337 4867 895 1990 4116 4131 4317 245 1321 4021 4987 3036 3925 2583 2992 4357 3197 2320 2831 1701 361 2328 2099 4471 3778 2034 2095 2431
1596193,24 4807 2262 3894 248 3143 3843 2501 3021 424 4850 237 3776 2278 347 2432 4667 489 3479 1886 1633 4000 3946 4292
1009398,112 3198 2831 1307 268 1493 2034 2099 245 2029 4021 4317 900 4053 3867 3782 1321 4938 4116 3925 151 3197
3699381,4727 4558 2340 4027 4587 3916 4871 3148 1356 2034 302 4168 44 3136 2728 1015 3499 3450 3951 2746 245 1990 1395 3574
2154600,4964 3916 3951 4587 4168 450 4320 1990 1694 4221 3499 1356 2034 1015 3650 245 3778 387 4471 802 4179 2146 4871 3109 2137 4727 4570 193 4558 3116
2176210,420 4317 2831 3131 4021 2320 4987 112 2034 3197 3925 1307 4450 3198 245 4131 151 3524 3782 4053 2029 2099 223 1321 268 1493
496350,4558 4727 2340 3148 2728 4447 3499 1289 44 4587
2412861,3836 2576 2683 2929 2927 4820 44 233 4139 280 3123 4906 2611 1001 2245 3945 3018 2857 2928 3037 1443 289 2527 4895 4793 3397 1202 1281 858
3601589,2728 4539 2424 2425 2099 3917 4558
590743,4587 4964 4168 245 3951 3916 1694 1990 4179 3499 2034 4478 4221 4871 3109 1015 2146 802 3778
800227,2921 1990 4388 2992 2583 2445 2328 2685
3419665,2328 4357 245 1337 875 112 1446 1701 151 2831 3146 4494 4541 2921 1321 268 3136 2992 4867 361 4587 3062 2188 368
3058854,2049 792 566 4195 1810 1695 1782 970 3094 4251 221 1162 2362 2617 4972 557 4242 4411 432 2883 2725
2358898,1237 2259 3275 2661 4958 4576 4359 4242 3732 1068 1741 480 3515 538 741 1925 1190
553576,3062 1321 875 4292 4317 1450 3675 3772 3946 3136 4987 4736 2008 3502 3277 2586 1788 787 368 4758 3242 895
902154,3062 3502 3946 4292 3136 3675 4758 1450 3772 2297 1321 648 347 2586 2757 4850 2392
3200831,4541 268 3478 4317 223 2728 3136 2831 1191 900 4027 930 2099 3675 2921 368 2025 245 112 2837 1493
1813286,1321 268 787 4317 1701 2418 4053 895 4987 1307 3242 3782 4494 1059 4938 3675
476503,1321 4471 4987 1788 245 4357 4317 3197 420 4318 2034 2583 4587 112 3951 4758 2831 3675 1990
2758812,1535 1464 1430 1825 3333 1990 4493 2921 2685 962 705 2583
1048111,4357 4987 3524 3707 151 4565 4317 4285 3197 297 1337 4221 4021 4131 4179 1493 2831 4867 2992 193 2188 4148 3131 420 112 2320 3982 245 2668 4496 223 2599 895 4450 4051 4053 1042 2034 3107 962 900 3406 4116 526 1225 1990
2054430,245 2831 4317 2034 112 900 1990 268 3197 4987 3925 1493 2099 3198 151 223 4053 3386 2320 4027 2992 2921 3478 3782 3036
1181751,3675 1133 3009 4554 4624 2087 3651 3371 4292 4289 709 3146 2196 3121 4585 867
1090688,2728 930 4727 2837 709 3136
3451870,3379 3853 4027 1860 44 2611 829 4587 193 1694 1269 4139 4906 109 4179 2858 3951 3197 2845 4221 2146 4056 4964 4298 4895 216 210 2927 3685 3279 1066 487 2732 2928 302 4423 582 3945 2746 3118 1574 75 2459 3916 4390 4558 1734 4011 900 3386 3443
2876692,1544 1464 2431 1990 705 4382 1825 1430 116 523 2344 4471 4493 450 2894 3951
1365519,245 1990 3651 4027 4727 4587 4871 3925 2728 2034 2921 3778 3478
3898746,4871 4558 3574 1596 4727 2104 2260 4168 1180 4478 2425 1628 2732 1167
319442,3062 3946 424 3813 4850 2586 3136 1099 571 1321 2297 4292 900 4302 3587 3969
878630,3951 387 4385 3916 4964 4471 2034 4168 4587 245 1694 1167 1990 4727 4027 1015 4558
3801692,2992 4179 2583 4357 245 3116 4987 4964 3036 193
3758078,112 2831 1321 2921 1307 4987 268 900 4116 1493 245 4357 3198 4053 895 4021 2034 420 2992 922 2099 3782 2583
2022255,3450 4727 3136 4558 1628 4587 3499 3651 3776 930 3146
320368,2831 112 4317 900 3198 245 4987 2099 2034 3782 268 1493 1321 4053 4021
3853020,424 3062 2983 982 3946 3277 4736 430 4292 875 1414 2586 571 4850 1099 4302 1321 2025 900 3587 3651 3136 4317
2502885,3675 4292 3062 3121 4585 1133 2565 4554 62 1388 3371 1450 4142 4289 4850 378 3946 4106 2402 1321 3489 3969 2196 2586 751 4758 3277 1803 1577 867 1173 2445
3257592,2992 2053 285 4179 1185 3778 3036 1990 2382 1544 3109 4388 2414 1430 1947 2188 3983 245 2950 4357 3197
2605493,4871 4168 4558 4587 4727 3499 1742 2104 4478 2260 3574 245
798557,4964 216 684 1474 3471 3383 3829 2611 259 71 4320 4471 1322 1990 2137 2146 3863 450 3675 449 4385 4841 829 2431 1252 779 4790 1142 2697 3778 1015 487 3951 3011 387 4011 315 193 3308 3722 2565
2148981,4583 2948 1107 538 361 2921 2565 1388 62 3729 4231 1133 1082 2707 4471 1095
2139681,4871 3574 4558 4727 1596 1180
1373349,2728 4558
76685,3574 4871 4558 4727 1596 1180 2425
1540785,4382 1741 2108 588 1339 2648 2608 3934 1234
783577,4471 3951 4318 2583 4385 4964 714 1321 2431 1252 2034 1430 387 245 1417 1990
3779769,2034 245 4587 4727 1694 1990 4964 3951 3778 3136 3675 3916 2188 4168 3499 4027 4871 1404 4471 112 4987 1321 3197 1356
2184870,1133 3675 4554 3651 4292 3009 1781 3371 3121 2196 3062 4758 4585 59 1388 62 3773 76 3111 378 4624 866 4113 3489 1450 1788 3277 1251 1321 431 648 3969 4302 3554 4857 2837
457991,532 1694 3917 4027 2728 1540 245 2921 2099 2746 112 4664 2425 2831 3386 1395 1596 630 800 4 4964 3137 1493 268 4811 1844 4494
2618270,4857 2439 1133 62 3009 3675 4380 315 4585 2789 1095 3371 4289 684 1781 1388 4471 1254 3450 3121 4292 566 3894 3062
292076,4021 1321 2320 4317 420 1307 2831 2583 3782 2921 4450 1788 4987
3056390,2153 2697 684 2431 450 1731 1035 2853 1652 4611 1176 566 3355 276 1810 1252 4855 3675 918 3580 2508 2534 3159 2595 4471 955 3033 1935 490 3371 1304 2137 4289 2919 4837 3121 4475 4011 1574 3829 2725 2357 2373
3491155,424 3946 3062 982 4850 3136 3587 4292 4302 900 3277 1099 2501 4758 2025
2880221,2729 3524 3683 381 4027 4494 2863 2320 3917 1990 2665 3765 1072 245 3197 4926 1035 4317 1680 4496 1694 4029 829 4988 4621 420 3406 361 2211 4450 1474 4424 655 4056 3925 1336 367 4964 847 109 315 2063 2034 2611 2781 193 2423 79 4053 4471 4020 4357 487 2431 4475
3472947,424 781 4850 3062 1099 3813 3946 3136 4471 900 3587 4302 4727 2297 3554
2645737,3276 974 2728 2528 4658 2837 2278 3651 4558 4554
2170022,4587 3421 4727 3136 3499 930 2728
10687,2382 1544 2053 1131 1990 2992 2600 3440 4779 4549 285 802
1516092,245 4587 1990 4964 3951 2034 1694 1252 4471 2431 3778
3245469,112 3867 2029 2831 2099 3198 2034 1307 268 1493 900 1042 4053 3495 245 4539 895 3478 3782 786
3774960,2583 2431 1321 4318 4471 1430 2445 2039 2921 1417 3969 2565 3675 3951 895 2206 1446 962
3445857,424 866 2278 4727 2033 2087 4292 4554 305 2501 1133 431 1928 486
558084,3136 1321 930 875 2025 3675 4292 4758
2354864,268 112 1321 1307 4938 900 787 875 3478 4317 1701 4053 4987 3867 2831 4541 4494 4357 1788 3198
2468204,3062 4317 875 3675 3946 223 930 4292 4987 3277 3136 2025 1450 1321 900 4736 268 3502 368 787 3651 3772 3478 424 571 4302 1042 3782
307160,2053 2992 2382 1185 3365 1436 4124 2360 4179 3109 1544 3275 3036 1990
2213648,3675 3062 62 3121 1133 4292 3371 378 4289 1095 4554 2196 4183 1577 3773 4624 4106 3009 4758 4896 2087 1388 4855 3651 1450 2439 4142 4585 3969 431 3277
2345894,3276 2728 974 2528 2837 4658 4558 3651 4554 2278
3479958,4587 245 3136 1694 2034 3675 1321 930
181913,424 4850 900 4302 3813 4000 3136 781 430 347 3651 3062 571 3554 112 3946 1099 982 2586 3587 2297 866
3737916,112 2831 2034 1493 4317 3198 2099 900 2029 3867 4053 3131 268 3782 245 1307 3478 420 1042 1321 895
1256563,4871 4727 3574 4558 4168 1596 4587 1628 4478 2260 3916 1167
2465346,4964 4587 245 2034 3951 3916 4168 582 4179 1990 4471 3197 3116 1694 387 1015 4221 2733 4987 2188 109 4357 3675 3499
3330874,3916 450 116 4587 3951 4964 2137 4168 1015 1990 3499 2034 2894 1356 4471 3371 4385 1694 4320 3778 4727 2431 4871 602 387 4841 4811 245 487
1904585,245 4357 112 4471 2188 2831 2034 900 4221 3116 4179 4269 197 1990 3036 3197 2583 4889 4987 3925 4318
488252,2921 2992 4388 245 1701 1990 3235 3925 3242 787 1337 4587
1042855,4027 4558 2425 2728 532 4587 800 4871 245 1596 1694 930 1844 4541 1757 3386 3651
525866,197 3683 3210 900 847 2320 4051 1035 1611 2814 2583 3197 450 2863 3510 1416 2921 2095 4357 1395
826777,2728 2425 4558 4539 2100 179 2424
3348843,2278 2728 1133 3009 4554 2087 3675 2528 431 3276 867 2837 866 4292 3146 3651
513746,2651 1238 3392 1974 3613 1560 4460 1198
3521613,4357 4987 4021 895 1321 1337 2583 1307 112 1446 245 4317 1701 361 297 3406 4867 4053 2921 2831 3969 4285
1486919,4587 3916 2034 3951 4727 3148 4027 4964 4168 1356 4558 245 387 1015 2340 44 1990 1395 3499 2746 1694 3109 302 4221 4871 3136
2528914,4727 3574 4558 302 2340 4871 2728 2659 3136 3148 3404 930
2649936,245 1990 3778 2034 3951 3925 3197 4587 4964 3109 4179 193 2583 2992 4221 3116 4357 3036 2188 2921 1694
713770,4624 4560 4584 3570 4180 673 515 474 3443 3773 3807 1149 2780 2087 3136 3277 4855 3843 4476 4613 1170 2402 3075 2540 2989 709 2919 90 3009 1735 3451 1576 3121 3946 4292 1248
150710,4554 305 431 4292 3675 1133 866 3651 4758 3062 2033 486 2196 4302 2087 3146 4183 3476 2278 3478 1276 4289 4624 3371 3277 1321 1095 4727 1928
945650,4554 4292 1133 3062 3675 3651 866 2087 2196 3371 4289 305 4758 3554 2033 424 1973 4302 2278 1928 3163 4727 3476 1321 3773 1788 1450 62 4560 431 2501 3277 4471 910 1035 3146 2745 709 648 3969 1972 982 751
2013700,2728 112 630 2921 3696 245 3146 4558 1562 709 4494 1694 532
2717385,1990 3951 4493 4964 3778 450 2034 2431 3333 962 4871 4587 1430 2188 802 245 3916 4471 1417 1535 2660
3888769,3574 4871 1596 1180 4558 2425 4727 4027 2099 1628 1742
3863532,3574 4558 4871 1180 1596 2425 4727 4027 3404 2099
1518716,2728 4558 2425 2424 3574 4027 1596 4541 709 2099
793868,4382 588 2156 2344 2108 705 1234
2628141,1321 787 3242 4758 1450 1307 895 1701 3675 3772 875 4317 4021 1788 368 3946 3062
480249,424 3062 4850 982 3946 1099 781 3136 4292 430 900 2586 3277
3595939,1321 895 268 1701 1307 2138 4471 900 1337 787 2921 1788 3062 2488 1446 2418 3969 361 112 4357
2828920,2034 245 4964 4587 3951 4471 4385 1990 3916 1694 387 3197 4168 4727 1015 450 3675 487 3778 4318 2733 4027 4221 3925 2188 4179
1657151,3916 4964 4587 2034 3951 1015 1694 582 4168 245 4179 4320 4390 3675 1356 2746 387 1990 4221 487 1395 3197 4027 450 3778 2340 829 4558 109 4727 4385 3148 2146 2137 2733 3136 4471 193 2122 3466 2188 3116 2732 3109 1167
761082,4541 4539 1293 2728 3283 2425 3478 4558 709 2029 24 112 1501
739985,2728 4558 4027 3574 4727 302 1180 2340 3148 2425 3478 44 4587 2424
963453,2852 1092 1318 2556 2047 1436 3267 1536 3930 4274 4838 444 4546 1815 4948
871063,424 3062 3946 4850 4292 571 3136 900 3651 1099 2586 3813 430 3277 4302 3554 4471 930 3675 3587 378 875 781
3738439,4554 4292 1133 3651 4624 867 866 3675 3146 2087 3062 2196 4183 4302 1173 424 3478 2837 3561 3121
1632623,112 2831 1307 1321 4021 268 3782 4317 4987 900 895 3198 4053 2029 4357 420 2921
1442816,4317 2831 245 268 223 4987 2034 3925 900 3198 1990 3782 1493 2099 112 420 2921 2320 4053 3197 3478
3589646,4541 4558 4539 2425 2728 1293 3136 3478 2099
1433295,4554 4624 1133 4292 424 3675 2087 4850 3062 3121 3651 866 62 4585 3773 2196 378 3489
2585443,4587 3916 2034 3951 4964 3148 1015 4168 245 1356 109 387 4179 4390 487 4027 4727 1694 4558 3499 2340 2733 4385 1990 3197 2746 112 4221 3136 3778 3466 305 582 3675 2188 1395
894796,4727 4558 4027 302 3148 3574 3450 2340 4587 4871 2728 2034 3136 4168 4298
2435659,895 1321 1307 112 2921 900 2831 4116 3107 4021 2583 3198
3062010,4587 4964 245 3951 4791 4179 4221 3499 2034 112 3116
494879,3478 2728 112 3085 3198 4053 245 900 2034 2831 4027 1742 2099 4664 1701
990750,4964 2034 4587 3916 3951 4168 245 1015 1694 3499 387 3116 1990 4221 3136 2188 4727 4179 4320 3197 4471
1317649,424 763 685 1633 3476 2061 2278 305 3843 2501 4200 347 1994 539 816 1072 4029 4458
3374400,4587 3951 2034 4964 245 4168 3916 387 4471 3116 4179 2188 3197 4221 4385 582 1990 4727 1015 1694 4027
827430,245 4357 112 2034 4987 2992 532 4664 1694 2921 4565 361 1844 4053 3642 4964 4221 3197
1159805,2345 1436 2047 3874 999 1318 1421 444 1587 1337 2711 3065 1243 2583 361 4973 4867 2992 4679 564 4094 2030 2801 2950 1818 2095 1226 3036 895 3234 3983
2045314,2276 2927 3500 1193 4014 226 4528 1350 1914 2115 3410 2889 3097 3043 4139 2880 2805 3501 4045 4743 3758 3038 44 4906 3342 3659 2250 2341 2124 270 1280
1966628,4554 709 3675 305 4292 3062 4289 2033 2087 1928 4727 3651 3371 2196 4302 486 431 1133 424 3146 248 2278 3277 4758 866 2501 930 1450
1339832,1740 2260 4791 4587 3499 4558 4447 4727 2351 1757
2272357,475 4857 4282 4266 3592 4216 3780 1827 4944 3169 792 1108 1195 2710 4972 1668 3196
975815,4216 2710 4985 792 4266 4972 4857 1195 432
3123177,4053 112 4317 1307 1042 4021 3707 4116 3782 420 3198 2831 1701 4987 1337 2029 2418 2034 787 895 1321 4938 3642 900 151 297 3197 4450 268 4494 3406 2992 4357 2320 1493 2099 1788 245 3778
114544,449 3829 2153 3680 145 4680 3633 2602 4964 1694 1854 1674 4855 4475 3580 523 1151 4083 1452 2349 4209 4783 4570 3625 927 4078 4433 4923 2366 1252
113237,1133 3675 4857 3009 3276 2439 3371 3121 62 4554 3651 3894 1781 1095 4292 1388 2278
1592978,245 3197 2831 2034 151 1493 112 4053 4317 3524 2099 4179 4357 1337 1694 4221 4285 2599 1990 4565 4987 3707 4964 297 4867 900 420 223 193 582 271 3917 3778 3925
1831536,4471 3951 1990 245 3675 1252 2034 2431 4964 4587 3471 4385 3916 778 4318 2769 2583 450 3136 3925 4987 714 4889 3778 1430
1836616,3951 4587 2034 4027 4727 4964 1167 4558 2340 1395 3916 387 1694 4385 4168 1990 3148 245 4471 3197 3136 487 1015 1356 3499
3623036,2921 2992 2053 2382 4225 4388 630 3036 1990 1337 1596 1701 151
3027373,4964 1474 2431 3951 4471 4611 3863 1990 3197 4179 701 2895 193 4221 2853 3969 4987 1430 3116 2583 2095 398 4926 2034 1322 3778 450 3011 1142 4510 2320 245 1516 3925 1424 778 1798 2146 2992 3300 3383 4852 4318 2502 1539 4385 4357 3597 1568
494051,2921 2328 1337 3131 2407 2831 1990 1701 151 4053 315 4131 829 245 3198 1307 3925 4496 4987 2992 3778 2442 268 2668 2599 4317 381 3524 2099 4541 4285
2727941,2659 4727 3136 709 930 4587 2837 3776 2956 2728 3146 3499
1244443,4871 4587 2732 4168 2104 3951 4558 462 1990 1167 4478 3916 245 3574 4221 4727 4027 4964 1596 387 1742 450 4390 3925 802 2034 1442 2146 3778 3499
530269,3951 4471 387 2034 4587 487 4385 4964 1990 1694 4318 3466 4027 245 2733 3916 3925 3197 3136 3675 4727
55893,3565 4770 3931 414 4681 3389 29 3094 3129 2049 1648 566 1695 1198 591 1662 2307 4471
1879045,4871 4558 3574 2104 4727 4478 2260 3404 1596 1167 4168 1628 2732
1533217,3782 4053 112 1337 1493 4357 2992 4987 245 297 1216 2030 4938 1953 4450 2831 4565 3642 2029 895 3983 2668
3498044,1469 709 3283 2029 4539 112 2099 4732
2983536,4471 1430 3101 2583 1477 4886 2431 3778 2188 1742 4240 1321 3946 1417 1252 4926 1450 3969 487 2095 139 2565 4318 2432 1990 4987 3449 1608 2395
1275818,2831 4317 1493 112 420 2034 3782 268 245 3524 3198 4053 4021 4987 2029 2099 3867 1307 900 3197 151 2921 1321 1337 4357 1042 3131 3925 4450 223
2329111,2728 112 2831 4027 3478 786 2424 3495 4539 3867 245 268 3198 4541 2029 2034 2425 2099 179 532
3715918,4987 4357 3969 245 1321 4998 2992 2515 2583 2034 4471 3242 3115 2921 847 3116 895 526 2445 1701 112 4116 1430 2431 4318 3001 736 4964 4179 3642 1629 2590
3350720,4471 2431 3951 2583 1990 962 1430 1417 4318 1321 4964 2188 3116 245
3456314,3275 480 2067 3515 1332 1581 418 3400 2661 4576 2259 4802 2754 2962 3989 529 2170 534
1245051,1321 3062 3136 3946 900 424 4471 4317 895 4850 875 4292 4987
72456,4471 2431 2565 1990 2769 3675 3951 3958 3371 368 3136 1252 248 4964 1446 2697 259 4318 3471 778 245 1694 4385 3778 2034 1321 4587 701 3020
2819765,2992 2053 2382 4490 4388 1990 1544 285 1185
2009579,2992 245 4357 3036 2583 4987 1990 1337 3969 4179 1321 4964 4221 2921
1177659,1540 4027 3917 1694 1493 532 245 800 1395 3386 2728 109 2831 4964 1335 4494 2921 2746 3863 3197
1901712,4727 302 4558 3574 3148 2728 2340 4871
509915,1701 4053 112 3242 3867 268 3085 1307 895 787 4494 2030 2029 3642 3235 4938
2457407,4587 3148 1356 3916 4727 2034 1015 4168 4558 245 3499 4027 3951 4390 1694 3136 305 4964 112 2340 4871 3450
363104,302 3574 4558 4727 2728 1180 4027 3450 2340 4541 2425 3148 2099 3404 3478 4871 44
3468440,2728 2424 4558 4027 4727 4541 3478 2425 4539 112 1293
1269061,4871 4558 3574 1356 1694 245 44 1596 4587 4027 1544 1167 3109 4221 4168 3917 2034 3466 193 802 2746 3916 2099 2146 2728 3951 3778
245470,112 245 900 2831 4987 4357 2034 3198 4317 4116 1354 151 2099 2992 3197 1990 3036 4053
1446024,2921 268 3478 245 900 2831 112 1321 787 420 4317 4541 2034 3085 930
3541716,193 2611 4964 1474 3197 829 4471 487 1142 2320 2146 4179 3101 4926 4221 3195 2895 2431 109 75 3925 1694 3493 2034 582 3778 4475 222 1244 3383 315 3011 1990 71 2387 4385 4011 2083 56 4029 245 3466 216 2188 4889 2863 2095 3951 3863 2657 4056 2137 4988 1322 1798 4583 3471 2595 701 1652 257 1269 4900 4357 2583 4320 2495 4987 2729 449 3159
3741499,112 245 900 2034 2831 1493 4357 2099 3197 4587 4179 3951 151 4027 4221 4168 4964
3618435,4471 245 2583 1321 2034 3197 4357 4987 1990 4318 2431 4587 3951 3925 4317 1430 4179 4964 3116 962 4889 4021 2320 3778
225549,4727 302 2340 3136 4558 930 4027 4587 3478 2728 24 3148 424 3450 245 368
2525085,3675 1133 3009 4857 2439 3121 3651 4554 1781 1308 2087 3371 4292 3773 2196 431 684 866 4624 62 1388 3489 315 4585 3111 2278
2076552,3951 3916 4964 4168 4587 3499 387 2034 1694 4385 1015 4727 4558 2746 4179 1167 245 1395 2340 4390 4471 1990 4221 1356 2146 487 4027 582 3197 450 3109 3148 4641 305
3130189,4027 2034 44 2728 245 3148 112 4587 4558 4727 2831 3951 1395 2099 3916 1990 3495 1180 900 1596 3386 3917 2340 4168 1356 1694 3574 3197 1844
1103330,2661 3806 2707 4576 4875 538 4471 4964 3089 2585 2785 2957 4611 4109 522 1030 1082 4877 2809 4677 1496 1431 741 1207 2202 1925 1992 157 1580 4258 1252 2106 1374 1237
94294,3136 3675 3946 1321 930 866 4758 3969 1450 3062 1133 2565 1788 2025 3277 3773 378 4987 3651 4292 648 4368
2481129,566 490 3468 4855 3883 515 2534 1399 1810 2900 4955 3121 43 1268 2439 3045 3919 1248 1510 2657 2780 3675 3062 4584 2725 1567 4159 2137 2217 3451 4879 3009 4585 4106 4383 3985 4289 2153 4380 842 2317 4526 684 62 2868 172 2357 2919 3452 2150 2697 3371 1898 3308 4264 1577 918 3159 2853 4471 3075 248 4420 1543 3355 3773 4611
3291298,1469 3283 4539 709 4541 1293 2029 391 924
3822620,3499 4558 4587 2728 2340 4791 4447 4727 2746 3148 44
1562082,4027 3574 4727 4558 245 1180 3148 2425 2099 44 4587 1596 4871 2034 3778 4168 3917 2746
1551222,4727 4558 3574 302 4027 3148 2728 4871 2340 3478 3450
204993,1540 1694 245 1493 112 3386 4027 2034 2099 800 2831 532
100783,245 2034 112 4587 3197 4357 4964 3116 4179 900 3951 2831 4221 2188 4168 3916 4987 1990 3778 4471
2217517,1321 875 1788 3062 4758 4987 3969 3675 3136 4292 268 2025 112 245 2921 930 2008 3277 3478 3990 1276
3526586,763 685 3514 424 305 2262 4200 3843 972 3894 2501 4458 4850 248 454 3632 3476 4334 539 1133 2278 1214 3946 1095 684 1886 357 3143 3813 3675 4013 3277 431
1700653,450 3243 808 4611 2853 1080 3520 3722 566 2153 4984 5002 4471 2749 2508 957 3327 4952 3393 2431 4923 1574 2697 4277 3829 3519 3675 3580 4855 4964 3405 4011 4841 291 523 1731 3863 2809 1252 1898
1132672,4317 420 3782 1493 2831 3867 2029 1042 2099 3707 3524 924 3235 4053 2034 3198 895 112 4847 3107 297 2719 2599 1337 3925 268 4987 1307 4494 4539
2962359,4964 3951 3650 1990 4471 2431 4168 450 3916 4587 1568 4276 3020 3499 4570 245 1694 1252 4852 116
2560166,424 4850 3062 982 781 3946 1099 900 2586 430 4292 4302 571 3277
2166860,2992 4357 112 4179 151 245 4664 3109 4053 3036 900 2921 3642 2099 2950 4116
1480931,900 1321 4317 268 3478 112 2831 4987 1788 368 3136 875 223 3277 4357 3675 4736 930 4541
467475,3675 4987 1321 1450 2814 3197 4471 2095 875 2692 1788 1742 4394 4758 582 3062 1430 2769
653230,4471 4587 4964 245 3116 2034 2188 3951 4221 1990 4179 4168 487 4987 3197 4357 1694 2583 3778 1798
271611,2034 245 4964 3197 3466 4867 4587 1694 3951 4179 4357 1990 4987 2583 112 3279 3969 1493
1238926,424 4727 1928 3776 4558 866 2501 2340 930 4292 3146 305 4554 2278 24 3843 4000 3420 3478 2433 2087 3667 1035 2728 3148 368
1620133,1321 2921 4317 268 420 900 2831 112 3675 3478 1788 4987 4758 787
3423173,3033 1731 4611 2431 1808 2153 2999 450 2697 3396 4984 2853 116 4471 162 3519 4964 2379 1935 2361 4289 1252 1430 1176 4855
1737571,2921 245 1596 2831 3478 112 630 1701 2099 3867 3925 3651 1493 1180 4871 787 268 1059 1307 3198 1990
1939420,4727 4027 4558 3148 44 2034 3574 302 2728 4871 3478 3136 4587 112 2099 2340 4541 245
696184,4964 3951 1474 4471 4686 2895 3101 3969 193 1990 847 1883 2095 2431 4926 2320 2863 3925 2583 3197 1322 1446
2803438,4471 2431 450 3951 1990 4318 4964 2697 2583 2095 1430 3675 1252 3020 3863 1417 962 1321 701 4867 4385 3471 4587 3778
1360105,4871 1742 2565 2625 2123 3675 2780 3121 714 1015 3778 450 378 3300 3383
3099666,2766 1928 2621 553 2501 3450 3010 2402 2270 4197 2332 1720 1532 248 3833 709 930 2798 2927 4292 745 1728 1399 4667 3931
324194,1430 1321 4987 245 3969 4179 2992 3778 2583 4357 4964 2921 3116 4471 714 2111 2034 4221 2565 1990 3421 1788 4867 4116 1439 3197 4587 3675 470 2445 3300 931 3951 3079 2431 701 1493 1883 4926 2081 193 1446 895 2950 4679
2853646,566 2999 2725 1274 4855 928 2530 584 450 2373 3354 3159 259 490 3580 4611 1304 4984 3396 79 2153 3020 4876 4420
1896479,424 3136 3062 3946 3813 982 4850 4292 3554 3587 4585 3651 4624 368 4302 4471 1099 930 2297
1656853,4558 4727 302 3574 2340 2728 3450 3148 4168 4871 4027 2100
1279797,2034 245 112 2831 1493 900 3197 2099 1990 4317 4987 3925 4357 3524 4964 3782 4053 4221 1694 420 2992 268 3867 4565
3550371,2831 112 1493 268 2034 420 900 3478 3198 4317 245 2921 2099 1307 3867 2029 4027 3782 4053 4987 3131 1321
1722448,2831 1493 4027 3867 2034 268 4317 3198 2099 3495 245 2029 112 4053 3524 3131 924 420 2728 3386 55 786 3925 223 3478 3782 2599 1990 4987 3197 3917 4541 3918 151 4539
156146,1293 4558 4541 2728 4727 3574 302 3478 1180 2425 4539 2099
3813215,4955 3121 4855 3675 3371 62 566 3159 4471 4289 4624 1248 1836 3033 450 4183 3773 1252 248 2196 3062 515 1083 1450 4106 4380 4303 2357 1652 3009 3883 259 1072 2853 378 4292 490 2697 1170 2914 2402 2087 1176
3223242,1562 2728 4727 112 930 3977
194934,3136 424 4727 930 3946 24 4758 3651 4471 3587 3554 4541 3478 2025
2237434,245 1493 1694 2034 1844 2099 4811 4964 2831 3386 4027 800 112 1142 4179 4357 2921 151 3983 4221 532 4587 193 1596 4791 4116
2694742,424 982 4850 2297 3946 3062 3813 4302 900 347 1099 3587 571 2586 3554 3136 368 4292
3045820,4027 2728 4727 3148 4558 302 4587 2034 44 2340 2099 112 245 3478 900 3386
3631122,2921 4317 4021 1337 2831 3782 2668 1321 4131 420 1307 112 1493 895 4116 4987 268 4053 4450 3198 4938
3649549,3865 4306 1544 3490 2382 3440 4441 1131 2685 2053
3023785,2921 895 3739 245 3115 4938 4910 2030 1226 4357 112 3107 1321 4987 1307
87654,1814 4972 4216 4985 1480 3979 1781 1133 1782 2362 432 2439 4315 2466 4583 4500 1195 2710 4585 1095 4266 3453 578 3675 2651 62
3716922,4554 4624 1133 2087 3651 3675 424 866 4292 2340 305 3009 1005 2278 2033 2196 4727 3478 4850 3371 867 4302 4585
1458062,3116 4471 3951 4964 4179 2188 2950 245 4221 4357 2095 109 2594 2583 4867 4587 1990 2431 4889 1798 3969 3109 1321 4987 2034 3197 962 1430
2264319,4554 4727 2278 866 2501 2837 424 305 3478 24 2340 3146 930 3651 2033
952983,1321 900 2831 112 1493 420 4357 2034 4317 245 1042 2583 895 1788 4987 4021 3925 268
3468279,1133 3675 3489 4554 4585 4292 4624 4850 424 3773 3121 1248 3009 315 1136 2402 2087 4113 763 982 4903 347 3894 3371 62
1848938,3675 1133 3489 4585 3121 4554 3009 315 3773 2402 4292 1248 4624 2087 3371 424 4850 4106 4380 4289 1136 4857 62 1928 3514 4113
3326116,2992 2053 2583 2685 1990 4306 3865 714 2600 2382 1430 3275 1464 1544
1844607,2728 4558 2425
3803687,1757 4791 3916 2351 4587 3499 3951 1015 4404 4964 1694 4558 4478 4447 1167
3128327,4554 3675 1133 2087 4624 4292 3651 3371 2196 3062 4183 4289 3009 3121 3489 867 1388 62
866077,3136 4587 930 245 2956 2659 4404 2837 1757 3675 4727 305 3499 3146 4791 1404 2921
1067211,4317 268 900 4987 420 1321 112 3478 2831 2921 3782 875 930 3675 4541 2025 1788 4053
1449745,1559 1705 116 1385 3389 364 2508 2972 3737 291 1574 4855 566 157 449 490 3396 4258 212 2150 1452 3173 3689 160 3505 2391 3393 3628 1731 3536 2725 3876 1935 2697 3702 2469 4304 3354 2502 1937 6 4471 3945 66 128 2050 4923 1143
3034629,3062 875 1321 3946 4317 1701 1337 900 3242 4494 787 4292 3136 571 1450 895 268 4987 2586 3502 3277 4850 3969 424
515572,2034 4587 4027 245 4727 3951 1694 3916 4964 3148 4558 1015 3136 1990 3197 2340 1395 1356 4168 3675 2733 487 3778 2746 387 4221 4385 4471 3466 3386
160287,4727 3450 3136 4558 3776 4587 3499 2340 930 3651 1628 2837 3146
3707690,424 3062 3136 3946 4292 3587 3675 930 347 4758 4302 3502 900 3813 3554
3542808,2921 245 112 4987 895 4357 2034 2831 361
467559,1701 1337 112 2328 268 875 4053 2138 361 1321 4357 900 4541 4494 2831 787 3478 895 3242 4987 3085 3062
3168414,3951 4471 4964 4587 2034 4385 1990 387 245 4318 2583 4168 487 3916 714 1252 3925 450 3197 3675
1785739,2418 1701 2138 2029 4053 4539 2728 1307 4541 1337 3242 630 112 3867 2099 4494 2921 3085 3983 3823 924
2110744,2583 1321 2565 847 2801 1026 1430 3969 895 2814 2445 2206
3009970,112 4027 2034 2728 2831 2099 245 3495 1493 4539 900 3867 3478 44 3148 2029 55 3198 3386 532 4587 3917 786 1990
3512592,4317 1321 2831 420 112 4987 245 4357 2320 4021 136 3406 1493 900 2034 895 1788 4867 2583 4450 2008 4053 3131
3008994,424 2340 4727 3561 900 3478 1742 3946 3813 2297 368
1542279,2214 2022 644 3965 522 4875 1753 874 1668 3481 4242 1162 2281 1138 1198 3302 3196 2127
3725720,361 4987 245 2445 4357 112 4317 895 2921 4450 197 4160 420 847 1337 1493
2337951,2696 4592 2921 3365 2275 3168 847 2583 1216 4357 3777 1337 1825 2992 2692 1436 2998 4388 2685 1185
1810669,4179 3946 3197 2950 2432 4357 4964 3778 487 4221 3421 248 4471 2635 109 816 3951 4587 4560 3536 1446 4987 193 3277 2056 3062 2963 1321 3853 470 526 1252 2337 2034 24 3101
3380627,900 4987 4317 112 1321 895 4471 4867 4285 2008 4021 268 4357 2921 3131 3406 1307 245 368 3062 2138 361 2582 1337 2831 2992 3136
1889648,424 4727 3587 900 2340 3946 930 4302
3691792,4867 245 2831 4317 151 112 1990 2099 2034 2320 4285 3197 1337 4179 900 4221 4357 3778 2992 3036 2599 4021 4131 3925 4987 3524 4450 4116 4053 2921 895 193 1701 3131 2328 223 3782
3403454,2831 4317 1493 1337 2921 3524 2099 3198 420 3867 3782 4053 4131 2029 245 3131 268 151 4027 2599 2034 2668 112 3917 1307 924 3925 223 3197 4938 1990 4987
67672,4558 2351 1757 4447 2260 2340 3916 4791 4478 2728 1167
2041029,4964 3951 4587 2034 1990 3916 1015 2733 1694 245 487 4471 4168 4385 387 3197 582 4320 3675 4179 450 3466 3778 2431 2146 4221 109 2188 701 3136
415985,112 1307 2992 900 4116 268 895 4357 2030 245 4664 3642 4053 2034 2831 2099 2029 3198 4973 4269 3036 1701
1819087,3632 4332 1133 4972 4334 2439 3121 4380 2332 62 3675 2868 1867 490 3111 1248 3773 4613 566 2508 4292 3468 684 2066 23 3919 1399 1286 2402
3082578,4558 4027 2728 4727 3574 3148 2340 2425 2424 4587 112 3386 4541 4168 1180 1596 245 44 3478 4871 2099 2034
2442310,4558 3574 302 4727 4027 2340 3450 3148 2728 1180 44 4871 4168 3917 4587 1596 3916
2696743,3977 532 1562 630 4964 444 4664
1383536,245 112 4357 2320 2831 2034 4116 1321 4987 3778 3197 4317 3925 900 1990 2099 4450 3036 420 4318 2583 1788 2992 3198 3782 4053 4021
2878994,1742 4027 4727 4587 4558 2831 2340 1844 245 2728 3146 3450 4541 112 24 3917 2034 3478 3136 1694
3025373,4871 4587 44 4027 3574 3778 245 4558 3916 4168 1356 1596 1694 4727 4964 2034 1015 2746 1990 4390 4221 4179 3148 3951 3109 2146 3450
1508252,2921 2445 1321 895 801 1701 4987 847 4357 4021 787 361 3242 1337 1788 1307
759933,2565 714 245 1742 4791 3300 3675 487 3778 2431 1321 3969 4587 1015 4871 4964 3951 1990 4471 2335 3875 470 1788 450 4318 3136 3121 1516 4460 1252 1446 1992 2111 4717 4357
3577325,3089 116 4242 2882 3567 1873 4359 1162 777 3061 2108 4576 4958 432 3877 107 4677 3300 529 4168 588 2448 2644 1977 1741 2625
3124728,4317 420 3782 2831 4021 895 4987 1493 3131 1307 4131 4053 3406 2320 2008 1337 3707 3524 1042 3198 2029 112 297 4116 4450 1321 2099 136
97683,4727 3478 4541 4558 3574 1293 3136 3148 930 1180 4027 302
1282488,4558 3574 4727 2728 4871 2425 1596 1180 4027 3404
1484723,1741 1215 116 4242 4549 4958 3877 1873 950 899 2108 3596
2420663,112 268 1321 900 3478 2831 4987 3136 4357 245 4317 1042 875 2025 930 420 4541 4053 1493 1788 4736 2034 3867 368
3473492,4964 3951 1694 3197 193 4179 245 470 3379 3524 487 3386 2034 3101 2146 3853 109 2611 582 4471 3466 4221 1474 3916 2431 3603 4587 4385 4357 216 3011 3510 4029
2347219,2728 4541 2831 2328 1337 268 3131 112 1701 3478 4053 4317 2008 2099 245 900 4987 4539 4027 875 3198 381 151 420 3085 2921 3406 4494 3146 2837 2599 3917 24 4285 2029 2407 786 3386
2000337,1364 2644 362 4313 4964 4354 358 3485 4876 984 2658 2202
2303667,4554 424 683 866 1133 2278 4292 431 4541 1321 4240
2619123,4727 1742 4587 3587 245 2034 368 3478 3651 3136 3148 3450 930 4027 3476 2728 24 900 2298 4871 3554 4302 4221 4458 3778 112 424 3466 4558 3494 2340 1015 1990 4390 3146 3561
1545900,1133 1824 3833 1895 972 4013 357 4585 578 4334 3813 2332 763 4972 3514 3894 4458 3013 3675 2262 3464
929510,2831 3131 4317 1493 420 112 3524 2029 268 4987 1307 245 4053 151 3782 1337 3198 2320 4021 2034 2008 4450 136 2599 3867 2668 223 3197 3707 3406 2099 4285
2465771,4871 4168 4727 4478 4587 3916 1628 4558 3499 2260 3574 245 1167 3651 1990 1015 1356 3951 1694 387
523811,4871 4727 4558 3574 4168 1628 1596 4587 4478
1485468,4855 4984 259 3020 4011 4964 2373 3159 4471 1304 3135 450 1083 2137 2565 4385 3471 3396 566 2153 1322 79 2999 2146 2431 1898 4611 2853 3810
1276600,705 1417 3951 4964 2431 3333 4493 4471 116 2039 1990 1464 1247
2519869,3916 3951 4587 4964 4727 4168 2034 1015 3148 4027 2746 387 4558 2340 1694 1356 245 44 1167 1990 4385 1395 4390 3499 1775 4298 4320 3778 2146 3675
1077464,4938 2030 1307 112 4973 895 1818 736
3658107,1321 875 571 3478 3969 430 1788 4292 112 870 4987 3081 900 3062 344 1701 2025 4494 3242 4317 4357 787 347 930 3136 3085 3277
1916165,1596 1180 3574 4871 2425 4027 4558 4225 2728 2099 3917 4539
103050,92 3865 1331 2992 4948 4679 4306 444 2053
1682048,4972 2573 4857 792 578 1480 2528 1264 1814 2439 2049 4216 2466 674 1964 1133 3094 2617 1095 1781 1108 591 1195 3453 3371 2710 4985 2362 4907
2587515,3776 4727 424 2501 4807 930 24 3843 2278
1506922,4021 2831 4317 112 3198 1493 1307 2668 2029 151 245 4450 268 4987 4131 1337 3782 4938 2034 2921 3131 4285 1321 3524 420 4357 297
3766122,1337 3242 1701 4494 3864 361 2577 1226 2565 1059 787 2030 297 895 3235 2561 4546
482491,4987 895 4021 4867 1321 2583 4357 3406 4116 4317 245 2431 1337 962 4471 4285 2921 112 1430 4131 2320 2992 4450
1544059,2921 4027 3085 532 3917 1694 2728 2099 1844 245 630 112 4494
313574,4964 2431 3951 1430 2583 3116 4471 1321 2921 2992 4587 4179
3776300,4554 3675 4624 1133 2087 3651 4292 3371 2196 3062 3009 62 3121 4289 4850 305 2340 866 3773 4302 424 4585 867 1005 378 315
734051,3276 974 2528 4658 2728 4558 2837 2278 3651
1675882,2921 361 4494 3085 112 895 2831 245 1337 3683 268 2445 1701 3242 2029 4987
2703289,424 3843 1928 2798 24 566 2501 3450 248 930 3776 1538 2657 1489 4827 3010 709 2626 1532 2192 1399 2969 4667 2224 4573 684 2402 2101 368 4641 4295 4292 3470 315 490 3829 1960 1419 3919 4136 4648 3999 4000 2506 3833 4373 3946 2508 781 3420 4106 4119 4159 3931 2868 523 4029 553 763 324 2262 3716 578 2611 1543 4560 4471 2351
1304749,3197 4964 245 1694 2034 193 1990 4987 4221 4179 2431 2583 4471 4357 3969 3778 2921 109 3951 3163 3925 847 2992 1516 1015 3524 420 4926 4565 3863 2146 1321 2095 4317 1493 4587 4867
2544064,2728 532 1547 630 2425 1596 3917 4494 4027
2111037,2992 2053 4179 3109 1185 1990 4388 3036 1544 2414
2377549,151 3642 4269 4357 112 2992 4053 3983 4987 3197 4021 4221 245 4116 2030 3116 4867 3036 1307 297 2034 1947 1337 4450 895 3778 197 3707 2029 4938 3782 4179 962 4664
1481786,4357 4179 4867 245 4221 3116 2992 4987 4889 2583 895 3036 112 3197 4471 2095 962 900 3969 4116 1990 2188
578213,4972 4985 2710 4216 4315 4857 1781 792 2362 1133 2938 3518
2428131,268 4317 900 112 3478 1321 3675 245 4987 2831 368 2921 1788 3198 223 4053 3782
1600143,4168 4587 3916 4727 2034 4027 4871 245 4964 4558 3951 1015 44 1596 1356 1694 3109 4221 3778 3499 1167 2746 4179 1990 387 4390
1019208,2034 245 4471 4587 3466 1990 3951 4964 2831 387 487 2188 4318 112 4168 3197 4385 4179 4357 4221 3925 582 1015
627909,3951 4964 3916 4587 4168 3116 4179 387 450 582 3109 4221 4471 1356 2034 245 3499 4320 1990 1798 2950 3778 3197 2188 109 3863 2146 2137 1015 3675 2746
1540532,4624 3146 424 4292 866 2087 3651 431 2278 4850 1251 3675 2340 3062 3009 867
174141,4292 4554 424 3675 4850 1133 3062 2501 315 3946 248 982 2402 4029 1928 24 763 1636 866 2188 2745 109 4471 62 4585 3277 4302 3489 910 4106 3371 1099 781 4357 4424 4926 4180 1035
706272,1321 3675 4471 2431 2583 4987 1450 3062 1788 4318 2921 1430 4758 4289 2565 3136 3969 1990 1446 245
556869,4541 3478 268 2728 112 2099 930 3136 900 4727 4027
1907352,361 1701 3085 2921 1596 1742 2099 1337 3242 4053 3867 268 630 3198 2638 2992 4225 787 3925 4116 3036 4317
1044326,245 2831 112 151 1493 2099 4027 4317 4053 3917 3197 1990 3036 900 1337 1844 2034 4987 109 4541 1694 2992 3524 630 4164 3131 420 4357 2921 4587 4450 4221 3386 4867 55 2008 268 4964 2599 223 3198 4664 3925
1505813,2921 1321 2992 4987 2583 245 4357 3969 2445 2431 1788 1430 1337 847 4318 4021 1533 3163
2963263,3866 4311 2193 3685 900 967 2899 3667 2905 2211 1017 4027 1034 1473 3420 4029 4424 3776 1349 4000 3211 1230 2423 4565 2728 2337 4056 1257 4006 4727 4926
1481469,4558 2728 4727 2340 1289 4447 4587 2425 1757 709
1127868,2992 4179 4357 3365 2921 2583 2950 3116 4964
327439,2921 112 247 1540 245 1562 630
1259626,245 112 3197 2034 2831 2992 4357 4317 900 151 4179 1493 4987 1990 2320 4221 3198 3524 4021 3925 4053 193 3116 2921 2099
3132503,2053 2992 1544 285 2382 1990 2685 2921 4388 1185
2027646,112 1307 4587 245 1421 4494
3056002,1825 1990 2963 1544 450 4318 2490 802 2188 2583
809141,2728 4558 4727
1280041,4727 4558 3148 4587 3916 2034 2340 4027 2728 3951 3136 1356 1015 4871 302 2659 4168 245 3386 4478 3574 930 112 3499 1404 3478 305
3393432,4027 1596 4587 245 1742 4871 44 4558 3574 1990 2034 3778 3386 1694 4727
3850103,245 4926 1430 2367 4471 1321 4987 4587 2583 4357 2604 1404 3227 4318 3969 526 2034 1216 1788 4221
2270134,4554 3062 4292 4758 3675 1133 1928 2501 1321 3277 866 4302 982 4289 424 3371 2196 4029 816 1276 305 430 431 1450 248 763 751 3478 1788 486 3946 3476 2033 4896 3651 701 3969 2087 62 4113 4585
3413291,4317 895 1337 2992 2831 4357 900 1493 2921 112 2320 420 245 1990 4021 2008 3197 3925 4053 4450 2099 3131
1320010,4727 4027 3148 2034 4558 2728 112 3136 3478 4587 2659 900 245 2831 44 2340 302 3916 3951
772,112 4987 4357 245 2831 4053 1307 2034 1493 1321 3197 4021 900 3198 2992 3642 151 4938 4317 1354 895 1990 297
2710881,2644 785 2202 4258 3579 1482 2727 2957 4942 3539 1364 3692 4686 4313 3421
1597675,1493 2831 3198 2034 3131 112 2029 4021 4317 3524 223 2099 245 420 151 3782 4987 2668 268 3197 4450 3778 2599 1990 1354 4285 4053 1337 4938 1307 4131 1042 900 662 4736 3925
2876034,2728 2425 4558 4541 709 2837 4727 2340 3146 3136 2956 1526
99818,2831 1337 2921 4317 2328 3131 4987 4053 268 112 1321 900 245 875 1493 4285 4021 4494 2407 2008 2668 1701 2099 420 4541 4357
3619656,1440
1177218,792 4958 3427 1234 4242 3877 3564 2108 5007 4382 4607
3855516,2831 4021 1493 1321 112 4317 4987 420 900 2034 245 1788 3198 4450 4357 922 2668 4736 268 223 1042 3197 3778 3782 1354 3131 2921
2680928,112 1493 2034 2831 245 4357 900 1321 3197 4317 4987 420 2992 4450 962 1042 4021
1219453,3642 4357 112 4269 4987 2992 4116 4053 895 151 245 3983 1307 2030 4867
2234795,3776 930 3136 4727 3146 4657 709 2837 4235 2728
1027133,2921 3651 3675 875 4317 3478 787 268 1701 900 4494 3062 1321 3242 2831 3136 2328 4871 1337
875514,245 4987 112 4317 900 4357 2831 4221 2034 4867 3136 4053 1493 4471 2992 3197 368 1990 1321 3675 4587 420 1788 151 895 875 268 3651 1844 2008 4450 3946 136 3778 3062 2320 4116
1946673,4053 151 3707 4317 1337 4021 112 2029 3197 3782 4987 1307 1493 2034 297 4938 3198 2831 1042 4450 420 4116 245 3642 3524 2099 4565 1701 2320 2992 223 3778 4357 3983 268 3406 2668 4131 2418 787 3131
1305499,4558 4727 2340 2728 1289 3148 44 4447
3395717,1321 895 4021 4987 2583 4357 2921 4116 112 4867 245 3406 900 1430 1307 2431 1788 4317 2831
1304676,302 4727 4558 3574 2728 3148 4027 2425 3478 4541 4871 2099
1882345,431 263 4926 824 1133 487 1321 2320 4585 3277 248 193 4179 245 1276 4471 4029 4292 4302 3197 4357 701 3632 2432 3062 4987 4560 4318 2034 237 2447 1788 2278 430 2196 1072 368 3925 2745 1577 2251 167 4142 1450 1349 526 3969 3476 900 4624
2125367,3829 523 4593 3625 2153 4209 1151 449 3680 4855 1854 4783 2207 4570 5005 4964 3193 927 4550 1144 2122 1252 2835 145 157 4475 4347 4923 1255 1452 4680 3571 1694 1737 1652 984 1674 566 785 1090 2366 433 4579 1574 1142 2349 2462
127044,4727 4558 3574 302 2728 4027 3136 3148 4871 3478 930 2340
1525006,4471 2431 245 4987 2583 3675 4357 1321 4221 1990 4867 2034 4889 962 1430 895 3197 1446 4317 2831 2320 900 4587 3778 112 4021
2845030,895 4357 2583 4116 2992 112 1321 4867 1337 3036 2921 4021 1701 962 361 4987 245 4889 2831 197 1430 4317 3242
3540051,4216 4611 3061 3094 2352 4471 591 2049 432 2710 4265 4082 4939 3675 221 4683 633 2106 1334 874 2617 1977
3891064,112 900 2831 1321 1493 1042 268 4317 3478 2034 4357 2099 3198 245 895 2206
1681097,1321 2583 4926 3116 330 4471 2801 4987 526 2431 1788 4758 1430 4964 3675 4179 3025 2594 4318 1825 4357 2950 245
2254149,4871 4168 4587 4727 4558 3916 4027 2034 245 1356 3951 3574 1015 1596 44 1167 4964 4478 3499 3778 175
2979345,4317 895 4021 1337 1493 3782 3131 2831 3198 268 2668 2029 420 1321 4053 112 1307 4847 4450 4736 2099 4131 4987
2027578,112 2921 4664 268 1226 1307 2030 151 4938 1562 361 3983 895 1337 3085 2029
984178,4855 3135 4984 566 2999 3396 4611 3020 2153 4011 4876 259 450 3722 1304 4964 2725 2853 1274 1083 2373 4471 3829 3033
489930,2127 4434 3328 1324 1207 240 4947 3389 448 3829 3247 4258 4320 3921 323 4930 918 2106 2214 3650 2150 2349 1198 2353 118 4602 3279 4508 2957 4095 3675 2754 2049 4471 1764 3082 4611 4216 3196 538 1799 1566 4964 496 39 4491 4427
1356339,3574 4558 2728 4727 2425 3148 4027 2099 2100 3478 2340 302 1180 4541
2225133,4624 1388 3675 3062 1133 4850 4292 2196 3651 867 3146 2087 431 3773 3009 3371 4183 3121
1582031,424 866 3062 1133 578 3675 2501 4292 3773 2439
1482568,2728 4027 112 2831 24 900 2099 4053 245 3198 4357 4317 3478 4736 3495 4541 2034 4207
950608,3094 1753 591 4216 4681 1668 4985 2710 2573 1884 3385 1108 4266 2793 221 2466 2994 1814 1782 2022 792 1341 3196
346478,2053 2992 4388 285 1990 2921 2382 1430 2685 1544 1464
3466341,1596 4871 3925 3036 1990 245 2992 3778 4027 630 4587 2099 3109 2034 4116 4168 1742 4357 4179 2728
1798288,3951 2034 4964 4587 4385 4471 1990 245 3916 3675 450 1252 387 4727 487 4168 3778 3136 1015 4318 2431 1694 3466 3197 4179 4221 1356
2815053,4587 4964 2034 245 3951 4168 3916 4471 4727 1990 4221 387 2188 1694 4027 4558 1015 3675 3197 3136 3499 4179 2733 4385 3148 3116
1884699,1293 4539 3574 2425 2728 4558 4541 2099 3283 302 3478 112 24
67922,4471 3951 2431 4964 1990 1252 3471 3916 4385 2697 2034 4587 3675 245 3011 450 1322 4318 778 701 4841 3863 714 523 387 398 4889 2583 259 1446 487 2769 3778 3020
2350520,4964 3951 3916 4587 4168 4471 2034 387 245 450 1990 3116 4385 4320 4221 3675 4179 3499 582 1015 1694 1798
481943,245 2034 112 2831 3951 4471 3197 1990 4964 1694 1321 2583
3858306,578 2681 1399 709 2332 566 3514 1532 2439 1928 3010 3450 2919 4874 2402 3675 3931 2049 684 3833 4289 841 4136 1728 3013 2657 4197 4573 1824 4384 4106 2501 2621 4292
2223116,3675 1133 3009 4857 4624 3651 1781 315 4554 3371 3489 2439 2196 3121 62 431 1095 4585 1005 1388 2033 305 2087 4289 76 4292
3647605,2488 3267 2992 1321 2814 2921 2047 2583 4987
1875382,4964 245 3116 3197 4179 4471 4987 4357 4221 2431 2034 197 193 582 4889 3969 4926 2583 1798 1430 1516 3951
2073714,424 4727 2340 24 3561 3776 2728 930 2298
1292800,112 2831 1321 4987 420 4357 4021 3406 900 4317 245 136 1493 1354 2034 1788 2320 4867 895 4450 2583 4736 4053 3197 4285 3131
2031131,3136 930 3651 4727 2837 3146 24 3450 709 424 2340 4292 3478 3062 368 2025 3946 3776 2196
3826253,2728 2425 4558 3696 709 4322
2150183,4027 112 2728 4558 245 2831 2034 2099 1596 268 4727 4587 44 3867 4539 786 1395 55 3917 3198 1493 3916 2029 3495 1180 2424 3574
243626,4964 4168 245 3951 4587 4471 2034 2188 1321 3116 4179 1694 3136 1015 3916 4357 3675 1990 4221 3778 3197 2583 3466 714 1446 1252
956076,424 4850 3813 3062 3946 900 4302 1099 3136 866 571 2297 430 3651
2616997,1544 1990 2992 2382 2053 3490
1589164,1293 3574 302 4558 2425 4539 391 2728 3283 4541 3404 1180 2099 1469
414748,2697 2431 2153 4471 450 684 1035 2853 1336 1731 4964 4011 1252 3675 4611 3863 4289 2137 4900 1652 4988 4475 3580 2595 3371 3355 2534 4855 807 2919 3159 4837 2583 1176 3033 3191 4385 2611 918 1322
327643,1337 2921 2565 1321 787 847 4938 895 2030 1226 2445 1307
1748253,3453 4583 2651 1133 1082 2922 1095 4585 4471 4216 2948 1388 4142 3233 4415 4315 1788 1781 62 1972 1814 3675 4125 3371 1964 1974 1238 139
2800507,112 4541 3478 4494 2728 268 245 2921 3085
677641,3062 3946 3502 424 3773 3136 1321 3813 4850 4560 4758 1099 4292 3554 4471 2297 2586 4585 1450 900
1102565,2831 112 4317 245 2034 2099 3197 900 420 3198 2029 1990 4021 4357 3782 4053 151
1396730,875 268 2025 2921 2008 3478 3136 1321 112 4494 787 930 1701 361 3675 4938 571 3062
3781932,112 245 4357 4987 2034 4587
3266561,2407 2328 2921 4317 1337 3131 315 829 2831 3925 4131 2599 2008 1990 2099 3917 420 268 4027 3198 2320 4053 3197 3406 223 4285 1493 4494
1237486,424 4554 4624 2087 4292 709 3675 1133 2501 24 4850 2728 3489 3121 3146 2340
2224888,2831 112 1493 3198 2034 3131 2099 245 3478 2029 4541 4053 268 3524 1307 3495 3867 4027 55 151 4539 3386 3197 4987 900
1240509,4972 2793 4216 2466 1814 2439 792 2362 1781 2710 1480 432 3979 1668 2573 4985 3094 1095 1964 1133 4907 4857 4583 1341
2741573,4727 302 3574 4558 2659 3136 2728 3148 930 3478 4871 2837 4027 2340 4541 4587
130584,3136 900 2025 930 1321 3651 112 3478 3946 875 4987 3675 4758 368 1450 4317 2837 3277 1788 4357 4541
1055573,450 4587 3951 3916 4964 1694 1990 802 4320 1015 2034 4168 1356 3778 2894 387 2137 4871 3499 4471 582 245 4867 3116 3109 2146 4385
1073286,4964 4471 450 1990 259 3951 245 2034 3778 3116 3197 4179 4587 2188 4318 4570 4385 3675 3471 4320 4841 3925 1430 487 4168 1321 2146
552373,2030 4938 1818 4973 112 1307
2368236,424 3946 3062 4292 982 3136 3277 4850 4758 900 4302 3502 2297 3587 1321 3651 3675 2025 930
52316,3675 3121 2439 1781 1133 4857 1095 62 3062 2196 4183 431 3009 3371 4554 866 4113 378 4289 4292 4106 305 4758
3762105,866 4554 2278 431 424 2033 1133 305 4292 4727 3675 3651 3146 2196 3062 486 2837 1928 1973 4558
1229991,1321 3675 787 4471 1450 3242 4021 2921 4987 900 1788 1701 3062 1307 1446 895 112 2583 3772 4758
3392473,4587 2034 4964 3916 1015 1694 3951 4727 245 4168 1990 2340 3148 1356 3499 387 2733 3136 487 4471 4558 4385 4027 3778 3675 3197 1404 2188
1031964,3739 4936 4938 2030 40 736 1953 2668 3782 568 4910 1507 297 3642 3115 2992
2200320,4306 3865 2992 2583 4441 2685
3129195,4357 112 245 900 2034 4179 4987 2992 2831 4221 3116 3197 4269 3642 151 962
3527169,3934 4266 1580 3596 4607 1215
1487862,4317 3198 3782 2831 2099 2320 4053 1493 112 2029 4021 2034 3867 3925 3524 420 1307 1337 268 297 4131 223 2599 245
1707762,1544 1990 1464 450 3440 1535 705 4493 802 2685 4382
2534086,1535 1464 4493 705 3333 1825 1430 2921 2685 2344 962 2583 3036 2992
1256671,1544 285 2382 2053 3865 4441 3490 2685 1990 2992 4306
158159,4554 3651 4624 3675 3009 2087 1133 2340 3146 4289 709 4292 867 685 4727 3371 2033 2837 2728 245 315 1404 305
2774579,112 151 1493 245 4357 361 4664 2921 1337 4053 2831 268 2992 1701 2030 1694 1572 4160 4987 4565 3782
2478452,1493 2831 2034 151 3524 3197 245 4027 3917 2099 223 3198 829 662 3386 109 3131 2599 112 55 1990 1694 268 4450 3925 3495 4317 4964 2029 1337 3778 3867 4987 4541 4053 1199 4164 271 315 1395 3918 4539 4179 4285 922 193 4221 3118 1191 582 420 3782 4207 4736 4565 786 3707 2188
22366,424 3062 3813 982 3946 4850 1099 4585 3136 4302 781 3587 2297 4471
393817,2831 112 1321 900 268 1307 4021 3198 2583 4317 1788 420 2034 4357
404859,4242 4958 4549 2896 805 4168 1881 2813 2809 4035 4034
753931,3276 4558 4658 2837 2728 2528 974 3651 2278
2553142,3276 2728 974 4658 2837 2528 4558 2278 3651
2440473,431 2278 2033 305 3938 4972 4658 4560 4558 4727 3276 1133 2793 2779 2537 2044 836
3128041,112 2831 900 2034 2099 4053 1493 3198 245 4317 2029 895 4357 4027 268 1990 3867 420 3495 3197
3777334,3499 4587 4447 4727 4558 44 4791 1757 3916
3835482,2034 3951 3916 4964 1990 4587 4385 4727 1356 245 4027 1775 1694 387 3675 4471 450 3136 1015 1395 4168 2340 1167 4558 4871 3778 44 2746 2894
2572322,2565 4871 1742 1321 2431 1749 3778 3675 3969 714 4791 1788 3121 245
2093402,4972 1480 4216 792 4857 2439 2573 1782 3450 1781 2710 3675 1133 2362
1536896,4471 245 4964 2034 3951 3197 4318 1990 3116 4179 2583 4385 1321 387 4357 2188 3925
2369323,2793 3094 4266 4975 4961 2466 1964 1108 4799 3650 2997 4471 3099 3248 1909 1753 4857 4216 266 4985 1668 4078 4972 1259 3518 3196 203
90383,4541 2728 112 4027 4727 2099 3478 4558 245 2831 3136 268 4539 2034
1734523,450 4471 2431 1990 4318 3951 4964 1430 4385 2583 4587 3675 3020 2034 2697 4889 2095 3778 3371 2894
2754922,3499 4791 4587 2260 4964
1120646,2509 1198 3565 578 1355 2651 2049 2762 566 2705 698 1795 1695 1399 3414 2725 2883 1827 2919 2202
3347001,4867 1321 4357 2992 900 112 245 3036 4179 2328 1337 4471 2095 2921 4987 3116 2583 895 2431 3969 4317 1990 2831 2594 2188 2950
917483,112 2831 2029 151 2034 4053 2099 4565 245 4317 3782 3198 3524 4357 1307 3197 662 2719 3036 297 4160
2008614,3062 3813 3554 424 3946 4471 3136 4560 4850 1099 4585 1321 3773 2297 900 4758 378 2586 4292 3651 4302
1408510,420 4317 4987 1321 2831 4021 1788 4736 3131 2320 112 4357 3406 223 875 1307 4450 3782 4207 3198
2800276,2728 4587 2583 112 4727
1737541,2034 4471 4587 245 3951 3675 1321 4385 4318 387 4027 900 4964 3466 2583 1990 3197 4727 112 3136 3925 1430 2831
340288,2583 895 4021 1321 2921 1430 2814 4987 2431 4471 4357 1307 2992 4116 361 4867 2582
3832716,2034 4964 4587 3916 3951 245 4168 1694 1015 1990 3197 387 2188 4320 4471 582 4221 4385 3136 3778 4179 1356 3499 450 4727 3116 3675 487 4027 3148
1928981,4558 2728 4727 4587 3146 2837
1960244,2728 112 4541 4558
845569,245 3951 4471 2583 1990 4964 4587 4179 4221 4867 4357 2034 2095 3197 2831 109 3466 2431 2188 4987 1321 487 900 3925 1446 2594 1694 3116 3969 2320 112 2328 4926
2634663,112 151 3642 4357 4053 2030 4664 245 4160 2831 1701 900 4269 4987 1307 3983 268 361 2029 2992 2099 895 1493 1337 3036 297 2138
3007882,1321 4021 1493 112 4317 900 4357 2034 2831 245 4471 1788 4867 4736 3925 4987 3198 2431 4450 2188 268 3197 895 2992 4179 1990
2857390,2644 4686 3421 2202 4354 3692 362 4313 3539 4942 2134 1364 1482 4964 1587
1698563,2992 895 4357 4388 112 3036 4987 1430 2921 962 4116 900 2583 3642
2040693,245 4357 112 2034 4221 3116 4987 1493 4179 3197 2831 2188 4587 151 4964 3778 900
2098794,424 3062 3946 3136 4850 3813 4727 930 1099 2340
1945134,2921 2992 2583 3365 1321 4357 2814 847
3065666,424 4471 4727 368 3554 900 4587 3136 4302 930 2340 3587 3675 24 867 245 3478 112 3561 237 3946 1404 2297 4541 1321 1742 3651 1788 3277
33411,2921 245 1321 112 4494 268 4987 4357
1717513,2831 1493 112 4317 3198 2034 4021 900 420 245 2099 3524 3782 4987 4450 268 1321 223 3131 2029 2668 1337 1042 1354 151 4285 4053 922 3197 1307 2599 1990 3778
422074,4926 2445 1321 2583 3969 4987 4503 895 2431 4734 2801 3982 1430 3163 4357 4471 2206 1788 847
1908775,4964 3951 4587 2034 4471 245 1990 3116 450 387 582 3197 4168 4221 3916 4320 3778 4385 2583 4179 3675 1694 4987 4318 2733
2524461,3675 454 3121 62 1450 3773 3985 2439 1149 4584 645 4292 3062 4471 4289 1577 1388 2780 4585 378 2165 4063 3371 4758 3883 2196 1133 4106 1788 1321 3277 4717 1972 2921 3159 4183 4560 955 3088
3183456,4857 2793 4972 3276 2466 4985 3518 1909 3094 2710 792 1108 3003 1095
2182393,4867 2992 151 245 1990 3197 1337 4179 4357 4221 3036 3116 4021 962 4987 3778 4285 2921 297 2034 4116 4471 582 4131 112 2095 4450 2320 4889 4053 2188 4317 3925
3334723,4727 4587 4558 4871 3136 3916 2340 4027 4168 3148 302 1356 3450 3951 245 2034 1167 3499 3675 305
1301628,2728 4541 112 2025 3136 4494 875 930
513045,630 4871 2992 3109 1544 3036 4587 1990 802 4558 2728 3574 3951 2921 4168 4388
1300428,965 1968
1910429,4471 3136 4587 2034 487 2188 3371 1321 368 3951 245 4385 4964 2431 1404 1990 3778 4318 3675 4221 1788 305 4168 3916 450 4727 2137 1015 3651 4758 1252 714 4289
2990897,112 4357 245 2921 4494 1321 4987 1701 268 895
3653349,875 1321 4317 4736 900 4987 112 2025 3136 268 3478 4357 368 3062 3946 3675 3277 1788 930 2831 4758 4292 1450 223 420 2983
768062,2831 420 1493 3131 4317 3524 1337 2008 4987 4496 4053 2668 112 4847 3198 2599 2328 3406 245 151 4021 1307 2320 136 2921 4285 223 3707 4450 2034 3782 268 2407 4736
379232,4972 1480 1781 2439 4216 578 1782 1133 1814 4907 4985 3979 4380 792 2789 432 3675
3389433,1307 2831 4317 420 4021 3782 3198 1321 112 2029 2668 895
2716799,112 245 4664 2099 4053 1701 4357 499 532 1216 4987 895 900 4587 1493 2831 3085 4494
2556411,2728 2425 4539 1293 3283
1390538,2921 2328 2992 2445 2583 4388 2431 1337 4357 1701 1321 4179 2950 1990 245
30786,4587 3951 4964 2034 245 3916 1990 4168 4320 3778 3499 2188 1015 1694 450 4221 3197 387 4471 4179
2927843,2728 4558 2837 2425 709 4727
312040,3242 4317 4053 268 1701 787 3085 112 4987 4494 1059 361 3782 1307 2418 420 1321 2831 895 3867 136 1337 4938 2138 3642
3452924,1321 4317 2831 3085 900 3478 268 112 1788 4987 420
341524,1448 529 394 3108 1689 4382 538 1944 1431 4082
1424267,4871 3574 1596 1990 1628 1167 2732 3916 4027 4587 4168 4478 3925 245 3778 3951 4558 1015 4727 1694 2034
3813491,4541 3136 2728 930 112 3651 875 2837 3478 2099 4727 3146 3085 900 4494 245 24 1701 4027 3242 368 1501 268 2831 709 1844 532
2241194,2921 3085 895 2445 3242 4938 1307 3235 3115 1533 1226 4494 268
2334823,1493 2034 2831 4027 3524 223 245 3917 2099 4317 3197 3198 268 3386 829 151 1990 3925 2599 3867 3131 112 3495 662 1694 2029 109 4964 55 3782 4987 1337 3778 4450 420 4053 4541 1191 1395 924 3918 4539 786 315 4179
2576934,875 3062 4317 1321 2770 3502 1337 268 3946 3675 2921 223 3772 4987 4285 2328 1450 3277 787 3707 3131 4357 900 3136 4021
1033150,4554 4624 4292 3675 1133 4850 2087 3062 424 3651 3489 4585 3121 900 2196 3371 867 4183 4903
3013122,3136 930 2025 3675 4727 368 3946 424 3587 3651 4758 2659 3478 3554 1321 4471 4292 900 867 1450 1404 3502 4587
1985768,3574 4871 4727 4558 1596 1628 4168 1990 3778 1167 4587 4478 3916
1629071,4624 1133 3675 4554 2087 4292 4850 3773 3062 3009 3651 3489 2196 4903 4585 1388 3121 3371 62 315 1136 867 4142 866
3817976,591 792 4216 3094 221 2573 2710 1814 4972 1195 2049 4857 674 3933 2439 2362 2352 1964 2617 432 1781 1480 4030
3767981,3574 4871 4558 1596 1180 3450 4727 4027 44 2425 2099
284022,1540 3917 630 1694 1572 532 245 361 2831 2099 1493 112 2921 4664 4541 268 3504 151 4357 1844 2728 3696 4732 4027 4964 4450 3386 875 2425 4811 1562 109 1469 4053 1596 271 2992 4565
53601,1337 2921 1701 3242 4494 2328 268 3235 1321 361 2138 4053 4317 875 1059 2418 1307 787 4938 2831 3085 2445
2510845,4727 4027 4587 2034 4558 3148 3136 245 1990 4871 3951 1167 2340 3778 3675 368 302 3925 387 3466 1356
3048228,2431 4471 3101 2895 4855 2583 2781 1430 3810 1321 4611 2083 4289 4964 1252 2320 3371 487 847 3112 4926 3675 4867 3449 3925 321 1417 3510 4686 3020 1176 62 4385 1652 1788 4142 4318 1320 2188 3969
535993,24 3619 4761 424 4736 3587 3851 430 3776 4207 112 4311 1414 2983 616 3495 532 4000 900 4259 4727 297
109392,112 2831 1321 3085 900 4317 245 1307 268 4053 3478 2034 4987 4116 4357 3782 895
3834833,112 2831 2034 1493 2029 3867 3198 2099 3478 268 245 4027 4053 1307 4539 3495 900 3782 2921
2846117,2156 2108 4382 1234 3564
1906255,3136 930 3946 424 4758 368 2025 3587 4292 4302 3651 3675 867 4727 1321 3478 4471 3502 3554
985441,112 2831 1493 2034 245 4987 4357 2029 268 900 4053 1042 3782 4317 1321 2099 3925 1307 3197 420 3198 3867 4450 2992 895 4021 297
1286198,3946 424 4850 3062 900 1321 982 4302 3277 2297 112 3136 4292 4987 2586 4357 4317 4471 1099 1450 571 347 177
2105693,1493 2831 112 151 245 3524 2099 2034 3198 3197 4317 3131 2029 4053 223 4987 268 4357 3782 4285 662 1337 900 4021 1990 2599 2992 3867 4179 4221 3917 4539 4664 55
2959576,4855 3121 515 566 4526 1248 3773 3675 3985 62 3883 4471 3159 1268 2919 4142 2439 2900 4624 4264 3075 3355 4585 2357 4106 1133 3570 2780 1450 2165 1252 3371 1585 3009 378 3946 3101 2196 3013 2868 4460 1388 3319 454 730 684 763 2725 3136 2087 4613
3349137,4471 2431 2583 1321 895 4317 3951 1990 3969 3675 4318 1446 2565 4867 2814
367069,112 2831 1307 420 2034 1321 4317 895 900 2029 3198 245 2583 2206 4021 4357 4053
3734600,3951 4964 3778 1990 3116 4587 4871 450 3499 3916 4168 802 4179 4221 3109 2188 1430 4493 2034 1356 962 4320 245
214634,895 4357 4987 4565 2992 4051 3107 4317 197 3707 4131 900 4116 297 112 4053 1337 2188 1701 962 3036 3242 3197
685879,268 2831 4317 3198 1493 420 3867 3478 112 900 2921 4053 1042 4987 3131 3782 1321 245 2034 3495 223 1307 2029 4938 4494 1337
2391675,4964 4471 2431 3951 1990 3471 4587 2034 3675 3863 245 2733 2146 1694 2583 3916 1252 193 701 1446 4385 109 387 3925 3136
2694434,2921 4910 3131 4938 2442 1307 3115 2944 3739 2407 3235
1012154,1307 3198 4938 3867 3235 2160 112 2029 268 3782 1701 4053 3107 1337 4021 2831 2668 4317 895 1321 1493 2099 3131
3380679,3683 967 197 2583 847 900 2320 4587 4357 3951
2352181,3131 2831 1307 2029 112 1493 4317 3198 420 4987 4021 4450 2099 245 1321 3782 4541 2034 1042 4053 1337 4938 4736 268 4027 3478 4539
3221263,96 2814 2565 4142 4415 2215 2083 2393 62 3784 1608 4686 3323 4471 2328 315 3632 1321 1076 2320 193 2583 3406 4551 1446 361 88 1388 3778 2188 1322
1734460,2728 2425 4558 4539 1293 4541 3574 2837 4727 3478 391 3283
946967,2651 4583 701 2362 1388 1238 3392 3453 1814 4216 3615 1095 1324 1133 551 3979 3675 4964 1974 4471 432 1082 1349 4254 2352 4849 139 538 4071 3020 4315 2431 4142 4270 1983 62 3128 2948 1894 2439 4987 2588 4816 2095
3233781,3136 930 2921 268 2025 1321 875 3081 4494 2728 2659
1216749,112 245 1493 1540 2921 4494 1694 4587 268 532
1716372,424 2340 4727 3946 3136 930
3912686,424 3062 3813 3946 900 4850 3136 1099 2297 3554 571 3587 430 781 4302 368 4471 2586 4585
3469504,2053 1990 2382 2992 2600 1544
770812,4591 933 4471 4812 3975 2990
3824653,4727 3148 4558 2728 4027 4587 44 4168 2034 245 3574 4871 3499 2340 112
1764541,4727 4558 3450 302 3574 3776 3136 3148 2340 930 24 4587
2296550,424 3587 3136 930 2025 3651 3561 4727 24 3946 3554 4292 3478 4302 2297 3277 347
2517556,4867 3116 4357 245 2992 895 4987 112 962 4179 582 4021 2583 4471 1337 3197 2921 4116 151 4131 900 2034 3036 4317 4964 4285 4053 2095 3969 1493 2431 3524
52750,44 4587 4027 245 4871 4558 1596 3778 3148 4727 1356 2746 3574 4168 2099 2034 3916 3917 1990 1694 1180 3109 2340 4221 3450 3137 3499 2425 1015
298832,644 1915 188 3082 1925 2990 2281 1431 1931 4471 538 4875 394 317 1580 1619 3094 266 200 1964 2661 2997
1778546,2728 112 4541 2425
340435,4727 4558 302 3136 4871 2034 2659 930 3574 4027 3148 4587 2728 3916 2340 245 3386 4541 3951 3404 3478
3498081,4736 2983 3277 1414 875 571 424 3946 900 3062 4317 2025 430 3587 4357 4029 4987 1321 4711 2586 347 4292 223 4302 930 368 3478 112
3695419,3062 1321 268 3136 4541 2418 2921 875 900 1701 2138 3478 1450 930 3675 787 368 3946 3146 4471 4317 3242
3389614,2831 112 2034 1493 2099 3198 4053 900 2029 245 4317 3782 3524 268 4027 3867 3495 4450 3131 3197 420 3925 3478 4987 1990 1042
1513660,4987 1321 895 4021 4317 4357 112 1337 245 4116 2921 1307 4867 2831 3406 4053 4285 361 3242 2583 900
3021671,3009 3675 1133 2439 1781 3121 3651 4857 3371 62 315 4585 1095 3062 2196 431 305 2033 845 866 4292 2087 4289 1388
2925341,4964 3951 3916 387 1694 4168 2034 4385 4471 245 4587 1990 1167 1356 1015 2146
805714,245 4357 3116 2188 4179 4471 112 4889 4221 4269 900 2034 2831 3197 3036 1990 526 4987 197
906710,875 3062 4317 4292 1321 4736 3946 3277 4987 430 900 2983 4357 2025 571 4758 3136 2586 2008 136 368 3675 112 1450 424 4302 420 982
3546938,2921 1430 4388 2685 2992 1990 1464 2053 1544
3185280,2728 2425 4558 302 3776 1526 4727
3494007,3406 4021 4317 420 895 112 2831 4053 2320 4116 1337 900 136 4450 1042 1321 4987 3707 2206 4357 151 3198 1493 1788 1307 4494 197 2029 2034 3782 297 4867 2099 3036 1701 3642 245 3778 2992 3197
2251551,112 2034 2831 245 1493 900 1321 268 4357 4587 4987 3198 4027 4317 3197 3867 3478 4053
1769350,424 4554 2087 4624 2340 2501 4850 4292 24 2728 3675 2278
3719881,2728 112 4541 3478 4539 3198 532 268 24 1501 3867 900 4053 786 4027 2099
1646405,4558 3574 4871 4727 4027 4587 1596 44 1180 245 3450 3148 2340 3778 4168 4390 1694 1742 3386 2425
863495,900 4317 2831 112 1321 268 3085 245 4987 895 3675 2034 223 420 3198 3782 1307 1788 2099
3776421,3574 4871 4727 4558 1596 1180 4027 1628 4168
3468118,424 3136 2340 4727 4587 3946 930 3554 1404 4471 3651 1015 2034 4390 3587 368 245 900 347
3290844,3675 315 3009 2439 1133 3651 2528 4857 684 3276 3371 3121 2728 2278 2837 4554 305 4289 4558 431 2033 709 2340 2087 62
2184422,4317 1321 2831 4021 112 420 1307 4987 4357 3782 245 136 1788
1251104,4317 2831 3524 1493 4987 3197 4053 3707 2034 420 245 3782 112 2029 3198 1990 2099 223 3131 151 4565 4450 1337 2320 297 4131 3925 4357 4021 268 3867 2599 900 1042 1307 3778
2428737,2034 2831 1493 245 3197 4317 3925 223 2099 3198 1990 3524 112 3131 4027 3917 900 268 2320 151 4131 4987 420 3778 2599 4450 4053 3386 1694 829 3918 1337 2029 4221 4116 2921
832310,4587 3951 4027 2034 3466 1990 245 4471 2431 3136 1694 2728 900 2583 4964 450 1356 387 4727 4867 3925 3778 2733 1015
1156015,366 2832 3653 1963 9 3559 1818
2726143,4558 4727 2340 302 2425 3574 2728 1757
3152047,3951 4471 2034 4587 4964 245 1990 4385 387 4168 1694 487 3197 3466 3916 3925 4027 1015
3466166,424 3946 2340 2297 3813 4471 3136 4560 900 3554 368 4727 3062 1099 3587
279036,2921 1337 3198 2668 4938 3235 1307 2160 546 4053 2831 2992 151 3131 1701 3524 268 1493 3867 420 4388 630 4131 245 4987
773944,2921 875 268 245 4357 2025 4987 4494 112 1321 3136 361 2831 1788
2246681,112 900 2831 1321 245 1042 2034 895 4317 1493 268 2583 4357
1569002,2921 1321 4987 1788 3062 3772 875 2757 4292 2328 4758 2565 787 4357 3675
455195,2921 245 1313 3925 1990 4847 2583 2992 2831 268 2034 4987 3036 3918 1321 1742 3778 1701 3197 2206 1788 4317 787 1446 4494 1596
2365404,4634 4129 1782 4972 792 3094 578 432 2049 2362 4216 2710 4223 4985
3557746,2583 4471 1430 4867 2431 1321 4987 4357 900 895 4889 962 197 2921 245 1990 2582 2095 2992 3925 4116 3778 3406 3197 4221 2320 4021
1848585,4317 3782 895 112 4053 4987 2831 1307 4021 297 420 1321 3707 4357 1337 900 1042 3198 4116 2029 136 3642 4131 2099 4450
989214,4317 875 3062 1321 223 112 900 4987 2831 1701 3478 4357 1450 4302 3782 1788 3277 3946 4494 4053 368 3707
1217792,3524 1493 245 4357 1694 4565 4179 4987 4221 3197 112 2034 4450 4964 4160 193 271 3983 4664 1516 151 268 1337 4053
3442409,4611 2431 1430 4964 398 3951 2583 4471 2095 2801 2565 199 3449 2853 4510 1417 2039 2814 1587 2502 4867 3969 1990 701 3020 3874
3787142,4972 2793 4857 1753 2573 1668 2439 4907 2466 2306 4778 2022 2033 3094 2625 792 2528 305 1095 4920 2710 1480 431 3276 1133
2751302,3951 4964 4471 3116 1990 4179 4587 4221 245 2188 3778 2034 2431 193 4168 3109 4320 2583 4987 2594 1798 3197
3598435,3976 1544 3168 2304 3203 2921
1661553,2728 2425 4558 709 3696
341335,2431 2583 1430 2039 1417 1464 962 3951 1990 1825 1535 2685
306087,3951 4587 2034 4964 387 4168 1694 4727 245 3916 487 4471 4027 1990 4385 3197 3148 3136 3466 1404 3499 1015 4558 1167 1395 2340 3925 2146 2733
467245,1321 2583 4471 2431 4318 4867 245 1430 4987 2594 2095 895 4357 3116 2565 3969 4926 962
1136481,1493 112 2831 2034 245 3197 2099 3524 151 4317 900 4450 3198 2029 4357 4053 420 4021 1990 1042 3925 297 3782 268 3131 2320 1694 109
751745,3062 3136 3502 3946 4471 424 4292 4560 1450 1321 3554 4585 3813 4758 2297
3316614,245 1493 2034 3197 4357 112 4317 4053 4565 4987 895 3163 4867 1337 4964 4051 2992 1416 1694 1990 2831 4116 2599 1701 3925 2206 3918
3268419,4964 4258 1431 706 1207 4052 4267 3844 1694 4427 3171 1852 2441 2957 1838 2482 1052 4830 349 1883 64 2644 4570 4876 2785 1364 1854 470 1252 4852 4672 4877 785 4003 3533 4606 4947 1992 3579
93152,3951 4471 4318 2034 2583 245 1990 1321 1430 4587 4385 3925 2431 4964 1788 1252
2523716,2921 4388 2992 2382 2053 1990 3235 2583 2445 1430 1825
79925,1928 424 1532 2439 2501 566 3010 709 3675 3450 684 4106 2681 3773 4289 2402 1399 4955 578
3251461,1321 4317 2831 420 900 268 2583 1042 112 2034 3925 4357 1788 4987 4021 895 245 2320 2921 1493 3782
3655336,2710 4985 792 4216 4266 4972 4857 2156 3564 3248
2854074,1562 112 1596 630 4664 3137 2099 151 4558 4871 268 4539
2989749,4727 3574 4871 4558 1180 1596 4027 2425 44 4587 4168 2099
3010774,4727 24 3136 302 3776 930 4558 2340 3450 424 3148 2025 4541 3561 2298 3478 3574 2837 3651 368 2728 3587 709 2659 4587
3746502,4587 3951 2034 4964 245 3916 4727 1990 4027 4471 387 1356 3675 450 4558 1694 4168 3778 4385 1015
1122030,4972 1133 2439 2793 4560 3675 2033 431 4727 1781 2466 4583 4907 4585 866 1095 2278 2537 4778 4857
3545078,2431 1990 4964 3951 450 4493 3916 4471 3778 116 2188 1417 245 1825 4221 3471
2404156,4471 1321 3136 4964 3946 4357 3969 245 3675 4587 3951 2431 3062 4292 1446 2034 1788 4987 4318 1450 4168 1694 2188 2583 368 1252 4758
3892059,4587 156 4791 4964 3951 3300 245 4179 4811 4221 3499 2950 714 2583 2034 1516 3109 1216 4556 112 4357 4404
511520,1337 2030 361 112 2992 4357 4053 895 151 4973 1701 3782 3642 4664 4160 4565 2921 4987
1022814,1629 3115 2992 4973 736 2515 3107 895 2030 3001 4357 1226 4987 297 3983 3235 4910 4116 1337 1947 2921 3642 3739 40 1403 4938 3909 568 1697 1307 4998 3242 245 4565 2711
192811,4317 2831 4021 420 4987 1493 3782 112 2320 3406 895 3131 1321 1307 4867 4450 245 2034 4053 3524 900 297 3707 223 4131 1042 1337 4357 151 3197 4116 3198 4285 136 2099 1788
39621,1234 2108 4382 2344
1023137,1782 4972 792 1480 4985 4216 2439 1814 578 432 1781 3094 2466 2789 2710 2362 1195 566 4907
96341,4871 1749 2565 2625 50 2534 2123 2660 4791 714
1639549,4912 3801 3955 1582 1653 2744 3732 2661 3079 1580 1237 4348 2981 3934 1174 2811 4471
3873923,424 3062 3136 3946 4292 982 4850 866 3651 900 3813 2586 3554 3675 1099 930 4302 4758 4903
857176,1133 3675 3489 424 4554 4585 4624 4850 4292 3009 315 3773 3121 2402 2087 1136 1248 347 763 3371 4106 1928
3520649,2583 4357 1321 4987 245 895 1701 3969 2992 4471 1430 962 4221 1337 2320 2431 3242 4867 4179 2095 2921 2206 4317 112 361 2831 900 2582 4116 3116 3925 3036
3704227,245 112 4357 2034 4987 900 3197 2831 1990 1321 2188 4221 3778 2992 4317 895 962 1354 4587 2583
2374469,2439 1133 2528 4972 3121 1095 3675 305 4857 3371 1668 62 3009 1781 2033 2793 1964 1814 4583
142318,4871 3574 4558 4727 3916 1694 4168 1356 1628 3499 116 1015 4587 994 2431 4478 450
1949474,3094 4681 4825 2003 1695 1827 2573 4242 2994 4266 221 4181 4985 1668 4216 3385 4471 1237 3492 1341 3680 4848 2864 1580 2661 2710 2049
1317166,4334 743 684 315 3928 763 3632 454 4013 3514 972 2262 4142 685 3843 1095 3675 1248 1886 1133 2439 248 2332 62 1072 2278 3894 3111 3371
2043859,4871 4493 705 2344 116 4382 2267 3333
388067,2921 361 112 895 2029 4494 1337 245 1307 1878 2831 268
572732,424 4727 2340 3561 930 3554 3587 3136 900 3478 3651 2837 3946 24
2043262,2573 3094 2049 4266 118 4985 4681 4972 4857 1782 221 4216 1195 792 3481 1108 1824 1480 684 1162 2135 4471 1795 644 1867 992 230 4242 1753
2037030,2728 4027 112 4558 1596 2424 2099 2425 4727 245 3478 2034 1180 1742 302 4541 4539 786
3039976,112 245 4357 2034 4221 4179 4269 4565 900 2831 3197 3116 4987 151 3642 2188
2047791,112 900 2099 3867 2831 4053 2029 2034 3478 3198 268 3495 895 532 4494 1501 2206
3539553,4871 714 1742 2625 1015 2780 4095 2565 3722 1727 450 2123 3383 3675 3300 4791 216 3249 3778 3121
765479,1321 3062 3675 4987 1450 1788 900 3946 875 268 2921 4317 787 3136 895 4758 4292 4471 368
2334164,3866 4311 900 1473 2193 3667 2211 2337 2899 4029 3420 3211 3776 1414 4000 2905 4027 3685 3601 368 430 1034 4727 4565 4424 24 930 3946 1257 4056 1017 3587 4207 2423 3433 2728 347 3478 4317 4357
593358,2431 4471 2697 1990 450 3951 4900 4841 3371 3062 4318 3778 3863 2963 2894 4964 3159 3136 2984 829 1417
1265013,1742 2565 2583 2921 3036 2992 245 1990 3925 1321
2631156,4471 1321 112 245 2583 4357 1307 2831 4318
546220,2921 1321 2008 3062 4317 3675 2328 268 900 875
772965,4317 3197 3524 151 4987 4053 1493 2831 3707 245 223 1337 3131 3782 2034 112 297 4131 2099 2320 420 4450 1990 2599 4357 4867 3198 4285 2029 4221 271 4565 3917 4021 582 2992 4148 4179 3925 1694 268 109 3778
773986,112 1493 900 2831 2034 4357 245 1321 4987 1042 4317 895 420 2992 268 3197 4021 962
2953658,2030 361 2921 1701 112 1307 268 1337 895 2029 1562 4494 4160
518209,2445 2921 1321 2583 2431 895 847
1938127,424 4727 2340 3587 900 3561 24 3554 368 4471
1902768,4779 2382 1440 1544 2600
3339835,4587 2034 3916 3148 3951 1356 4727 245 1015 4027 4964 4168 1990 44 3499 4558 3778 1694 2340 4221 387 3466 3109 3197 4390 4871
2697044,1701 4494 361 1337 4987 4053 895 2582 847 4357 4867 900
1647304,3865 2685 4306 2992 1544 4388 4441 3490
241137,2034 4587 245 4964 3951 112 4027 3916 3197 1356 1990 900 1694 1015 44 3466 3148 4179 3925 2099 4357 2831 4727 1493 4168 1395
97059,4987 245 3197 4357 847 2034 2992 3969 4964 895 4116 197 2921 3524 4565 4221 361 2583 4053 1337 3925 3242 193 3163 2431 4317 4179 2831 1694 4051 112
2201709,2728 709 3651 3146 2837 4558 1133 4554 4727 3675 867 2278 2340 431 3009 2033
2261000,4558 4727 3574 2340 3148 4871 3917 302 2728 44
1174442,1180 1596 2099 4539 4727 630 3574 112 499 1562 532 4871 4558 2425 4466 2728 2424 3867 3137 1501
2372530,4711 4736 1321 3277 3946 4317 136 3707 1450 875 930 816 4357 430 368 3062 571 1701 4207 3587 3969 1788 2863 4987 24 4494 3478 420 177 4302 4029 3347 4758 4471 248 787 2432
1624750,2728 4027 1757 4791 4520 4558 3386 4587 3011 1694 2746 1167 2340 800 245 3917 2425 4964 2146 3863 1844 71 2282
1766662,112 895 1307 361 2029 4357 900 2099 1701 4867 4116 245 2138 2992 4494 1321 4021 3085 4987 4053
2344487,4168 245 3116 4471 4587 3951 4179 4964 2188 4357 2034 387 3197 112 4221 3916 582 2583
2366120,3478 2921 875 2025 4494 112 268 3085 787 930
2462081,4587 1321 245 1252 3951 3969 4717 1788 41 3421 1404 4964 1990 2583 4471 4791 3499 4357 3136
1761362,112 4357 245 151 4179 2992 3642 3036 4053 900 3198 268 2099 4664 2034 4116 4160 4269 4987 962 4221
3122541,245 4987 4357 4221 2034 4964 4179 1694 1897 3197 3116 526 4587 4565 112 470 2992 3969 2831 4926 1516 1788 193 3109 1493 2950 2431 4471
1752653,3675 1133 3009 2439 315 3651 4857 3276 3371 2528 431 4554 684 305 3121 2278 4289 709 2340 4471 2837 3489 4558 2087 4585 1781 2728 2033
3473111,4727 3574 4558 4871 3136 1180 930 3651 2728 3478
299070,3675 3121 62 1133 4554 3062 4292 315 1095 3371 3969 4289 1781 378 2196 4624 4585 4183 4857 866 3773
2794829,4554 4624 4292 424 1133 3675 4850 2087 3121 3651 3062 866 4585 3489 3773 62 378 2196 3009 3371
3586892,112 2831 2034 900 1493 245 2099 1354 3495 3198 4053 4357 3478 2206 2728 895 3918 4987 1990 4027 4587 1321 1786 1042 268 922 3925 2029
516669,4587 3951 4964 3916 4168 2034 3499 245 3109 3116 387 4179 4221 4727 1015 1356 1990 3148 4558 2340 4478 4027 1395 4390 1694 4471 4570 2188 1404 109 4385
2832595,3121 3355 955 3675 2697 684 3159 4855 566 62 2153 1810 2919 2853 2439 4471 1574 1268 3371 3883 2900 2431 2780 1652 454 3985 4289 2508 515 1083 259 450 490 1252 4106 3793 2006 2977 4790 752 3773 3101 1898 3689 1567 4862 4611 4900 1170 3810 4475 1035 3336 2196 2725 2317 1320 276 4837 1577 829 378 1388 3722 2868 3829 4385 4162 4686 3519 645 3863 2451 918 3471
3408040,895 1321 4317 420 3406 4021 2008 1307 136 2831 4987 1788 3782
1236031,1480 2793 4216 4857 3265 4985 3210 2466 1909 2528 1337 2710 2596 2022 3111 4972 1753 2278 3518 792
3688759,4027 2728 3917 2099 4727 245 4587 1694 4558 4541 2746 44 1844 1990 3574 630 2992 2921 3036 3386 4871 3146
1996136,1321 268 787 895 1701 4317 4987 900 4494 1450 2488 2418 2921 4471 3062 1337 2583 3969
2240266,2728 2425 4558 302 1293 4539 3574 4541 3478 2424 3283
2745269,1990 4871 462 3925 3778 245 3951
3900189,4317 4131 4987 3707 895 4051 2561 197 420 2320 4357 2431 4565 3107 3197 1042 1321 2583 4471 3524 4116 1337 3242 4021 2992 1990 2921 2831 962 4867 3925 2034 297
1547561,2728 2425 4558 4539 2424 1180 179 3404 3574 1596 4727
3828384,4558 2340 4727 2728 2425 1526
3895771,2921 4388 2992 1990 2053 2583 2685 3036 1430 2382
232698,90 3793 967 4162 1356 1268 3452 3985 1576 3075 248 3883 3450 4697 1742 709 3951 2034 1990 515 3807 4587 378 245 2278 1015 3136 1252 4641 3916 4385 1170 487 4727 387 4292
507538,424 4727 2340 3561 3587 900 3136 2297 3554 930 3946 3478 368
3899325,424 3062 3946 875 930 4758 3587 3136 3277 4317 4302 347 4292 1321 4736 2025 4987
2909579,4791 245 4587 1694 4964 268 3146 1015 3951
3864418,2921 1321 3085 895 112 1788 268 245 4317 3969 3136 2445
294484,1808 4855 3396 4611 566 2431 2153 1731 2977 3301 3793 4289 2508 116 515 2697 2853 2725 1810 918 1576 1574 2137 757 490 1252 2914 1080 1176 2366 2303 353 3371 4347 3916 3355 3945 1935 4305 4471 4876 1652 4222 3121 450 1268 1304
353250,4727 4541 2728 4558 3478 3136 1293 2837 1180 3574 2425
1067052,2921 2992 4388 2053 1990 1430 4179 3036 3778 2583 3109 2692
1475767,450 3951 4964 2431 1535 1990 3863 2660 3916 116 3116 4587 4471 3471 387 802 1430 962 3778 4221 2095
3510141,2034 3951 4587 4727 4027 245 4964 2728 3136 4558 1990 3916 3148 4385 4471 387 112
2626401,4027 4587 3148 3916 4727 2034 44 3951 1356 4964 2746 4558 245 1694 2340 387 4168 1015 4390 1990 4221 1395 3778
2177964,424 3946 982 3062 4292 3136 3277 3502 4850 4758 3587 1099
3614803,2053 1544 2382 2992 1990 285 3490 3865 4441
3219916,4964 450 3951 4471 2431 1990 3020 1535 1568 2660 3916 3471 3778 73 4320 116 2188 1247 3116 4852 1430 4221 962 3650 4168 4587 3863 802 3109 3333 2594 1694 1322 4276 4570
1948919,2831 1493 2034 112 3198 245 2099 900 3197 4317 3925 268 3131 223 1990 4021 151 2029 4027 3524 4053 3782 1307 4450 3386
2531382,4964 450 3951 4471 1990 4841 3916 2697 4900 1015 4320 4587 2431 829 582 1694 3778 3863 387 4385 2188 2034 3116 3371 4011 3580 1252 3020 3159 3675 3136 2894 4179 4221 4168 2984 1322 245 3109 109 4627 449 2095 4852 487 1384 2146 315 216 193 3197 2137
2948629,792 3427 4857 1215 3877 4958 4266
799221,4587 2034 4964 3951 245 3916 4727 4168 4027 3148 1990 1356 387 1694 1015 3778 2340 4320 4558 487 4385 3136 3197 3499 2188 4179 4471 2733 4390 4221 1395 3675
1056052,4132 3510 1587 3234 4679 1430 3951 1557
3376804,245 112 4987 900 4357 2034 3197 2831 4221 151 4317 1990 4179 2099 2992
2998598,1990 4964 450 245 2034 3951 4471 3778 3197 4587 3925 259 2146 4385 4179 387 1694 4168
520280,3276 1133 431 974 2278 4471 2837 14 866 2728 1095 3136 3651 3371 1246 3675 2033
1460096,3574 1180 2425 4558 1596 4871 4727 4027 2099 4541 3478 2728
1091896,112 4357 245 900 4987 2831 1321 1307 895 4053 2583 4587 1844 1354 1446 2992 151 3642 4471 268 4021 4221 4317 1788 420 4867
1915767,4611 4964 2153 4471 2431 4855 450 2508 4570 3519 1142 193 4988 1742 2146 4686 1252 3722 3675 2697 71 2814 4984 1652 109 3011 4347 1322 3197 4385 199 2583 259 2137
3301083,1321 2565 4987 3081 847 1788 3675 4758 2583 2921 4926 4318 3969 3982 4357 245 4471 3136 2992
459253,361 2921 151 1337 112 1701 2992 2030 268 4664
2782724,2837 3136 424 930 3675 2728 866 3146 2659 4292 3062 709 2025 1133
3272326,3675 4289 4554 3371 2196 3062 305 1133 2439 2087 4292 2033 3651 709 4727 3121 431 62 2402 3773 4183 1928 1388 4758 4302 1450
1432035,3062 875 1321 4292 1450 3946 3136 3502 900 4585 368 3277 4317 571 1788 4758 3675 2328 4987 430
3298220,245 2034 1493 3197 1694 2099 112 4027 2831 1990 3925 4964 4587 900 1844 3778 4053 3386 3918 44 3524 3917 3951
3406306,4382 1234 2108 2344 705
3597601,2123 1990 1825 1430 2565 2625 4871 4964 450 3778
1710670,1321 1701 2418 895 268 1307 4494 787 3242 2921 3085 361
989696,3136 424 3651 930 4727 2837 24 4541 4292 3561 3554 3675 3587 3450 3062 3776 2298 2728 3478 2025 709
2685327,3062 4292 1133 3946 62 4896 3675 2402 866 4554 2196 424 3121 4850 3773 1928 1076 24 4585 3021 4302 2501 431 2087 248 1173 4142 3514 3010 4880 4106 352 751 1099 3277 1577 4979 982 4624 4029 4183 1450 3371 3075 1388 315 430 3570
2365182,2831 4317 112 420 1307 245 3782 2320 900 136 895 2099 4021 4357 1321 3925
2655053,112 245 2831 2034 1493 4357 3524 151 4053 3197 4317 4987 900 2099 4179 3198 2029 297 4565 4221 2992 2320 4160 3778 582 3782 4450 4587 4285 1990 3642 4021 3707 4664
2176854,4587 4964 3951 3499 245 1990 2034 4871 1015 4791 3916 1694
2495048,1321 4987 3062 4317 1788 4471 3946 4357 3675 1450 900 4292 3136 895 3277 875 420
872177,245 532 112 1493 1694 4541 2728 4587 4664 268 2099 1540 2425 630 3137 4027 4053 2831 3696 4791 3918 4964 4357 2034 151 3146 1844 1701
3642499,3478 4541 900 3136 2728 2837 3651 2424 268 112 930 2831 4727 245 1493 4027 2659 420
1772080,3951 4964 3916 2034 245 387 4385 1990 4168 4587 4471 1694 4727 4027 1167 2733 4558 3197 1015 2146
750808,3951 4587 3499 4964 3916 4791 245 1252 1015 1694 1990 470 1757 714
1457030,1897 2583 4987 3079 4471 526 3116 2801 4221 4357 3969 4734 1430 847 1974 4058 245 4964 4889 2481 2095
2858617,424 4471 3062 781 4292 1099 3136 4850 3813 3946 2332 4585 24 3502 378
1955820,2728 4558 4727 3148 112 4027 1293 3478 245 4587 3386 2425 24 2340 2099 2034 4168 1844 302 4541 3137 3574 4539
337969,4727 3136 3450 930 4558 1628 2340 3776 424 3651 1742 4641 1167 2837 4587 302 368 709 4541 4027 4871 3494 3478 24 4168 4302 3587
2185374,245 2034 4587 1694 4221 193 3951 1990 3197 3109 1356 3466 802 4179 4027 4871 3778 3925 44 3916 2146 450 4964
1729758,1581 3653 1215 950 3596 2202 3675 116 2352 538
3589780,4471 3951 1321 2431 2583 4964 4318 4587 1990 2034 1430 3116 245 1417 4867 1252 450 962 3778
1136125,1321 895 2583 4021 4471 2431 2921 1307 4116 1788 4987 4357
570173,1321 4317 2008 2921 875 268 368 3062 900 4494 1788 1450 3478 4987 223 2328 3946 3406 2814 3675
489502,4558 2728 4727 4447 2340
1400892,2728 2425 4539 4558 2100 179 4027 4727 2424 302 2099 1469 3137 3917 2340 112 4466 1562
869534,4871 2625 1742 2565 2123 714 2780 1749 3675 1015 3722 4791 3300 3121 1727 450 2260
961522,1493 112 2831 2099 2034 900 245 4317 1042 3197 2029 3524 420 4027 3495 4053 3867 4357 3918 2599
3376365,3587 900 571 3478 875 424 930 3554 3651 3277 3136 24 368 112 3675 430 4302 2728 2298 4292 4317 4987 3085 3062 1321
2230687,245 4221 2034 3197 3951 4471 4587 4179 4964 3116 1990 4357 112 582 900 3916 4987 4168 4889
3171940,3951 4168 4964 4471 4587 245 2034 4179 4221 3116 2188 3197 4357 387 3916 1990 1798 1694 487 2583 582
3219194,2260 4447 1140
1440575,4727 4558 302 3574 3450 3136 3404 4871 3148 930 709
1976613,3574 4727 4558 4871 3450 1180 4027 1596 44 4587 4168 2425 2340 245 302 2099 1356 1742 3778
2874079,3925 245 4027 2099 1596 2831 2034 1990 1742 361 3918 2320 420 3778 3036 4116 268 3197 3198 3085 4317 1337 3478 1701 112 1446 4587
3785089,4727 3136 3651 424 930 24 3554 368 3561 3946 2340 4871 3146 2837 4587 4471 4292 1742
3359769,930 2025 3136 3651 875 3478 3146 2659 112 245 2837 4587 4292
3334780,247 630 112 2728 1562 532 4494 194 3696 268 1701
3172103,3874 1436 2950 1701 564 3326 2801 2345 3983 2992 1337 2328 4179 3116 1819 2583 4357 1845 2921 1947
2264793,2049 2439 566 3675 1510 4611 1087 1928 4874 2681 3450
2471544,4317 2831 245 4987 2034 3925 268 900 3198 112 1321 3782 2320 2099 1990 4053 1493 1788
1316742,2030 4936 629 4938 3739 2921 1337 3115 112 895 1307 4114 736 2711 4361 1939 1818 1226 4494 1701 297 3642 4160 3124 4466 2328 787 3909 614 361 2668
3646699,3499 4791 4587 4558 1757 1015 714 1252 2728
3339406,4587 3951 3916 2034 4964 245 1356 4168 1015 4727 3148 4558 4027 1694 2340 1990 4179 3499 4390 4221 387 3466 3778 3109 4871 3197 2746 1395 305 44 3136 3386 4385 1404
3831339,900 112 875 245 3478 4357 4053 571 2034 4664 3085 1321 4987 2728 787 1701 930 3587 3198 368 4587
1757893,2565 1321 1788 3969 847 2328 2921 1742
2783371,3675 1133 3009 3651 4857 2439 3121 4554 3371 315 2528 2087 1308 2196 2837 1781 3489 4292 1388 684 62 431 305 866 4289 4585
1034401,44 4727 4139 900 2880 3211 270 4311 1463 3776 3148 1301 2193 1257 3342 1297 387
287049,2600 2053 1990 4779 3275 2992 2382 1819 1544 1749 4549
1237975,4587 245 4027 2034 1990 4871 3778 3951 44 4727 4221 3148 3109
1388027,1544 1990 2992 4441 1131 285 2921 3596 3490 245 3865 4179 1430
3521235,85 1695 3094 2022 1668 1909 2202 1198 1753 651 2754 741 522 4242 3196 2106 4985 2710 2049 221 3082 566 1224 4875 3079 1580 4681 3168 4216
1786935,2087 3651 3146 2340 2728 2278 4624 4554 866 4727 424 3009 4558 3675 867 4292 305
1782901,847 2565 4494 1337 361 1321 3242 895 2921 787 3864 1701 2445
2004078,4558 3574 4727 4027 1180 302 2728 4871 2340 2425 3148 44 3917 1596
1438335,4587 4727 3916 2034 4027 3148 3951 4558 387 3136 4168 245 2340 4871 1356 4964 4390 1990 3499 1395 1167 44 1015
2225989,245 2034 1990 112 4587 3197 3951 4964 4867 2831 1694 4471 1015 1446 4357 2733 4987 3778 2583 1493 4221 900 4168 1844 4027 3916
2164726,2921 245 2831 1694 4494 112 361 2034 4357 532 1844 268 2407 1337 4987 895 2029 4027
3555558,3776 3368 4794 302 4727 4139 3850 4906 3450 2880 2074 900 4514 3379 4298 2716 4558 4632 1463 2927 210 44 4641 3843 4587 2272 2766 2075 2879 4215 1861 1180 4311 2459 2193
2612061,3499 4791 4587 4964 4447 3916 1740 3951 2260 1757
2851629,4073 3233 3079 1224 2588 4471 876 1238 4974 3987 1431 4985 1974 3392 4266 1852 1374 3239 4216 4816 3094 2661 1568 3471
475027,3283 709 391 4539 1293 4558 1469 302
2746915,3101 4583 315 829 1244 4471 2611 4964 684 2320 253 2146 3163 193 3493 1608 2387 3810 1336 3159 4029 3197 1636 3406 2083 4660 3925 4385 487 2431 1990 4475 4027 1066 2697 1694 109 1474 2095 1252 1652 4790 257 4926 216 71 3917 4142 2657 1538 56 3778 1951 4855 967 2595 3265 2900 2733 847 2034 449 3195 3471 1803 4319 4317 2215 2863
2537391,1689 4382 4958 1448 1234 4816 2941 2108 3564
2001278,2439 4857 2789 3009 4380 62 315 4585 3675 1133 3450 4289 566 3121 4320 3371 1248 2402 3010 4106 1781 1356 4907 3111 3916 4471 684 76 1095 3489 23 1254
2033127,4871 2625 4791 1167 50 2534 1749 2660 714 1727 2565 577 2260
1169101,4727 4558 4871 3574 302 3404 3148 3916 4587 4168 2728
1938908,424 4292 3946 3062 1133 4850 4554 2501 3675 982 4585 1099 4624 1928 2402 3773 763 62 315 2196 866 4896 248 352 3894 4302 3570 24
1592494,2831 4317 1493 112 900 420 3782 2034 3198 2099 1042 268 4053 4987 1321 4021 223 245 2029 3867 3524 2668 3478
1958595,112 151 4021 1307 4116 3642 2992 4357 268 4938 1337 2921 245 2030 2029 4987 3198 4053 3983 4973 2099
702627,1133 3675 4554 424 3489 4585 4850 4292 4624 3121 3773 315 1248 347 982 2402 3009 4903 4613 1136 763 2087 3894 3062 3371 900 1928 4106 62 3514 4113
2209799,3916 4964 4587 3951 2034 4727 387 4385 4471 1990 245 1694 4168 4027 3675 1356 450 4558 2733 1015 3499 3136 2746 1167
651012,424 4292 3062 1928 2402 1133 2501 866 3675 248 62 763 4554 4896 2087 3946 910 24 4850 4106 982 4585 4302 3121 3514 1099 315 3773 930 1173 3489 578 352 781 4029 3277 4613 3420 3371 3702 709
265793,424 4727 2340 3062 3946 3813 4850 930 3136
2366697,245 112 2831 900 4357 1321 2034 2583 4987 4317 3925 4116 1990 2320 3197 1430 4179 962 4021 4471 4587
104305,4727 4558 709 4447
514252,112 268 4541 1501 3867 3478 4053 1701 3198 2029 1307 2099 245 3495 4938 3136 2831 55 2728 532
1752256,4558 2728 1694 4791 2425 4587 3137 268 245 709 2340 1757 3136
1408094,1133 4554 866 431 4292 2278 4541 4758 424 3651 1321 3675 683 4240 1788 2025 2837 420 2456 3371
3194974,424 4554 2501 2087 3946 4292 866 4624 3478 3062 4850 1133 305 3146 2340 4727 24 430 2025
2185758,2728 3574 4727 302 4558 1180 4027 4541 2424 3478 3450 930 2425 3136 2837
2200031,2831 4317 112 420 2034 1321 900 245 3925 4318 4471 2583 3466 1990 4987 4357 1307
3226442,268 1307 3131 3198 4938 2831 2921 4317 3235 1337 1701 2160 2029 3867 1493 151 4021 3782 245 4053 3524 2668 112 4987 223 1191 420 4131 2138 3197 3925
1197710,2831 4317 3782 1307 112 420 2320 2029 900 2099 2668 245 2034 151 4847 4021 1321 3925 223 4116
243051,245 2034 112 1493 2831 900 3197 4587 1990 4964 4987 4357 3925 2921 2992 2099 4179
2309461,4554 4624 424 1133 4292 3062 4850 3675 2087 982 4585 3773 2196 4302 62 3946 3969
460552,4558 4587 4727 3499 4791 2728 3136 1757
2299686,4021 2921 112 2583 895 900 2831 1321 3036 2992 1430 4317 4867 4357 962 245 2668
2769496,4554 3675 1133 3371 1781 866 4292 3009 3062 3651 2196 3121 1388 1321 4758 431 751 2087 4289 2837
2314174,245 1321 4357 4987 3969 4587 526 4926 2583 2921 112
3169169,4727 4587 4027 2034 3148 3951 1990 245 2340 3136 387 3916 4558 1404 3466 3675 4964 1167 4168 3778 2728 930 4471 3478 1015 4390 4385
1919512,112 900 2831 2034 3478 2099 4027 245 2728 1493 3867
1211845,4494 2921 112 1540 532 3242 245
2108452,4727 4558 3574 302 4871 3450 3404 2340 4168 3916 3148 44 4027 3136 930 4587 2728
1854392,245 2034 112 3197 3036 2831 1990 2921 2992 3778 4357 962 4987 4116 900 4131 2099 4221 3524 4053 3925 151 4964 1493 4179 4317
2464416,3867 112 268 4541 3478 2728 2099 2029 2831 786 532 1501 4494 900 930 1307 3136 4053 4938 3782 245 3495 4539
1364776,431 2278 2033 305 4560 4727 4658 1140 3938 4558 4972 2779 1133 4767
3503589,3094 4857 1964 892 4266 1195 4972 4216 3518 3471 1095 1480 4471 1162 2793 4985 3780 432 2200 1126 221 1829 2786 2466 1133 4799
638413,1321 900 3478 4758 4317 4471 1788 112 1450 268 3675 4987
945929,424 3946 3062 3813 2340 2297 1099 3136 900 4471 3587 4727 3554 4850
3226871,4554 1133 4292 3062 4624 3675 424 4850 2402 3489 3773 4585 2196 982 62 3946 3121 4903 1388 3651 4302 378 4113 1450 2087 4106 3969 866 3371 3277
3648291,1596 3867 2099 4539 4027 1180 3495 245 3478 3574 2034 786 112 2831 2029 2425 3198 2921 3431 268 3782 2424
59669,2600 1742 2583 2921 2565 1321
270036,3683 191 4027 2728 1035 967 4056 3765 3863 4494 3917 245 1694 2921 4587 4303 2823 4471 1395 3925 3210 4450 4988 684 3386 4964 2508 1540 800 4317 2445 3379 3119 2266 109 450 2746
2416981,4871 1180 4558 245 3574 4168 4727 1596 2099 4587 4027 2425 44 3109
3612914,1337 4357 4388 3777 2992 4867 2692 3983 4179 1225 2950 4116 4285 895 4021 2583 151 2095 361 3197 1947 4987 4221 962 2030 245 3036 3116 2414 2053 2921 193 4269 2328 2594 1701 4053 4131 112 1185
2252474,4727 3450 3136 4587 3499 4558 2340 1694 3651 4168 1356 3146 4027 930
3872803,112 2831 1493 2034 245 900 4317 2099 4053 4987 3198 268 3197 420 2029 1990 3782 4357 4027 3524 4450 3478 223
3440710,4964 2034 4587 3951 582 3916 4221 3197 245 4179 4168 1015 1990 1694 3116 4320 1798 3778 4471 109 2188 487 3675 450 387 1516 3136 193 4390
2490038,424 3062 3813 3946 982 4850 1099 3136 4585 4302 781 4471 900
944953,3112 2431 1417 3510 1430 1591 139 4471 2583 116 1587 4460 3449 2083 4964 2188 1322 4801 1372 4611 2258 817 2395 4686 3070 4142 847 2752 1026 3020 1974 1321 4855 88 1252 1788 4679 162 321 2588 2445 4289 3675 193 3116
326359,2921 1321 2008 2328 4021 1788 2814 2583 4317
1998478,2431 4471 4318 1321 2583 3951 2565 450 1990 1430 2039 245 1417 1788 4587 1252 2034 3371
3095016,3062 3136 3946 424 4292 3502 3554 4471 2297 3813 1321 368 352 1099 4758 1450 900
3532777,4313 2644 2202 1364 4876 3692 362 4964 4686 1974 2727
3307195,2573 2280 2049 2625 4972 4471 3094 2246 1753 4242 2528
3423954,4587 2340 1694 1015 2034 4179 4390 3136 4221 4727 4471 245 3148 4964 424 3197 112 487 3946
1511607,4471 1990 3951 4964 450 2431 2697 4587 4841 2034 4900 4385 3916 1015 3778 487 4320 2894 829 1694 1252 2188 3863 4221 4011 245 1322 387 3383 4179 3371 3580 259 582 4318 3116 4889 3136 3197 3675 2137 3471 193 3159 2095 3466
479430,1133 1781 3675 4554 4292 1095 62 1164 3651 3371 3111 3121 866 3009 966 431 3894 3979 4029 3062 1214 875 4585 1388 3969 4183 4757 2278 2196 268 683
1291531,4554 3675 1133 4292 431 3651 3371 866 1781 1321 3009 3146 1788 867 3062 3276 4585 2728 1404 4289 2087 751
1060496,302 3574 4558 4727 2728 3404 2425 3136 4541 2659 4871 3478 930
3729707,2921 112 1321 245 4987 4357 895 3969 875 361 1788 2831
3660193,1990 3197 245 4179 3778 3036 2992 4867 829 193 2099 2034 3925 582 4964 4221 3917 4587 315 3951 4131 3109 2095 2921 1694 151 2753 900 3168 2692 109 2831 2053 1337 4357 3863 4116
2691533,4587 2034 1990 4727 245 487 1015 3951 3675 4471 3148 3136 1404 4964 1694 2733 3466 3916 2340 4385 4027 387 4558 3778 1252
3241574,875 3062 4317 1321 3772 3502 2770 3946 1337 3675 4292 3277 223 3136 4987 4285 2328 1450 268 2921 900 4736 3707 4357 787
2141306,112 3867 2029 268 1307 2099 4539 4053 2728 3198
114340,4727 4558 4168 3916 4587 305 4871 3450 3499 3136 1015 4641 2340 1167 3148 1694
1218347,2034 245 4587 4964 3197 1694 4357 4179 112 4168 1015 4221 1990 3116 3951 3916 4987 582 3778 2188 3499 1356
1639926,112 4357 245 900 2034 4179 3197 2831 4221 2992 3116 4987 4269 962 3642 1493 2188
223359,2034 3951 1990 4587 4964 112 245 4471 4357 2831 4168 3916 3197 387 4317 2188 4179 4385 3466 3116
1088904,112 245 4357 2034 900 3197 2831 4221 4179 4987 2099 151 4053 1493 4317 3198 2992 4587 962 1321 3925 4021
1450691,1701 1307 2030 1337 2138 895 3115 4938 3242 361 4053 3235 2992 4021 1321 112 787 2418 1059 268 4285 297 2921 4987 4494
922511,2831 245 1493 2034 2921 3197 112 3925 4317 1990 4357 4987 151 4221 420 4964 4131 4179 4021 2583 3524 4587 3198 3036 1446 4027 3778 582 2320 962 4471 1321 4450 1844 268 4867 2992 4116 2099 1307
2577574,424 836 4560 4727 2278 305 3675 237 2873 4458 866 4587 2439 2033 2565 1140 3476 4407
3301018,24 4727 3776 2728 4541 424 3478 3136 2298 930 2501 2837 112
48155,4763 4029 3833 3675 140 4200 571 982 875 4207 866 4850 3119 3265 3731 4585 4110 3277 430 4317 424 3587 4357 109 3258 684 2278 420 2992 3651 1446 4424 1164 2745 4292 315 347 1214 3371 3851 3121 2870 3773
3627574,2728 112 4541 4539 3136 2425 2029 4466
1730303,112 245 444 4357 1421 3116 4179 2034 2992 4587
274454,866 4554 1133 3651 2087 2278 431 3009 4292 3675 1781 4624 424 2340 2837 2196
183719,112 2831 245 2029 3198 151 4317 3524 3782 4021 2099 4053 1307 2034 420 3197 4160 2668 4357 4450 4565
963376,4541 268 3478 3867 112 900 1501 3136 2728 2831 2099 930 2029
3807385,424 866 4292 4554 2278 1928 4727 2087 2501 2340 305 2033 3651 3146 3062 2837 3675 1035 1133 3776 669
1221991,3159 315 684 3829 779 1538 4855 216 259 62 4900 829 71 2508 3985 449 3371 4008 3675 3571 328 3136 4627 2146 2611 4964 4011 4289 3863 4624 4471 3773 1574 3946 3825 3062 4320 248 1322 1066 3916 2137 3121 2697 1578 4292 109 1252 4841 2387 4385
425008,3675 1133 3062 3009 431 4554 2196 4292 3371 866 305 3651 62 2439 1095 2033 3121 4585 4289 1973 845 2278 4857 3773 1781 3111
2731555,1133 4554 3651 431 3675 2278 4624 3009 2033 4857 4292 305 866 1095 3121 3371 62 2837 2196 315 1781
3089304,4857 3276 2466 2793 3518 1668 4266 4216
3686081,2960 2178 1137 1924 4611 3396 3187 927 1165 4855 3465 1808 2349 4570 4990 4446 3341 3372 4258 3509 4964 448 457 1905 1838 3815 884 4783 566 2150 1674 4370 73 2809 1052 3247 4304 4606 21 3575 1851 4083 3829 2984 2237 165 1090 4876 4646 1458 3533 3369 2553 86 1992
645298,1990 4964 450 4471 3778 3951 2534 3925 245 2034 3471 259 2188 2146 1430
3211421,112 900 2831 2099 1493 3478 1042 2034 3867 268 2029 245 3495 2728
1913362,245 3116 4357 4471 112 2034 4179 2188 2831 4221 900 3197 4889 4269 1990 4587 4318 582 3036 4987 1321
870771,2921 1337 1701 2992 895 4053 1307 4388 2831 2328 3198 4938 3235 4317 2445 4131 1321 2008 2668 4021 1642 1059 420 268 2583
3770061,3524 245 4357 3197 1493 4987 4450 4160 301 2034 1694 4317 2831 112 4565 4131 4964 3707 361 4053 197 4179 2320 1516 2921
1557788,2034 4587 4964 3951 1990 487 4471 245 4168 4385 3916 1015 3466 387 1694 305 2188 3675 3136 1252 3925
3680552,4611 4964 1474 3951 2853 4471 2431 1990 3863 398 450 4179 3116 4320 3778 714 4221 3185 3383 701 3011 3300 3197 4791 1516 2502 1539 193 3597 3279 2146 1322 2095 2034 1142 1430 216 4510 1798 3969 470 4852 4385
988342,4382 2608 2648 588 705 1339 2156
1326755,2034 3951 245 4587 4964 1990 4168 3916 4471 112 2583 4727 4357 3197 3499 1430 900 387
1284775,2053 2992 285 1990 2921 1544 2685 2382 4388 3778
2638754,866 424 3146 2278 3651 4554 2087 2340 4292 4624 845 4727 4850 3478
2002099,3574 4727 4558 1180 4871 1596 2425 4027 2728 3478 1742 3404
2594767,245 4987 2831 4317 112 2034 4021 268 3198 3925 2320 1321 3197 4357 1493 900 1307 151 1990 2583 1788 4053 2921 3782 4938 4116
1171979,2278 4554 2728 866 683 424 3776 3146 1133 2837 4541 3651 4292
2116373,2565 1742 4871 2123 3675 1015 714 3383 3778 450 71 3121 3969 2122 1990 1321 2625 4791 701 3300 245 2780 1749 3722 4964 378
1029043,3499 4587 3136 4727 1757 1252 3675 2956 709 2659
2156511,4727 302 4558 3574 3148 3450 2340 3136 930 2728 4027 3404 2659 4168 4587 4871 24 2034 305 3478
1620739,1180 4027 1596 2425 3574 2099 4539 2424 4558 112 4871 3495 3867 245 2728 532 4727 3478 2831 3917
2847513,4791 4964 714 3951 4871 450 245 3300 2431 1015 1990 3778 4587 4179 3185 1694 1516 3279 2146 3675 1992 4320 3499 2034 4471
2443409,4727 3450 3574 4558 4871 3478 1180 4027 2298 245 368 3776 1628 2034 2099 3778
87502,1321 4357 2432 2583 2320 2863 4986 2111 1788 4926 4318 2034 2431 847 3101 4987 2950 526 197 1011 895 2337 2729 4494 3277 368 136 245
1394740,4964 1990 4471 4587 245 3951 3675 2431 2034 4221 1694 4320 2095 3778 1015 450 701 3197 2583 1568 4867 3916
3076188,480 3515 3978 315 3726 1496 229 4502 3275 2352 3168 2170 538 2644 3279 2921 874 27
2775663,4727 4587 3136 2340 4558 3450 1742 4027 3499 1694 3651 4390 3146 3776 1015 24 930 245 709 2034 1356 4168 4964
355237,2728 4558 4168 4871 1596 2260 2425 4478
1456416,2431 4471 2583 245 2034 1321 4987 1788 1446 1990 4318 2831 3675 420 3466 3951 2733 4587 701 4357 4867 487 112
518730,116 2260 4871 4305 3916 2431 3951 1990 450 4478 387 4493 4727 523
1569066,112 895 900 3782 1042 2029 2831 2099 3867 1307 4317 3107 268 2034
1039814,2728 4027 3478 112 4558 2424 4727 4541 786 2831 4539 2034 2099 1180 302 900 4587 3148 245 44 2425
1207848,1757 4447 4558 3499 4587 1015 4727
2240733,3574 4558 4871 3450 4727 1596 1180 4027 2425
427855,216 3829 4627 4964 4320 2137 684 315 2697 3916 3159 779 4011 259 829 2146 3825 2611 4900 449 4385 3371 71 1322 3471 4289 3675 3863 1538 62 4841 4471 3308 2508 193 3571 2431 3778 109 1252 4008 387 450 2387
1859595,1587 3146 245 4587 1701 2625 1493 4357 3300 112 156 268 4791 2950 4179 4556 4510 4442 4964 2065 1818 1216 1845 1742 709 624 1252 2030
859226,112 2831 4053 245 151 2099 3085 2029 2034 3478 900 268 4357 1501 3867 4565 4664 3198 4116
1813068,3574 4558 302 4727 1293 2728 2425 391 4539 3283 3404 3478 4541
1483270,3574 4727 4871 4558 3404 2728
2188630,895 4021 4357 3406 4987 1321 1337 112 4317 4867 2831 1307 4285 2320 2583 245 4116 900 1701
2929542,3916 4587 4168 2034 1015 3499 3136 3148 3951 4964 1694 4727 1356 245 387 3778 2188 4320 1990 4179 487 2746 3197 4221 3116 2340 301 4390 4558 1404 44
1495449,1694 1540 1493 245 3917 3197 4964 3524 2034 1395 4027 3386 271 4450 193 4317 2823 4494 532 2746 3863 800 2921 2728 1335 2831 1990 109 4987 1844 3925 1572
1150985,3675 1133 3773 3121 1248 4292 1928 3489 3514 4585 2402 62 3062 4624 910 424 3009 4554 2087 4106 3371 315 1136 4613 685 982 4289 3813 378 4896 4850 3894 4903 684 763 4142 3702 248
636975,1493 4317 2831 2034 3198 3131 223 4987 3524 4021 420 245 3867 2029 3782 4053 3197 1990 268 4131 112 2599 4450 2099 4027 3386 151 297 3917 3925 3778 4938 924 2668 3235 922 4736 3707 1042 2719 1337 1307 4285 4207 1694 1325 662 1612 1354 3495 3107 4357
505766,112 2034 900 4357 245 895 962 4317 4987 2831 3197 2992 2099 1042 3925 2583 1493 1990
1927181,4611 4964 3951 398 2431 4471 1587 1430 2660 2502 2095 3449 1990 4510 2583 2853 1417 1568 3020 3471 3116 1516 3300
3913432,2034 112 4027 900 245 2831 2099 1493 3478 4727 4587 2728 3148 3495 4541 3386 3925 1990 786
2301158,2728 4558 4727 2340 4447 2425
2470019,2439 3121 4857 1133 3675 3371 3009 1264 62 1781 1095 2528 4907 315 1964 4289 4106 3514 2402 4583
2680021,2034 112 2831 1493 2099 245 900 3198 1042 4027 3478 2029 3495 3867 4317 268 3925 1990
1762135,1990 245 4471 829 2034 3675 450 2431 4964 4318 1694 3778 2697 3951 4587 4841 3925 1446 3197 2894 2320 3371 315
3370878,4727 302 4558 3136 3574 4871 2659 930 4027 2728 3148 4587 2034 867 2340
431376,3276 2728 2278 4554 2837 431 2528 3651 1133 866 3146 974 3009 4558 2340 709 2087
3236704,875 4736 2025 4317 1321 3277 930 900 2983 4357 3136 4053 3062 4987 268 3478 3946 112 424 3707 3675 571 787 430 1337 1414 1701 4541 368 4029 223 1788 3651 24
3480417,4681 3094 591 2573 2710 1108 221 4972 4216 1668 792 3385 1341 4985 2793 2049 2466 1753 3933 1814 23 4920 4181
3247561,1860 1702 1574 829 3713 2611 2858 2928 3571 2845 2657 2595 4027 4895 5009 216 1281 449 2459 3685 1066 169 523 4504 3914 684 1001 4906 4011 2101 2803 4544 71 4062 193 2213 3740 1115 1776 2250 3931 2217 2303 490 2146 4934 3195 2519 210 2788 4855 4464 75 2153 1175 1538 2534 1336 4817 3919 1349 2231 2387 556 3743 288 3853 4613 1862 2899 2245 2780 4139 3705
1027842,112 2099 2831 3867 2728 1493 3478 2029 4539 4541 4027 786 3495 2034 268 245 55 3198 3386 532 1501 2425
1929545,4727 4558 4027 3574 3148 2728 4871 2099 44 2034 2340 3478 4587
851762,424 3136 3946 930 3062 4292 3651 4727 3502 4471 3554 3675
3278327,3136 930 2837 2659 424 866 2025 3651 4727 3478 4235 2728 2278 112 3146
1081958,245 2034 4587 3951 4168 1990 900 3109 4964 3916 4221
3362486,4964 3951 4587 4471 245 2034 4168 1990 3916 3116 3197 4179 582 4221 387 450 487 2583 4385 2188 4987 1798
793848,1133 4292 3062 3675 4554 4624 3773 2402 62 3121 4850 3489 4113 4585 866 1136 3969 424 3371 378 982 2196 4903 910 3946 2087 315 248 763 4758 2188 4302 1450 1928 1388 4106 3514 2745 347 4896 2974 4142
2102782,2351 4587 3916 4791 1015 1694 1757 4964 3499 3951 4558 2340 4390 4447 245 4221 4811 1990
3879179,3033 1731 4611 2853 4855 212 1808 450 566 4304 1176 2150 2502 116 2725 2431 1924 2697 4222 2660 3396 2391 1452 2510 2714 3722 1935 1252 2153 4964 3393 162 1080 157 4893 4471 4984 4258 2534 2809 470 3260 3354 1674 4460 3138 4877
1617949,4964 3916 4168 3951 4587 1015 2034 3499 1694 4471 4320 387 245 3116 4385 1990 582 714 4221 4179 2188 487 109 1516 2733
3076849,245 112 2831 2034 3197 4987 900 1990 4317 151 4357 3198 2099 1493 3925 4053 4221 2320 4179 3524
3281849,2728 4587 2340 4727 4558 3148 1757
2413330,4587 1757 3499 4791 1252 4727 3916 2340 4447 4558 1015
47362,245 3197 2034 1694 2921 4964 4317 4987 1990 2831 4565 4357 3085 3524 1493 3925 112 1844 193 3917
3778998,3675 3062 4554 4292 3121 3371 1133 62 4585 1388 2565 1450 4289 3946 2196 3489 2402 3146 4850 4106 4380 4142 867 378 3773 3277 3969 751 4624 1321 3651 1173 2087
3088923,1321 4317 900 3062 368 2921 268 875 4471 1450 2328 2008 3675 1788 3478 3946 4987 3136 223 787 1742 4541 4494 112 3131 2831 3406 4292 4021 2138 4285
3835630,1990 4867 3197 4317 2095 2992 900 3925 4357 245 3036 895 3778 4471 2583 4179 4987 4116 2320 197 2034 4131 4221 2099 2921 962 2188 2582 112
303551,112 4357 245 2034 3197 2831 4987 4179 582 4221 4867 4317 3116 1493 4587 4053 151 1321 900 4964 2320 297 3524 136 109 962 3642 2992 1990
25211,875 3062 4541 268 3136 3946 3478 1321 2138 930 2025 4494 870 900 3242 112 368 787 2418 2008 571 3772 1450
3175805,112 2029 2831 4053 3867 3198 895 2099 2034 900 1307 4539 1701 2921 3782 4116 3235
1070846,2728 3148 4558 4027 4727 2425 1293 3478 2099 3574 4539 4541 112 302 3917 3283 3386 2034 55
1120386,3675 1133 3009 3121 3651 4292 4857 4554 2439 315 3371 62 3773 866 2196 1781 2837 684 1308 4585 1388 431 378 2087 4624 2278 3489 772 3062 1251
360600,4727 4027 3148 112 2034 245 4587 2340 1694 4558 44 2831 4168 3916 2746 1356 3386 4390 1015
2477721,2921 3085 112 245 1694 2034 2831 4317 3242 895 268 3782 4494 1844 1493 2099
1758804,3559 2818
3600432,4558 4871 2425 3574 4727 1180 1596 2728 4027 2099 3137
3130045,2921 1701 1990 2328 245 2992 2831 4388 1337 4131 3524 4053 4987 630 2583 3778
1758552,424 3021 2501 2506 24 3946 3420 4377 4850 2796 1099 3776 3866 2905 781 3062 1725 4000 2061 4302 930 430 3843 471 3587 3619 4807 1636 1473 1928 982 368 4292 2262 1960 4423 2224 3678 4979 2899 4586 3433 2192
2963902,245 2034 4587 3197 4471 1990 4179 4357 3951 4964 2992 3116 1321 4987 3925 2583 4317 112 3778 1430 962 387 4221
1237507,1742 2565 3675 3121 4871 3136 2780 3651 378 2123 2625 3985 4487 714 2659 1321 3946 3778
2378016,2728 2425 4558
1712102,1493 112 2831 2034 3524 245 3197 4053 151 2099 2029 4317 297 4357 3198 3707 4987 900 4565 420 4450 1042 3782 3867 1337 1990 3131 4736 4539 2992 4021 268 1694 922 1354 55 4664 3778 4847 4160 109 3495 4179 2188
2944535,4558 3574 4727 2728 709 2425
1246265,3373 799 4983 4171 4992 2271 3020 1299 874 4071 1961 32 3168 538 3128 2651 4320 788
3878176,4554 4850 4292 4302 4624 3478 4585 3675 3062 3651 3814 900 571 2586 763 1133 177 867 4903 430 3946 3277 3146 982 424 1450 751 2297 3587 248 4424 3561 1321 966 3969 347 3489 2196 368 673 452 1173 4029 3371 420 875 2340 3476 4289 648 1099 2863 2328 2188 1276 4758 3851
312522,4541 112 3478 900 2099 245 2728 1501 4539 3867 268 3136 4727 2034
1402838,4554 3675 4292 3969 3062 2565 62 3371 3814 900 1321 3146 420 4317 1450 2831 4585 1133 875 3946 4021 1388 751 4289 2445 966 3121 4029 2328 4987 4302 177 2188 4908 4850 2196
3690065,245 2034 1694 3197 2831 4027 4964 3951 1990 112 2733 3916 387 4471 4587 4385 3925 4168 1395 3386
1191717,930 3136 2728 1321 4587 2025 245 112 3146 4357 3969 4987 2659
1754772,2921 245 2445 2992 112 4987 895 4357 1533 1321
3668646,4871 3136 1742 1015 3499 4791 4558 4587
3687608,431 1133 2278 866 4554 3651 2728 2837 424 4541 974 3276 683 2087 4292 2340 3009 2456
3639719,2831 112 900 2034 3198 4027 3478 2099 2728 245 1493 268 2029 3495
3244036,2214 4576 2661 4611 3692 1569 871 726 3614 3567 1238 475 2260 3345 522 3903 4471 3799 921 3165
3139787,2921 4317 2992 4131 3235 268 3107 1321 4021 4938 4987 1337 895
3773526,930 3651 112 3478 245 3136 2728 4727 900 4541 268 2921 2025 4587 2659 4027 2424 2298
3489391,4727 3574 4558 2728 2837 3136 930 4871 2659 3404 4541 3478 3651
2858784,4727 4587 3499 4558 3148 4447 4791 1757 2340 1252 3916 2659 3136 1015 2728
1167600,2831 112 1493 4317 245 2099 2034 900 268 3524 3131 2029 3197 151 3198 4357 2599 1990 3782 4053 223 420 4987 4847 4450 1307 3925
3916798,3574 4558 2425 2728 1180 4539 1596 4727 2099 3404 4871 3137 2424 4027
973753,1493 2831 2034 3198 245 151 223 3524 3197 3131 268 4317 2099 112 2029 1337 1990 1191 4053 3925 829 4987 2599 662 420 3778 3386 4285 4131 3782 3917 4565 2407 4021 900 55
2058596,245 1694 2034 2831 3197 1493 112 2921 4964 4565 3524 4357 1990 3386 4317 4987 2099 4053 271 532 3085
723041,4587 4027 2034 4727 4964 3148 3778 4871 44 1694 1356 3951 3916 245 2340 4558 1990 2746 387 1395 3136 1015 4168 4320 3197 4390 4221 3776 487 2188 3450 4179 450 3499 1167 175 3109
2231181,875 3478 2921 2025 112 268 930 4541 4494 1321 2728
379894,4554 866 2278 431 424 1133 2837 2501 3146 3651 305 4727 4292 2340 486 2033 930 24
131586,2123 2565 2531 1742 1749 2625
2584622,3115 2515 1629 736 4987 2992 3001 4998 3107 4357 4973 245 3909 3235 2076 1226 2034 895 3642 297 4910 3242 3116 2711 40 112 4116 4221 1403 2030 3969 4565 4053 2921 3431 3739
1163373,4727 4558 302 2728 3574 3148 2340 4871 4027 4587 3136 3916 2659 1356
3604101,4558 3574 4871 4727 1180 2425 1596 4027 44
253007,3062 4292 3946 424 3675 4624 3146 4758 4850 1251 866 1133 59 2196 1388 1321 352 3773 4113 751 3651 1450 4585 4302 3969 3277 344 875
1116299,2501 424 1928 4554 3776 24 3478 930 866 2278 4292 3146 4727 2340 430 2728 709 2433 683 4000 816
3824938,112 2831 1493 151 245 900 2099 3198 2034 4021 3524 2029 4987 4053 4357 3197 2992 268 2921 4317 1337 420 3782 1307 1990 3778 4116 4450 895
1756591,4727 2728 1180 4558 3574 4539 4871 2425 1596 112 2099 4027 2424 3137
3384148,3058 3412 3776 4027 2728 4558 2824 2890 1095 2278 2007 4587 2425
2755267,3951 4964 4587 4471 3916 4168 4179 245 2034 4221 1990 3116 4385 387 450 1015 3197 4570 3675 2146 1798 487 1516 582 3011 4320 4889 1252 3466 3109 193 2583 3499
1766603,1825 705 2600 1464 4493 2625 2344 1440
3279851,4794 4139 1001 4906 1861 2519 2879 2716 3379 4632 3776 44 3368 4298 2880 210 2272 2764 4215 4514 1260 4027 2927 1463 302 900 2075 3685 1180 4934 4727 2 4587 1034 1860 1632 4558 1257 2907 193 2728 3450 3850 1066 2193 2074 2459 2611
3626261,3829 4783 2349 1674 4570 2153 523 157 1452 449 3680 1151 4680 4579 1252 4855 64 2207 1854 4964 4593 4550 4083 2602 3625 145 1694 1052 785 433 4258 3650 448 5005 984 1574 4078 4209 1090 681 4427 1165 4923 2462 2835 3861 3633 1737
1010810,1596 630 2728 1562 4225 3201 3917 532 194 4664 2424 4027 2099 499 1547 2425
1306344,2728 4027 2921 3917 1694 1844 4541 3136 2099 3085 2425
1045017,4266 4216 3094 1753 3233 4471 1122 3780 4681 2200
773276,424 866 4727 4292 2087 4554 1928 2501 2278 3062 305 2340 669 2033 3675 930 1099 3776 982 1133 3146 685
1611310,2992 3036 4179 1990 3109 245 193 630 2146 4964 2053 3116 2414 1185 3925 2099 315 1337 301 3778
1092044,4471 3951 4964 2431 3471 1252 245 259 1742 2565 2039 73 611 1990 4221 470 3650 3536 4179 4276 3675 4570 1727 1322 4096 398 487 4867 2146 3925 2582 4587 3197 193 116 714 2583 3249 4280 462 778 1417 2895 2095 3449 3116 305 1591 4987 3916 3615
3654393,424 3062 4850 3813 4727 4471 3946 781 1099 3651 2340 4560 3136 3675 930 900 4292
3480178,2034 3951 4587 245 4471 4964 3916 1990 3197 4385 4168 4221 387 3499 2188 3778 2583
3020981,4587 1757 3499 3916 3148 3951 4727 1015 4558 2340 44 2746 4964 1694 4791 245 4390
588532,245 112 2831 151 2034 3198 2099 3197 900 4053 1493 4987 1990 4357 4317 2992 268 2029 3524 4565 3925 3036 4179 4221
2196559,2900 566 3468 3883 1399 4955 3451 3045 3919 515 43 490 842 2626 2657 1912 1510 4855 1556 2439 3062 1268 684 2611 4159 172 248 3075 4471 829 3121 167 4264 4526 4790 4106 1567 3985 3946 1810 4262 3355 3308 1248 2780 4142 3009 1543 2697 2919 3773
590463,245 4317 2831 4053 4357 3197 151 112 3524 1337 2099 1990 3917 2034 109 4221 4867 4179 4987 2992 900 3036 2320 3707 4664 2863 1701 3925 4565 4494 4131 315 1694 2095 2599 297 420 895 4116 1844
1556394,4317 2831 420 3782 3524 112 1307 4021 245 3198 3197 2029 223 4053 2320 2034 2099 151 2668 3925 4450 1990 3131 4987
3667552,2831 1493 3198 3867 2029 2099 4317 3782 112 2034 268 3131 1307 4053 420 3524 1337 223 3495 1042 4027 2668 245 4938 3235
1933815,4558 4727 2728 709 2260 4447 3574 4587 3499
1000883,4587 4727 3499 4558 3136 930
248763,3121 62 2439 3675 1133 3062 566 4292 4106 4857 4380 1095 1781 378 3371 2087 4289 4896 2402 866 578 2196 3985 4624 2508 490 4907 3883 2837 3773 3013
2930318,4317 1321 1307 4987 1788 4021 420 3782 4471 895 2431 1446 4318 2320 2831 2583 3062 2921 3707
675786,4415 4607 107 2814 2238 2644 4254 4352 1587 88 3709 538 2208 4677 2948 2352 3471 1818 4471 3091 1646 3510 2651 551 3911 4964 3615 396 817
2421058,1990 462 3778 4493 1825 3951 3333 1544 3925 3036 4871 2267 2992 3109 2583 802 2921
1380141,1493 2831 2034 2099 245 3524 3198 151 112 4027 3197 223 3867 3917 3131 4317 268 3386 4053 2029 2599 1990 3495 55 662 3782 1694 1337 829 3925 420 4987 3918 3778 1191 4539 900 4541
146802,3596 4549 2896 2581 4035 4964 950
685786,4964 4587 245 1694 2034 1990 3951 3466 4867 1015 4871 1493
2090671,2728 4541 3478 112 2099 2424 4027 3085 786 4539 3867 268 2831 2425 1501
2351332,424 3946 263 3632 1133 2157 1633 763 1408 4850 972 3894 4142 3570 4334 1725 3514 4789 2262 1960 2636 648 2501 3648 352 4613 1912 3843 2278 347 4292 1273 3675 982 3272 1286 4585 4624 4698 2905 43 3773 4458
3154512,424 4292 4554 1133 2501 4850 3062 866 3946 2402 3675 1928 982 24 763 4624 248 4302 315 3121 3478
1639043,1990 1430 2992 2921 2053 1464 3036 1535 1825 2685 962 2431 2382 2583 4493 2445 4388 3333
720104,3062 1321 3675 3946 3277 3651 930 3136 875 900 4987 1450 4758 3478 2565
2869058,1133 3675 3009 3651 4554 2087 2340 431 4624 3371 2278 867 866 2837 4292 2728 4471 709 2033 315 4289
370290,2053 4388 1544 2992 2685 2921 2382 285 1990 3865
722210,4021 4357 4987 112 4867 1337 2992 245 4285 151 297 3707 1321 3642 4116 4053 895 4221 900 3036 962 4317 3197 4131 4179
3864215,2728 2921 4494 268 532 2029 112
3706678,4357 112 4987 245 3197 2831 2034 4317 420 4179 4021 1321 875 151 4053 582 4587 4221 4027
1094666,3136 424 4850 3813 3946 3062 3651 4302 900 3554 2297 4292 430 3587 1099 368 4903 2586 4471
558798,431 2278 3938 305 2033 4658 4727 4560 4972 1140 2779 4558 2537 1133 836
581322,4541 2728 4558 3136 1293 4539 3478 4727 2425 3574 2837
3319613,2439 2789 4857 3009 62 4585 3450 1133 4471 3675 4380 4289 315 3371 1095 4907 684 566 1248 4320 1781 3121 3916 2402 23 3010
1179655,4027 191 967 3683 1035 2728 684 1268 1066 2657 2215 2900 3765 3689 3119 3917 3101 829 2858 4471 4056 2508 2823 43 2320 3452 2266 3702 3863 1574 4303 4136 1694 4855 216 3571 276 2146 3210 315 515 1395 2697 185 1636 109 4988 4494 4587 4817 490 44 1918 3925
2548117,2831 1493 3524 151 112 3197 245 4053 2034 2099 4317 3198 2029 3917 3131 420 1337 109 4987 223 4565 268 4285 1990 2599 3707 4357 3925 2320 4179 3867 1694 55 4027 3782 4450 297 582 900 662 4539 4664 2992 829 3778 315 3386 3495 4160
2702717,4317 1321 900 268 4987 2831 245 1788 3675 2921 112 3478 223 3198
1691374,4871 1167 2260 4478 3916 1694 4168 4587 1356 1544 802 450 2660 116 4558 1990 245 3574
1745366,4554 424 2087 4624 4292 3478 866 3146 1133 4850 3651 900 2278 2340 3675 3946 3561 4302 571 966 867 3062 2196 1005 4000
1496311,4471 2431 2697 3951 450 1990 3371 2894 1417 1430 4964 1322 2188 2984 116 2583 1464 3863 3020 3116 4318 3471
2773759,424 4727 3136 2340 3651 3946 982 3561 930 3587 866 2025 4850
1809706,2728 4027 4541 3574 3478 1180 4558 112 302 4727 786 2424 2099 2425 930 4539 3136 268 245
2585183,1818 3653 361 9 2921 366 3675 1701 3708 1403 2445 1256 1963
1761315,3536 4964 2111 4471 1172 4280 3101 470 1430 487 4179 4221 1788 1321 2583 2034 3197 3778 109 4987 2635 1474 4357 2431 2950 4926 193 1252 73 2988 3951
940816,4587 4964 245 2034 3778 487 3916 4221 4168 1990 2188 4471 3951 3197 3450 2916 4179 1015 1694 4390 918 4727 387 2769 714 4218 3116 237 582 972 4320 4871 1516 450 4357 4318 3109 1446
1333275,2501 424 4554 1928 930 24 3776 4292 3946 4727 305 3478 368 2433 2340 4302 763 3587 2278 430 3062 816 3675 4758 4029 709 2964 248 3277 486
1080534,1421 112 2992 1562 3977 2711 4357 2921 2030 4494 247 3983 1701 4664 630 444 3642 4053 1818 1337 361
296963,4972 2439 4857 1480 4216 2573 792 3675 3121 2362 2710 1814 221 2049 4611 1133 62 3371 1095 3129 1781 4289
328991,112 245 4357 2831 900 4987 2034 1321 1493 3197 2992 4021 962 4221
3551224,4727 2340 3136 4587 4558 3651 3450 3499 1742 930 424 2837 3146
1814872,1321 3675 2583 4987 4471 268 2921 1788 1446 4758 4318 4357 4317 112 4021 1307
67996,424 900 3136 4471 112 4850 3813 3946 1321
849052,3951 4964 4471 3116 4179 3109 4587 2950 1990 245 2188 2431 2594 4221 2583 2095 2034 4168 4357 3197 4318 4679 1798 1430 4987 4867 962 582 4889
730499,1337 1321 4317 268 1701 4357 361 875 1307 895 4494 4285 1446 4021 2921 2328 4053 2831 787 3062
1509585,2921 1337 2668 3235 3242 2138 2445 895 4021 1701 1321 361 3131 4053 2831 4317 1307 4938 2328 112 1059
1267872,112 3198 2099 2831 3867 2034 1493 2029 245 900 4053 151 268 3782 4317 4938 4027 3197 3524 1307 4357 1701 4664 3495 2992 3131
3767870,3062 3946 1321 3772 1450 3675 4292 875 787 3242 3136 4317 4758 4302 2586 3502 1701 368 3277 3478
373456,2921 2008 4494 2814 361 2211 2831 847 4317 3524 2445 2665 1475 3386 2599 245 1701
3499885,44 709 2340 4727 4587 3148 112 245 4027 4558 1015 2034 3663 900 2728 3778 1356 3776 4390 2099
392510,424 4727 3667 1928 3776 4558 2340 2501 930 3148 4292 2728 4554 3420
614843,3675 4558 1133 3651 709 3009 2528 2728 2340 3276 2087 4554 2837 305 3371 2033 867 4727 4289 2278 2439 431
5238,1544 2685 1990 1430 1464 2583 1535 2992 3440 2382 3951 2053 2431
3395393,3675 1133 4554 3371 3651 4289 62 3062 4415 4292 4758 378 3121 701 3969 2196 1972 1450 4624 1388 1788 4471 3277 1321 4113 3009 59 4585 4183 305
822817,4558 245 4027 4871 3574 1694 4587 44 1356 1596 2099 4221 2425 3917 2034 1844 3109 2728 193 1167 4168
2900073,424 3062 982 4850 3946 1099 781 900 2586 430 4302 4292 3813 3136
280630,709 3776 930 3136 4727 2728 2659 3146 2837 4558 2956 818
1947804,1133 3675 1388 3121 4585 4624 4292 3062 62 4554 3651 2087 4183 378 2196 3371 3773 3009 4758 4142 1577 867 1450 4113 4289
1655199,2992 4357 4987 4179 4964 3036 1629 1337 4221 2583 3116 245 1436 193 297 2921 2095 1798 962 1990 2950 3983 526 3969 1430 2711 4973 2594 1819 3197 3982
2243026,4567 1525 59 4557 3875 1133 3421 547 1972 4781 3675 830 3002 3042 3435 2525 2392 3136 1539 536 2335 4318 3946 3221 4987 3969 1321 1251 1450 4337 866 4471 4758 424 2183 888
752698,112 2029 268 4053 3198 2099 1307 2831 2992 4664 3867 4116 4357 900 1701 151 1354 2030 895 245 3642 1493
698278,3365 4964 2992 4179 3116 2950 1587 1798 2921 1990 4471 4679
709081,1307 112 3867 2029 268 4053 1701 1321 4938 3478 3242 4987 787
2184310,245 112 2831 2034 2099 3197 4053 900 2921 3198 1493 4027 4587 1990 3524 3867 3778 151 4357 4987 3925 4317 1694 630 420 4964 4539 2029 3917 922 4131 1701 1337 2992 3951
1807990,3131 2831 4541 223 3198 268 1493 3867 1191 4317 4027 2099 3782 2029 3386 245 3917 3524 3478 151 924 55 2034 420 2599 1307 829 4053 1337 662 4539 4987 3495 1694 786 112 1990 2407
229434,1321 4021 895 3406 2583 4317 2431 1337 4987 2921 4471 1701 4867 2445 1307 420
1349717,3197 2034 245 4221 3778 4987 4357 4867 582 3116 1990 112 4471 4964 4179 4587 3951 1694 4053 4317 900 151 4021 3707 2831 2992 193 1446 2320 4450 4565 3466 420 3916 487 3642 2188 962 1015
2903020,4382 2108 1234 3564 588 3427 5007 2156
1454786,4964 2992 4987 4357 4179 3969 3116 197 3197 2583 4471 1430 193 4221 2095 847 2431
2002872,4317 268 1321 112 900 2831 4987 245 3782 3198 3478 1788 2034 2099 4053 3925 2921
3676744,424 4554 2728 2087 709 2501 2340 24 3146 2837 4624 3675
2492424,4855 4984 4964 3020 3396 4876 2153 2137 259 450 3135 4611 2146 3471 1322 1083 4011 2373 1304 566 4420 4471 928
356870,1321 4318 1788 4471 4758 4987 2583 4357 420 3675
515278,4871 3574 1990 3778 1628 1596 462 4493 3925 3951 245 2267 4168 2146
2961876,2728 2425 4539 4558 3574 1293 2100 391 3436
1439513,112 4357 4987 151 895 2992 245 4867 900 4021 3642 4053 4317 1337 4116 962 4221 2831 4285 4938 3036 3197 1307 3782 4269 297 4131 4179 3778 4450
744831,4541 2728 4558 1293 2425 4539 3478 112 3283 4727 2099 3574 4027
1968673,245 4987 4357 895 112 1321 2992 2034 3969 2921 4926
283513,3675 4857 1133 315 3009 3121 3371 62 2439 3651 3276 1781 4289 4554 1095 1388 4585 974 305 2033 684
3768972,1321 4021 1307 4317 2583 895 4318 420 2831 2206
75812,4359 1741 4958 1068 741 2108 777 2259 3877 4242 4848 529 4576 3515 1237 4284 3089 1873 2661 3275
289594,4727 4558 3148 4871 2340 4587 4168 3574 3499 4027 3916 44 1356 175
799906,1694 1540 245 1015 1493 4587 4558 1757 4027 2425 2728 709 4964 4494 4791 3386 2746 532 3696 112 109 3146 3136 2034 4404 2146 1701 3918 630 1844 361 1990 3137 3951 4179 3863 2921 1562 4541 3499
2453583,112 245 2831 2034 900 3197 2099 4317 4357 151 4116 4987 2992 1990 3524 1493 4053 3198 2029 4131 3925 4021
1162862,245 3675 3969 1321 1015 4964 4587 4318 3778 2565 3300 3136 1990 714 4791 4987 1788 2034 701 2583
3480268,151 1493 245 2831 112 3197 3524 2034 2099 3198 4053 4317 223 2029 1337 4565 4357 4221 1990 2992 4131 4987 4285 900 3778 4179 582 4021 662 3131 268 4450 4160 55 3917 2599 829 297 3782 3707 4116 2668 1694 3925
503067,3276 2728 2278 4554 2837 3651 2528 431 866 2087 2340 3009 3146 1133 4558 867
3106795,245 4964 3951 4587 2034 1694 4791 1990 1516 470 4221 1015 3499 3778 4179 4471 714 1568 4320
1538344,4317 3406 1321 420 1337 895 2328 4021 2921 2831 361 4494 2008 2320 4450 268 2583
866227,3574 4558 4871 4727 3916 4027 4587 245 4168 3951 1990 2034 1356 1596 4964 3778 1694 3148
745173,2992 4116 895 2921 4357 4987 1337 1701 1307 4867 3983 1947 2030 2138 3116 3642 962 3036 4053
3761115,424 3062 3946 982 4292 3277 2983 900 1321 3136 4302 3587 430 4850 4736 2586 2025 875 4758 4317 4357
3277670,1307 112 2831 4317 1321 4021 2029 3782 420 3198 245 4053 4357 4938
1905554,245 4964 1694 193 1990 1015 3197 2034 1516 4587 2431 1446 4221 3778 4791 4179 4471 2921 2583 4987 271
3232614,245 4357 4179 4221 4987 4964 3778 2992 3969 2034 3197 151 1694 193 1493 112 4116 1516 1015 4867 4791 3116 714 4587 3983 4565 1990
1161589,3136 930 2025 3478 2837 3651 875 2659 4541 2728
2129814,4871 1990 1628 3574 4493 3925 1596 3778 3651 2267 245 450 1167 4587 1694 3951 4168
957183,2501 424 4554 4727 3776 930 305 24 2278 1928 2340 3478 4292 709 368 2033 486 3946 2433 3146 2087 866 3587 763 2044
1468000,4471 4587 2034 1990 3136 245 3675 4964 4987 3197 2188 3951 900 2431 3778 368 4221 487 4867 4385 1404 1321 1015 3371 2583 2769 1252 1694 112 4168 1788 1430 3466 2733 1446 3925 4357
3033764,245 4587 4168 4727 3651 3109 3116 4871 2034 4179 112
1549630,2661 2260 3567 2214 1569 4382 4576 4958 4359 3692 2648 644 588 4704 522 4242 1580 4897 4611 3183 441 4848 4684
1510803,3675 1133 2087 3009 4624 4554 3121 3773 4292 4585 685 3489 62 315 1248 3371 4857 684 2402 1928 4289 424 4106 3062 2196 1136 3514 4903 4850
1617126,4027 2034 4727 4587 3148 1990 3951 245 2340 1356 4385 387 44 4558 1167 1395 1775 2728 3466 3675 3916 4964 1694 1015 3778 3925 3136 4471 450
3506762,1749 4871 1167 4791 2565 2625 1596 1199 71 1742 2534 50
3498261,4587 4168 3951 4964 3916 3116 4471 2034 245 3499 387 4221 3109 4570 4179 2188 582 1015 1990 3650
2569857,3501 4644 2927 4438 4820 2124 3658 1275 3480 2576
1272157,4587 3421 3499 4727 4556 930 245
2528021,3478 930 112 900 2025 4317 3136 875 1321 2831 4758 4302 268 3651 3675 420 368 3946
823719,245 2034 2831 112 1990 3778 2583 2099 3925 3951 420 3197 3036 4357 4027 4987 4964 4179
812710,2831 112 3198 3782 1493 4317 1307 2099 2029 268 2034 4053 900 4021 4938 895 1042 3235 3867 2668 1337 3131 420 1321 245 3107
912012,4987 4021 4317 245 4357 1321 2034 3197 1493 3778 962 4450 2831 3925 2583 4221 4131 112 4179 1990 3116 2188 420 4471 223 1430 4116 900 2992 1788 151
1213815,4964 4611 2095 3951 4471 1516 3185 1474 2431 1990 3197 3778 470 245 4320 4221 1568 1430 3383 1322 4179 2583 4987 4867 714 4510 3675 1539 916 2502 2146 3969 450 2111 4587 2034 3116 3300 1694 3863
1209415,245 3969 1015 1575 4587 1321 3778 4318 3675 4179 4964 4221 2034 4357 4926 4987 1990 4791 3197 2583 1694 4320
2112877,3776 2728 3136 930 4727 2837 2956
2290034,3146 709 4554 2728 2837 4558 268 2340 424 4292 866 2278 24 1928 305 4727 3675 2501
3804360,4382 2108 3564 1234 5007 588 3427
2579518,112 151 4357 245 4221 4987 1493 4179 2831 2992 4285 3197 4867 900 1354 3642 2034 4053 4565 3198 4269 3524 2099 4664 4116 3116 4021 3036
2666964,2431 1321 4471 2565 2921 1788 2583 2328 3371 1446 4021 268 4317 895 4987 1990 3020 3778 1450 3675
96144,2034 4587 4727 245 3951 3136 4471 4964 3916 3675 387 1990 4027 2733 3778 4385 1694 3197 1015 4558 1356 3148 4168 4987 2188 2340 900
3067891,2487 4306 1544 4441 3865 2792
2045304,4471 2431 3951 4318 1990 3675 4964 4385 2697 1321 2583 701 2034 1252 450 3778 3020 4587 1430 778 3136 487 245 387 1417
1861738,900 112 4357 245 4987 4269 2831 2992 895 2034 197 3642
2421321,900 4727 2193 44 3776 4311 2880 4139 4587 1301 3148 1297 3211 2423 1473 2899 1257 1694 302
2145510,2600 4779 3440 1825 1440 2382 1990 705
574051,216 315 684 3863 259 4964 3159 2697 779 4627 3829 2146 829 1322 4011 4471 71 4385 4841 2431 328 4320 3571 2508 3371 2137 1538 778 2611 4900 3825 3471 3778 4289 4855 449 193 3916 1252 62 3308 3675 2387 1474
2724337,268 4317 3675 223 4541 1191 2831 3131 3478 900 3085 2921 245 368 3136 420 4987 787 3198 3782 112 930 1321 4938 1701 1307
985560,4554 2087 3675 3371 4289 2033 305 4292 3062 3651 2196 1133 4624 431
2039599,424 3946 3062 3813 900 2340 2297 3136 4850 368 3587 1099 4471 347 4302
786292,245 1493 4987 4357 3524 3197 2034 112 624 1540 4053 4964 4221 1694 1337 4317 4179 4450 2831 2320 2992 193
456246,1337 4317 1701 3406 4987 297 895 3235 420 2921 4021 2831 4053 4285 1307 2328 2320 3242 4357 4131 3524 3707 2668 3782 1059 2992 4496 1990 3131
1367553,4964 1694 2034 4587 245 3951 3466 1990 1015 3197 4179 487 3499 3778 4867 4871
3389856,424 3062 4850 3946 781 982 3136 1099 3651 4292 430 4302 2586 900
3676395,424 3062 3813 4850 1099 3946 900 3587 2297 3136 571 781 3554 982 4302 2586 430
2970633,875 1321 2025 1788 59 4987 571 3136 4292 4736 1450 3587 3478 430 3277 2586 347 3062 2983 1133 2956 3651 930
2755969,2992 4987 4357 2030 1337 245 895 361 4973 1226 4565 297 2921 3242 3107 112 4116 4053 3197 3115 4221 847 4051 3983 4179 3642 3524 2711 3235 2863 2034 3969 3707 151 736 1701
2835499,684 4857 1867 2439 4334 1133 4972 3675 4216 62 3121 3253 1095 3265 4907 1782 566 4985 2725 4471 3894 3514 972 2573 323 3371 1532 1574 2049 2919 2681 1254 792 3773 1964 2362 1480 4142 432 4585
3339375,268 4317 787 3085 1321 112 2831 900 4053 3675 1701 4987 3478 4494 420 1307 3782 3242 895
3511956,3675 4554 2087 431 305 3062 3651 4292 1133 4289 2196 4727 3371 4624 2033 4183 709 1095 3121 4558
990816,2123 4871 2531 2625 1749 1440
2833813,2813 3653 4999 1028 677 995 4958 4611 1514 219 4168 3475 4242 1974 529 149 705 1440
217037,4727 4558 4541 3136 930 24 3478 1293 3776 2837 709 424
2055597,1248 515 4584 566 3773 3468 1268 3062 2868 4855 3121 4624 2439 4585 4526 3946 2919 3985 4264 4896 2780 3675 730 3570 1912 2165 3009 454 3075 3013 3883 4471 4106 3159 3045 3101 3505 2657 2900 1133 2317 675 490 3371 424 3502
3802522,245 112 900 4357 2034 3116 2992 2831 4179 895 2188 4221 4269 1493 4987 4116 962
2421770,3421 3875 3042 4987 4357 1430 1439 3116 245 3968 4964 3002 3151 3969 3463 1321 2583 197 4280 526 4179 4471 1726 2588 895
2245965,3977 1701 2544 268 1562 1220 2315 535 2950 4442 1587 1421 4494 4556 1845 72 3146 112 247 4357 4587 630 2081 1818 2047 3983 3696
622038,2260 4447 3499 709 4727
3447552,3574 4727 4558 2728 302 4027 2425 3148 2099
53868,4357 4987 2583 245 4179 962 4221 3116 2992 1430 4471 3197 2921 1321 4318 3778 2034 4021 895 4889 2950 4116 2188 3036
3540389,1562 630 2728 247 112 709 3696 532 3146 2029 1540
1960169,1562 630 3983 3696 194 1018 713 4664
3537405,1307 1321 2831 112 2583 245 420 4357 4021 4317 895 4471 3925 4318 2034 2206
2954059,3788 4311 3638 3211 4727 3776 2728 2704 3899 302 3667 4558 44 4006
2375874,1133 2278 431 3675 1095 3744 4857 4554 3276 3651 3009 2033 4624 2837 315 62 2439 974 3371
3118140,424 2340 3946 4727 3813 3062 2297 3587 1099
855630,4554 4624 4292 424 3062 1133 4850 3969 3675 4302 3946 982 4585 900 1450 2196 1321 4758 3773 763 3277
2050325,4964 1883 245 3421 4987 4357 3002 4791 4587 3875 1321 3778 526 3969 1788 2034 2081 4179 1587 1252 470 3951 1694
2088712,1321 895 2831 900 2583 112 2921 4021 4317 420 1788 1307 2034 2206 245 4987 4357 4318 1430 268
1402242,4554 3675 1133 4624 3651 3009 2087 4292 3371 867 424 3478 2340 62 2196 4850 1005 4585 4727 2728 3121 4289 305 2278 866 3062
1342503,2921 4494 268 2728
51914,302 4727 4558 3574 2340 3148 4027 3450 2728 44 1180 4871 4587 4168 3917
3467655,245 4357 4587 4964 2921 2992 112 3421 3116 4987 2950 895 2583 1845 361
2630571,1133 4554 3675 4585 3489 4292 4624 4850 3773 424 3121 1248 4113 2402 3009 3062 4903 62 315 982 2087 763 1136 347 3371 4142 900 3608 4106
931920,245 2831 112 151 3524 2099 4317 3197 1493 2034 4357 4131 223 1990 2029 3198 4053 4565 4987 4179 900 2992 662 3782 3917 268 4221 3925 4664
2332226,245 4357 4987 3116 2992 4221 2034 112 2921 4565 3642 895 197
2661309,4317 2831 268 3198 1493 3131 420 1307 223 2029 3867 2921 3524 3782 4987 245 4131 2034 2668 2599 4938 4053 1337 786 829 2099 4027 3925 924 112 1191 1990
776057,4216 1282 1122 3592 3780 1686 4471 317 1162 3061 2713 4266 3471 1643 4324 201 3816 1480 1431 4857 3233 3453 3094 2997 4570 3903
2960295,3829 684 216 2502 779 1252 4460 3722 4096 3825 4964 3471 4790 3675 71 4142 2984 1322 2137 3308
654116,112 2831 900 4357 4987 895 4317 2034 245 1493 4021 1321 4053 3782 420 2099 1307 3524 2992 3198 3197 3107
1951017,4727 4558 2728 1289 2340 4587 2837 3148 4447 3499 2659
2976556,4027 4558 4727 3148 2034 245 3574 2728 4587 44 2340 4168 112 1180 1596 4871 3917 3386 2425 3951
545551,3136 4727 2837 930 24 2728 3651 4541 424 3478 3146 709
3256065,245 4964 3197 2034 4179 1694 4357 3116 4221 3951 2188 1990 582 4587 4168 4867 193 4471 3778 1015
320001,2728 4558 2425 2340 4727 302
2929269,2728 2425 4027 1547 3917 800 4520 4558 1395 2837 4541 315 4
2853878,1596 1180 4871 4027 3574 2425 4225 3917 2099 630 4558 532 2728 4539 44
3321893,1133 3675 4554 4585 4292 3121 3773 3489 1248 4624 424 2402 3062 4850 62 4106 3009 3514 2087 4903 315 982 3371 378 1928 4896 4142 763 1136
1625993,1464 4493 1417 1430 3951 1535 3333 962 2431 1825 1990 4471 3116 2583 705 2188 1247 4679 2921 4964 450 4382 3020
1870779,2921 4388
2941595,900 3946 3136 1321 3062 4758 4302 3502 3478 4292 424
241823,424 982 3946 3062 4850 3587 2297 3813 4292 3136 4302 2586 1099
367059,3675 3121 3371 709 1133 62 315 4289 1388 2087 3009 259 4624 3062 378 2439 4292 684 2196 4183 4106 3146 4585 4471 4380
1162857,2501 4292 424 3062 248 4850 357 430 352 3894 3587 4302 4585 3277 2402 2745 3851 4029 1973 2262 2433 471 2332 4000 1099 4178 3813 982 2586 578 4200 763 315 3514 237 3675 24 4980 4449 3776 1628 751 866 3119 2061 4979 1588 3313 1321 571 3414 3420 2506 2954 2358 3843 1725 2816 3146 368 452 4341 177 3371
3496757,112 4541 3478 268 930 900 2025 2831 245 4053 3136 2728 4987 3867 1501 2921 922 2099 4727 4027
1351999,1172 2988 3536 4280 4058 470 2111 4986 4357 3025 4987 3042 4221 3875 2950 3421 526 1883 2056 1788 4179 1430 245 4679 2583 4471 2034 3116 1321 2635 3463 4964
3337566,2728 2425 4541 4539 4558 3478 2424 3574 2099 112 4027 179 4727 1180 2837
3709644,2831 1493 4317 2034 2099 1042 112 3198 3782 900 3867 3925 2029 268 245 420 2599 3524 3386 4053 1990 3495 2320 4027 3918 2206
1015062,4964 4611 3951 470 2660 1516 1727 1798 3185 4179 1990 2502 1992 3116 3778 4221 4320 4852 2431 4791 916 4471 4877 714 1883 3300 3002 245 4347 4587 1694
2654710,4727 4541 24 2728 3136 2837 4558 424 930 3478 709 3146 1293 3776
258108,2831 245 2921 112 151 1493 4027 2099 3197 2034 3198 3778 3524 1990 2992 630 4587 1337 4053 3036 4179 268 3917 4357 420 4221 900
3263849,2728 4727 4558 3574 4871 4027 1180 2425 2424 1596 3404 4587
2036352,4558 4727 3574 302 4871 3450 2340 3148 4027 3404
2086597,4471 245 4964 2034 3951 3197 1990 4168 3116 4318 2583 4179 4385 1694 387 4587 450 2188 2146
1202361,2921 4494 268 1321 1701 787 3242 930 2025
3169477,2728 4727 3478 4541 424 2298 24 930 3136 3587 3651 1293 112
2529656,4554 4624 1133 3675 4850 424 4292 3062 4585 2196 3489 3773 62 4903 3371 3009 2087 4302 982 1450 1388 315 4289 248
1608883,3081 3136 1788 1321 4758 4292 2565 3675 3062 2921 4987 930 3772 1450 4318 3875 3421 3946 3969 3166
2400653,2034 2831 1493 3197 245 223 3198 2099 112 4317 1990 151 3925 3524 3131 4027 3917 268 829 900 2599 3778 2029 4053 662 3386 3918 2320 4987 4221 420 1337 4021 1694 4131 4450 4179
3811542,1321 4317 268 2831 4987 4021 2921 112 900 1788 245 3782 4357 1307 223 420 3198 3478 875 4938 3675
2642381,1431 4875 1207 4964 4947 3082 4471 4759 2106 4071 1496 3089 538 874 4570 2401 4044 522 1252 397 4491 157 1974 3806 2458 3987 3247 1086 1347 3829 2353 4169 4611 1138 4258 1030 1568 1580 4087 1925 27 3903 4519 1082
1257382,3651 4554 1133 866 3009 2837 2278 3675 4292 431 2340 4624 2087 1308 1781 2196 3146 867
2747325,2034 3916 4385 245 4587 3951 4727 1015 1990 4964 3499 1252 4471 4168 1694 4558 1356 487 3675 305 2431
1785025,709 2837 930 3136 2728 3146 4727 2025 4235 4541 3478
1155779,3136 424 3587 3651 930 3554 4727 3561 368 2025 3478 900 3946 4302 24 2340
1539985,245 2992 1990 4357 4179 2583 4987 4964 3365 193 714 4471 582 3778 4490 2053 3197 3116 1798
708460,685 763 424 305 3514 2501 2278 3843 1072 2262 684 3476 972 3894 1994 3143 315 454 3675 4200 4458 248 1095
311965,4554 424 866 2278 3146 3651 2087 4292 3776 2340 4727 1133 2728 4850 3675 1404 2837 867 845 709 2196
3119450,4554 1133 4292 4624 3675 3062 424 3121 4850 3773 4585 62 3489 4106 2402 2196 982 1388 378 2087 3371 3009 1450 4903 3514 4183
159655,268 4317 3867 2831 3478 900 3782 112 4053 4987 2921 3198 420 1493 1042 1321 4938 1307 2099 2029 4541 223
798964,4554 1133 424 4624 4292 3675 3062 4850 3121 2402 866 2087 3773 62 4585 2196 315 3489 982 3651 378 3371
3858996,3136 3651 3675 424 930 3554 4292 3062 3946 3587 3277 4758 2297 900 1321 347 368 4471 4302 1450 1788 3478 4727 3494
651200,2034 245 3951 4964 4471 4587 3116 4179 3197 582 2188 4168 4357 4318 4221 387 3675 3916 1321 1990 4385
184799,4587 4558 245 4791 2728 1694 2340 3146 1015 4027 4727 3499 2034 175
1696296,4964 245 2034 4587 3951 1990 3466 2583 1694 4179 3197 487 4867 1015 3969 3925
348925,2728 2837 3136 4558 4727 2340 2425
159854,2990 4591 933 4812
3441995,3574 4871 1596 4558 1180 2425 2099 4727 4027 4539 3137 3917
960809,1596 630 2992 245 2099 112 4027 2921 4053 4871 3036 4116 3574 4357 4179 2034 1701 3778 4664 3867 1180 3109 4587 3925 1990 3495
3582919,3062 4292 3773 4624 424 3946 3675 1133 1388 4113 3969 4471 1788 4142 3146 3371 2196 1321 4850 2583 4758
362800,3707 4317 3782 1337 4053 2029 4131 3524 297 3235 2099 4987 3198 895 1307 4938 2831 1701 420 151 1059 2668 3131 4565 4116 2320 3242 1042 3867 2992 1493 4021 112 924 3197 2034 223
1497732,245 112 2992 2831 900 151 2034 4357 4317 3197 2099 1493 3198 4179 1990 4987
942588,2487 2792
106578,2992 285 2685 2921 1544 1990 2053 2382 4388 1430 4179
1212281,1990 4179 245 714 4964 3116 2992 2583 3778 4471 2053 193 2431 4357 2950 1430 1516 1798 2146
1589817,4964 2034 245 3951 1990 4587 4168 4471 3197 1694 4179 450 387 3925 487 4385 3916 2188 4318 3778 2733 2146 1446 1015
3250759,2034 4964 4587 3951 1990 1694 245 1015 3916 487 3197 4385 4168 4471 3466 3778 387 1356 3499 2733 4727 450 4221 1404 4179 3675
2213446,4471 3136 4727 24 4541 2728 4587 4558 2431 424 3916 3951
1419607,4317 3782 1321 2831 3198 4987 4021 1307 2320 112 3925 900 895 268 4116 4053 4131 2583 2099 245 3107 1788
2891609,151 2992 112 2030 3116 4116 1337 4357 3036 3983 4867 4179 895 3642 1947 4160 4053 1307 546 2138 1701 4269 245 4938 962 361 1185 2950 1845 4664 4285
2335200,4964 1516 4179 245 109 193 3197 4221 3951 1694 2431 1990 4471 1798 1322 4791 2034 2146 4357 714 4510 4987 2583 4611 3011 3778 4587 1446 3300 3925 3675 71 582
2908518,4964 4168 3916 4587 3951 3499 2034 1015 245 1694 4385 4727 1990 487 4471 4221 387 1356 305
964090,1585 2919 566 4855 3355 3121 2357 515 1248 1731 2914 3675 4264 3393 490 1176 2725 918 1268 684 4222 3985 3773 128 4183 2780 2439 3009 2165 1252 3159 2153 1450
1259337,4317 1321 4987 268 1701 2921 1337 4357 2328 2831 787 2992 895 875 4053 3242 245 900 4494 420 112 3062 4285 223
3261126,895 4317 1321 3782 4987 112 4053 1307 4116 420 4021 4357 1701 900 2831 1059 4494 1042 1788 2320 1337 2583
1044642,2965 3108 1689 394 1448 529 50 2700 1431 2156
3031989,2921 1990 450 4471 1321 3675 3371 2431 3778 787 1430 3925 1788 2583 2565 2267
2360228,785 1482 2644 3421 2202 1364 4942 4686 3579 2727 2134 4964 3539 2957 4258 4313 3692 4354
1003836,4964 4179 3951 4611 1990 2992 1430 2583 3969 2095 3116 2431 1322 4221 193 4987 3197 2047 4510 199 1436 1798 4471 3778 1474 3036
528131,3776 4586 2899 1473 4000 2061 4311 3685 1034 472 2866 2193 2880 930 900 2610 3587 3368 4139 3850 2927 302 3420 3843 24 2592 1257 4934 4514 2969 3494 4302 4727 2548 347 4641 4027
2850759,1337 2831 1990 4317 2328 2099 151 245 4131 3131 3197 3524 2921 4867 4053 1701 3036 2992 2034 4987 1493 4285 112 4021 2320 420 2599 4179 4357 4496 4116 3925 297 3707 268 630 3917 3778 223
890708,4554 3675 424 4624 1133 3062 4292 3371 3489 4903 4850 3146 2087 2340 4585 709 2196 62 59 4289 347
3465141,3843 566 4955 1777 3450 3143 2932 927 4307 248 3894 4666 2789 2788 216 4289 490 2262 2636 2278 3050 4000 4667 4807 574
3857511,4587 4964 3499 3421 4280 3951 245 4791 3275 4679 470 1990
64968,4975 2793 3650 1095 3196 538 266 1964 4471 3247 1431 2306 1925 3099 1364 3094 1108 1668 644 4216 188 3471 652
1893183,967 1035 191 4027 684 1268 2728 3702 1066 2657 3683 2900 3452 4471 4303 3159 515 2215 2508 4056 2266 3136 490 3765 3210 1574 4136 3689 4855 315 276 3863 3119 829 1803 2837 3101 3917 2387 673 2697
371584,424 2340 3946 3062 4727 900 3813 3136 1099 4471 2297 571 368 3587 4850
2840497,245 3116 2034 4964 4987 4179 4471 4357 4221 3197 962 4867 1990 4168 2583 2431 3951 2188 3778
2782843,2831 268 3478 900 112 1321 4317 245 2921 3198 420 4987 3085 4027 3782
1739731,1321 2814 2445 801 847 1788 3969 4987 617 2583
1284555,4964 3916 4587 3951 4168 245 2034 582 1015 4179 1694 387 4221 3109 4320 1356 3116 1990 4027 3499 4727 2746 4390 3675 3197 109 4471 3778 4558 450 2188
1023429,4972 4216 2362 2710 2573 432 1814 3094 2439 792 2049 1781 2466 2793 1753 2651 1964 4985 3675 4266 1095 4583 1480 3385 3979 1668 1133
2167007,3567 1569 3692 2661 2214 4611 4576 522 4848 4242 871 627 4958 475 2648 2260 4359 3614 921
2107351,3276 4972 431 2278 2439 2033 4857 4558 1095 1133 4658 792 684 2528 2793 709 578 4727
2256511,1596 2099 4539 3495 3867 630 4027 1180 112 532 245 2425 2034 4053 4664 499 4116 3198 2029
1539206,2260 3574 4478 4871 1628 1167 1439 4168 1442
1600940,424 2501 4727 24 3776 4554 2340 305 518 709 3478 2044 4558 3146 3443 1928
3403390,4554 2087 4624 866 3651 1133 3675 2278 2340 4292 3146 4727 3009 424
2397851,1364 2202 2644 4313 785 2134 4686 4964 4354 2727
379819,3559 2818
532131,4317 4053 1321 895 787 1701 4494 3242 2831 1337 1307 3085 420 361 1059 900 3782
541441,1493 2831 112 2034 3198 268 2099 3867 4317 2029 3131 245 4053 3782 3524 3478 3495 1307 4027 55 4541 3386 3197 900 1042 420 1990
3711944,1337 3707 4053 4021 4317 1307 420 297 1701 3782 895 4938 2029 1042 2668 4987 3198 3406 4116 151 2030 4450 2320 4494 3242 2418 3983 2831 4131 361 2992 1059 3235 787 136 112 2921 4357 3524 3642 3131 1493
331712,4554 4624 900 424 4292 3675 4850 3062 3667 1133 3146 2087 3371 867 2340 3478 4585 763 3651 4903 2728 62 3969 347 2565
3839499,4554 305 4727 4292 2087 866 3651 424 486 4624 2278 3675 2340 3146 3478 2033 1133 2837
329456,112 3478 900 2921 245 268 4727 2831 4541 2099 930 4027 1321 4987 2728
3580003,4871 4168 2660 1990 4478 2260 4964 1442 3916 3574 4493 3815 4221 3333 1167 523 4727 4382 2104 2188 2732 450 3778 462 1628 3951 4587 994 2034
1573654,4471 1990 3675 245 4964 2431 3951 2034 4587 4385 487 1252 4318 2583 3136 3778 1446 4987 1321 778 1015 3197 1568
2105452,4624 3062 1388 3146 867 3675 4292 4850 431 3651 1133 2586 2196 966 344 3773 4302 3946 3807 3814 2087 1450 3009 1980 4585
404663,1990 450 3916 3951 1694 4964 4587 2431 2034 1568 802 4168 4221 602 4871 245 3778 3466 387 1015 4320 1167 994 3499 2660 462 4276 2303 1356
2962746,245 4357 197 3197 4987 2034 1694 4179 4221 4964
1188339,470 59 4679 3969 2335 1321 3536 4987 3116 3421 4179 4587 3875 4964 4280 1430 4357 245 1883 1788 1972 4460 3951 3948 3042 2950 526
1967617,2728 112 4494 268 2921 3085 4541 630 1701
3820860,2728 4558 2425 2837 3146 709 4727 3136 2340
1046992,3283 709 2029 4539 1469 4541 391
3385075,2728 2425 4539 4558 4541 1293 2424 3478
2906598,4382 2108 588 1741 3877 2648 1234 2608 1339
2289017,424 2501 24 3420 3776 1928 982 2506 4292 4850 763 248 781 4302 930 3946 3587 1099 910 368 866 3478 1636 2402 2905 518 209 4029 3062 4554 430 1960 3843 4373
354355,709 4727 4558 3146 3651 2837 4554 431 305 2033 1404 4658 2278 1133 2528 867 2728
3797263,2728 3696 4558 2425 1562 112 194 709 3146
3349191,4317 1337 2831 2328 268 2099 2008 420 2921 361 2599 223 3131 4494 4131 3917 2320 381 3406 3925 4053 1701 4987 3782 4496 151 245 4541 875 1990
2134891,4292 1928 3062 1133 424 2402 3675 2501 62 866 3121 4106 2087 4554 4896 3946 248 4624 315 3773 3702 24 4850 3514 3489 3371 2196 910 1173 763 982 4585 578 2439 4613
2316908,2651 4583 3979 1814 3675 1095 1133 1388 62 432 2362 4216 701 2439 1324 4585 4142 4500 3371 4471 2352 1781 4315 3453 2431 3615 2095
3762078,4791 156 4587 4811 3300 4179 4964 3951 714 3499 4221 245 2950 3109 1740 1516 1587 4558
2099360,112 268 2831 900 3867 3478 4053 1493 245 4317 4541 2029 4357 2034 4987 1321 2099 3782 1042 1307 895 3085
1982863,4554 4292 4850 3969 3675 1133 1321 4624 3062 424 2087 4585 4183 3651 378 900 1450 3371 4302 3121
3850538,2583 4471 2921 4318 1321 1990 1430 962 3951 2431 2034 1825 245 3925 4021 4987 3778 1446 4964 2992 420 1788
3863791,2728 2425 4539 4558 1180 1596 3696 3917 3574
3313808,2728 2424 1180 4539 2425 1596 4558 2099
2812731,424 2340 4727 3136 930 3946
2210014,3951 1990 4964 2034 4471 245 4570 3916 1252 4587 2188 4168 3925 3778 4385 1417 3471
3423397,4987 4317 2831 3782 112 420 4053 4021 1493 1307 297 1321 3707 3198 4357 3131 1042 2320 1788 2034 1337 2029 895 3524 4450 4565 4938 900 4736 3406 245 223 136
2198978,2921 1337 1321 2328 4021 2445 1701 3242 4317 2431 1446 4053 4494 3707 2668 895 1059 1788
893284,216 684 3829 779 315 1538 4855 2508 3159 829 449 71 3825 259 4289 4627 2146 3571 3916 2697 62 3371 2387 4841 1574 4964 3675 3985 2611 4008 328 3863 3308 4320 4011 2137 1322 3471 4385 1252 4900 3778 3121
152581,2992 2921 1742 4388 3036 2053 1337 630 2583
203449,4727 3136 4541 2921 2728 4558 1990 3675
1337508,3136 3651 4317 3062 4302 875 368 930 1321 3478 4292 3277 4987 3146 1788 4471 1450 2837 3946
2380609,3379 44 4587 4964 216 1694 1860 2611 3951 2746 4179 4791 3916 4027 4390 193 2146 3853 109 1072 829 2122 3466
3615825,424 3062 3946 4850 3813 900 3136 1099 4302 571 2297 781
2771058,2728 2425 3696 4558 3137 2921 4541 194
347733,900 112 4357 2034 245 2831 895 2583 1321 4987 4587 1990 3197 1430
3385474,2728 2425 4558 1526 4322
3746106,3136 3946 866 3675 1321 2297 3969 2367 930 4758 648 1450 424 1938 1133 3277 1575
2375325,4964 1990 1474 2431 4221 3951 3778 4611 3197 4320 3383 4471 2034 193 4179 245 2095 4510 2853 1430 3185 1516 3116 4987 1694 3969 450 2583 470 1322 3925 1798 2146
2003310,112 2831 3867 268 2034 1042 3478 2099 786 2029 3198 1493 1307 4027 3495 900 245
1931322,4558 4871 3574 4727 1596 4027 4168 1180 2425 4478
1031151,1694 245 2034 1167 4587 4471 4871 1990 3951 3136 3675 3925 450 3916 1356 4027 3466 462
3212448,245 2921 112 630 1596 2992 3109 2099 1180 4541 4558 2034 4539 2728 2425 4053 4587 4027 1493 3574 1694 532 4871 1701 4168 1844
2435215,3651 3146 4624 305 3675 866 2087 4554 4292 2278 2340 709 4558 1628 4727 2196 3062
316297,285 2053 1544 2382 2992 1990 3490 4441
776613,4587 4727 3916 3951 4558 2034 4168 4027 245 4964 1356 3148 3499 2340 387 4871 1015 1990 4221 1694 3778
1137191,1293 2728 4539 4541 24 1180 2425 4558 302 3283
972883,112 268 2831 245 4317 1321 4987 900 4357 4053 136 1307 3131 420 151 1701 895 1337 4938 1446 4021 2034 4867 4587 3197 1493 2320 787 2992 3242 2668 875 1059
3700679,1474 2980 3683 1035 2431 4988 2320 4900 4471 1120 4475 2919 1990 684 2034 1072 1336 487 3119 4029 1694 3702 4135 4926 2215 2153 245 2043 3608 2611 4587 3355 3580 1170 918 2149 4964 2526 2508 829 414 3466 71 4862 3863 3925 450 3981 4136 4303 2595 1816 3383 193 1154
439956,4558 2728 2340 2425 4727
3681700,2793 4972 4857 1095 2466 4376 1839 866 3928 4636 1133 2278 4807 237 203 3632 3276 3437 2287 3675 4778 2528
1480077,3969 4987 4357 2992 847 1321 1430 895 245 197 2431 2515 4318 4926 4116 2583 4471 3115 2921 3242 3107 1226 736 2445
78357,4681 3094 4181 2242 4242 1341 3933 591 2994 2049 2003 221 4379 1198 4825 2573 4471
107830,1596 4027 1180 2425 2099 3574 3917 1742 245 4558 4871 3925 44 2728 1990 4539 2424 3867 1844
3141396,1574 3571 3713 449 2972 523 2153 2534 1860 684 2611 490 4855 2595 3740 216 4011 6 4879 75 4136 4471 2928 829 984 2803 2101 1281
2136415,2431 4471 3951 2697 4964 4318 3863 701 2583 2095 2039 3116 4179 1990 3020 4889 358 1252 1322 1446 4787 4926 245 1430 1417 2594 1321 4867 3011
343080,4317 3478 2025 223 4987 268 4736 112 1321 900 368 4302 2831 875 2921 420 4357 3946 4758 1788 3651 245 4541 3782 2298 786
2828132,4539 2728 3436 1293 2425
1478510,4964 3951 245 4587 1694 2034 3279 1990 3185 3197 4791 1015 3778 4179 4320 4867 3466 1516 3499 450
3741957,2992 4987 245 4357 2515 895 736 3115 2921 4116 4998 2034 3001 3116 3107 1629 112 3969 1321 526 3642 4221 1403
3587038,4727 3574 4558 4871 302 3148 3404 3136
933530,1321 4317 4471 2583 3675 4357 4987 4318 1446 1450 895 3969 3406 268 875 3062 420 1788 1430 4021 245 2431
2303131,4311 3788 3211 2728 3638 3776 4006 302 3899 4727 2704 44 3667 4558 3866 4027 2880 4539
2212136,895 112 2921 245 4987 4357 1321 361 2992
1492851,3524 2099 245 112 2831 151 1493 3197 2034 4053 3917 4664 3198 1990 4357 4539 4317 1337 4179 630 4987 4565 2029 3778 1694 2992 900 3867 4131 662 4027 4221 582 55 2921 268 109 420
59071,112 2728 4541 4727 3478 900 4558 2099 786 3148 302 245 2831 3136
514218,2034 4471 3951 4385 4587 1990 4964 245 4318 450 3675 2583 387 1321 2431 3925 3778
1239019,4587 245 4964 3951 1990 3421 4179 3778 4221 3969 1321 4471 3116 1252 4987 2594 3002 2034 4406 1788
895700,4727 4558 4587 3136 4871 2728 2034 4027 245 1356 112 4541 3916 302 930 2099
1663568,4554 3675 3062 1133 4292 4624 62 4585 3371 424 4850 1450 3489 2196 3773 3121 4903 3277 2565 1388 59 378 763 4113 4289 4302 900 4758 4424 1173 2087 1321
2590801,4317 2831 112 1307 268 1321 420 3782 900 3478 4053 223 3198 245 2029
1093386,245 1742 4964 4871 1015 4791 1990 4587 2146 3300 1694 2583 4179 3916 3778 3951 4811 109 4221 2992 1757 2565 450 3675 2431 4471
492451,4382
1610872,4541 268 223 2831 3478 4317 3131 1493 1191 3198 245 3782 2099 112 900 3867 4987 2921 4027 3136 2034 3675 786 4053 55 930
259962,3675 3773 1133 4292 1928 3121 4554 3062 62 2087 3489 2402 3514 4624 4585 685 3371 4289 4106 3009 1136 1248 424 315 2196 4850 4142
2688897,847 1321 895 2921 3242 3969 2445 3107 3163 2565 1788 2814 4494
850552,2573 4857 674 591 2049 4216 4972 3933 1814 792 221 1964 3094 1480 2362 2439 1264 432 1095 1195 2617 2710 2625 3453 1108 578 2352 1341 4030 4985 4907 4681 1133 2466
84934,4611 2431 4471 1474 3185 4964 1990 2853 3951 4320 3969 4221 3778 4179 4510 3116 3197 3383 1430 4926 3675 1798 450 245 1322 1516 2583 4987 2034 714 193 2095
1798065,930 3136 2728 2025 2659 3478 709 3146 2837 245 4541 4727 4587
1295470,2034 245 112 3197 4357 4179 151 1493 4221 2831 4987 3116 900 2188 2992 4587 3778 582 4964 2099 3524 4317 1990 1694 3198 4565 4053
2538771,4053 3642 3707 4357 4116 112 2992 4269 4565 3197 151 895 4987 1337 297 2029 3983 2034 2099 3782 1701 4317 4664 197 4131 3778 3036 245 1947 4221 900 2030 2719 4938 3524 4867 4450 3198 4021 647
3584783,2831 1493 3131 1191 223 268 4317 2407 4541 3198 829 4027 2034 245 2099 2599 420 1990 662 3925 3524 2029 3386 3917 151 3197 3782 2921 3867 3478 1337 3778 4131 4987
2232332,4558 2728 2425 1180 4541 302 3574 4727 3478 2424 4539 2099
3449421,4624 3146 4292 3675 2087 3651 3062 867 4850 1133 1388 424 431 2340 3009 2278
2682568,245 2034 4317 3197 1416 1493 4964 3163 1694 3925 4051 2599 4053 2831 3918 4987 112 4565 4357 1990 900 420 2206 2099 3782 895
413278,4317 420 2831 4021 112 2320 2034 1321 3198 4987 1307 2583 3197 3925 4357 245 3782 4053 4450 3131
1679289,2831 112 245 2034 4317 1493 900 4357 4987 420 1321 268 3197 4021 4053 3198 2099 895 151 3782 1307 2992 3524 4116 3925
2852674,1430 1464 2992 1990 2382 1544 4388 2685 2921 3036 285 2053 2583 962 2431 3440
3914313,2728 1293 4558 4727 24 302 2425 3478 3776 4541 4539 4027 3574 2298
181683,424 3946 3062 982 3136 4292 3813 4850 3587 2297 368 4302 4758 1099 1321 3502 571 900 2586
895495,4871 3574 4478 2260 1628 4558 4727 4168 1596 2732 1167 1544
1624581,4558 4727 2340 709 2837 2728 3136 4587 1289 3146 4447
983113,4964 4471 3951 4385 4587 2034 3675 2431 1990 4168 1694 1015 245 1252 4318 450 3916 2188 387 3136 3778
812681,3009 3675 2528 3651 1133 2439 2278 2728 3276 4857 315 2087 2837 2340 4554 4558 431 1308 305 2033 684
3917445,2728 630 1596 3917 4539 4664 2424 194 2425 2099 3696 4225 4558 2992
3009669,268 1321 1701 4317 787 3062 4494 1337 3085 3242 4541 900 875 3478 2138 2418 368 2921 361 4053 895 3136 3675 1450
3285683,4471 2431 3675 4964 3951 1990 4318 3020 701 1252 2697 2583 450 551 778
197605,4587 2193 2423 1404 1990 4027 900 4494 2432 3925 2899 3197 3466 4357 3778 816 3946 3951
1598242,2728 2425 1293 302 4558 3574 4539 2100 3283 2099 4727
3779298,4292 3675 4554 3062 1133 1388 4624 4850 1450 3946 3651 3146 3969 3121 1321 2196 3371 4758 4142 62 424 4302 4585 3277
2884839,3574 4727 4558 302 2728 4027 4871 3148 2425
39890,1493 4317 2831 3131 3524 420 3198 3782 2034 2029 4053 268 2099 245 3707 223 4987 112 1990 3197 3867 4450 3925 1337 2599 1307 1042 924 2320 151 1694 4131 3386
2532854,2728 2099 4727 4558 302 112 24 3148 4539 1293 2425 3478 709 3776 3574
3747734,1535 1464 1247 3333 2431 705 2344 3951 2685 4493 1990 1825 2921 4382
2519555,1042 1321 4317 900 1493 420 112 268 2831 3782 1788 895 4987
2011755,424 3946 2340 3813 3062 2297 1099 3136 900 4302 4850 368 4560 4471 3587
2859592,3062 4317 4292 875 3675 4541 900 424 3136 3946 4471 1321 4585 930 4850 223 3277 2328 1450 4494 2728 3502 1173 1337 2332 2565
1881359,4964 3951 2034 4587 3916 4385 4471 1990 245 387 4168 3499 3778 4727 450 2431 1694
1242502,2487 3865 2382 1544 4306
1932504,245 1694 1493 4964 3917 2728 2099 2831 2034 4317 3197 1990 4053 193 109 3782 4357 4027 4539 4811 4987 2992 532 112 271 4450 2599 3524 1395
3161704,4871 4558 4727 3574 2104 4168 4478 1628 1596 3404 4587 2260 1167 1742 4027
2182976,4357 1337 245 4179 3197 4867 151 2992 4285 4317 3116 4221 4053 112 297 895 2034 4987 4565 4021 4116 361 3707 582 3642 4131 1990 1798 2099
1196418,900 112 1321 3478 930 268 4357 4317 4758
109239,424 4292 4554 3062 866 1973 3675 430 982 2501 1928 3146 4302 3277 4758 4029 3554 1099 751 1133 24 1321 2278 3478 368 2745 3371 352 1450 1035 3587 2196 4585 2340 930 3813 4850 486 3651 1276 4317 2433
2384076,1596 2099 4871 532
1141830,3283 709 4539 391 1293 3436 4558 1469 302 2029
2620562,4987 245 1897 4357 4565 4221 2034 3116 2992 4179 197 3197 526 4269 3642 112 895 4964 3969 193 4116 1694
682710,930 3136 2025 3478 866 2956 3651 4541 2837 112
1053823,2992 2053 1990 1544 285 2382 1430 2921 4388 2685 3036 3778 1185 962 2692 1464
2229153,644 4875 3965 2281 2214 2756 522 3233 1431 1387 4073 874 2022 1162 1224 3987 1207 3212 2687 448 1509 2127 2754 2961 876 4460 3068 3247 741 3481
696357,3136 930 4727 2837 2728 2956 4558 3146 709 2659 2340 2025
2168028,2431 1430 1464 1417 3951 962 1990 1535 4471 4964 4493 3116 2583 3778 2685 4318 1825 4179 3333
2176197,1596 4539 2728 2424 2099 2425 630 532 1180 4027 3917
2629435,112 245 2034 1694 532 2155 2099 3782 2029 2831 4053 1493 3197 4539 4565 4987 4357 4664 4317
1695927,2831 1493 3131 4021 3198 4987 112 2668 2034 4736 245 420 4450 4317 3524 151 922 1337 1354 3778 1307 4938 268 1321 4357 4285 2029 3197 2921 3107 2992 223 1990 900 4053 1042 2599 4131 3235
3636799,1321 2565 1788 895 3969 847 1026
3747642,4558 2340 2728 2746 4447 4727 44 4587 1757 3499 3148 4791
3580575,4587 4027 2034 4727 3951 3916 245 3148 1990 4964 1395 387 4558 2340 1694 1356 1167 3136 1015 487 3776 4385 4168 44 3675 4471 4390 450 3466
3222188,2150 4216 3791 3829 2609 792 538 221 1198 1431 3233 566 2754 1349 2912 1782 698 1095 2362 1252 587 4266
2395476,4471 4317 245 1321 4987 2320 4357 2034 2831 900 2583 3197 4318 3925 2431 112 2188 4587 487 3062 1446 1788 1990 875 3371 4867 3136 4221 3116 223 4964 3466
1606586,4311 3866 3667 2905 2193 3420 1034 3776 4000 2899 1473 900 3685 4027 4424 2211 4727 1257 4029 1017 368 2337 967 3946 472 3211 2224 2728 3433 324 930 3601 2423 4130 4565 430 3443 1349 3224 1414 1230
531896,3951 4964 2431 1990 2697 4471 116 3916 450 2039 3650 701 3020 193 4787 3109 1252 358 2137 2034 245 1417 4587 1694 4318 1322 2660 4385 3778 4179 4841
2579639,4471 245 3951 4964 2034 4318 4385 1990 2583 4168 4587 1430 387 3116 2188
943065,216 4627 3825 449 3829 829 2508 1538 779 315 3916 3159 4320 684 1574 2146 2697 4964 71 2137 4011 3863 2387 2611 4841 3371 4900 4385 3571 259 4289 1304 4471 4347 4008 3675 1322
103859,3977 444 1421 2711 72 4274 2047 112 4679 1436 2950 3983 4269 3874
2982973,1990 4493 3333 1535 3951 3778 1544 1825 802 2921 450 4964 2685 962 2267 4871 3925
345137,4554 1133 3651 3675 3009 3371 1781 866 1308 4292 2278 3121
3220933,433 2215 3468 556 3829 3632 315 4855 684 4142 779 4686 4334 3778 3571 96 1244 3323 193 62 4471 2393
2692918,1149 3675 454 3121 3009 1450 673 2087 4698 2165 4289 3985 1408 3773 4063 4560 2196 4292 3075 2919 62 1248 4585 1320 515 4624 4526 4106 3371 4855 3062 3277
954296,4964 3916 3951 4587 2034 1990 1015 4168 245 1694 3499 4471 487 4385 4221 2733 3197 1356 4179 4320 582 3778 387 3675 4727 3466
2859155,2992 3036 4179 2053 1990 3116 245 3109 2414 1185 193 1544 2382 4964 630 3778 2583
3556982,3946 2565 4964 3778 3675 4791 3062 3383 450 1133 424 3300 1990 4871 245 3722 4624 3951 1015 1742 3146 2431 2583 4554 1430 4289
863754,4558 4027 4727 4871 4587 245 2728 1596 2034 3148 4168 112 3386 1167 302 44 3951 1742 3916 2099 2425 3574 1356 1180 3136
47916,1777 972 3632 1534 1133 1781 4334 998 3121 3675 3702 4029 1994 4850 3894 4216 3009 3111 763 4292 4903 4624 1248 4142 4613 1388 1254 62 982 1095 431 3773 4666 352 2215 4585 454
1634321,1321 3675 4987 3062 4471 1450 4357 245 2921 1788 875 3136 1446 4021 2431 4289
3205301,3675 3946 1321 4758 3773 3062 3136 2565 4318 1388 1133 4292 866
3251331,3136 3946 4292 1321 3062 4471 3651 3675 3813 368 2297 424 2586 930
3729207,4471 4964 3197 2095 3925 4221 245 1990 3951 4867 259 2431 193 2582 4179 2583 2320 3471 4590 4987 4926 2895 3863 2565 847 1742 778 3210 487 2146 3969 1322 900 109 3675 3116 4357 2034
1220074,4471 259 4964 3951 3471 2431 2565 1990 3675 2095 3925 4221 1742 3197 487 245 2582 4926 2583 778 1322 1252 193 71 2895 4867 2146 4179 4008 3863 4590 2039 2320 4987 3383 109 3969
3695301,4763 4207 875 4029 3675 3833 571 140 4317 4200 982 420 430 3119 3258 4110 3277 4585 1337 4850 4053 3731 866 3265 4424 3851 1446 3587 2992 1214 4357 4292 3651 347 1164 3932 2978 3371 315 2870 3121 2328 109 684 4757
3237551,2123 2531 2625 4871 2565
1644974,4871 4587 2034 4168 245 3778 1990 1356 4727 3951 1742 1596 1167 450 3450 3916 4027 4558 1694 4964 387 4221 802
3198892,2728 4558 4727 302 2340 2425 3776 1526
6680,2728 3696 2425 4466 1562 709 194 1540
335921,4727 4558 302 3574 3450 4871 3404 2340 709 3148 930 4027 2728 3136 44 4168 3916 2659 1180 4587
585532,3499 4587 3951 3916 4168 450 4964 1990 802 1356 3650 1694 4871 1015 994 2660 387 245 116
1254515,2034 4587 4964 3951 1990 245 1694 3916 1015 4727 4471 4385 2733 3136 4168 487 387 3675 3197 4558 2340 3499 1404 4027 3778 1356
73624,900 3478 1321 112 1042 930 4317 3675 875 3136 268 2659 2728
1644174,3242 4494 1701 2921 361 3085 1059 1337 3235 895 2138 2418 3867 1307 268 4053 3431 3131 787 2099 630 875 2728 4317
1075518,4471 2095 2583 4357 4179 245 4867 4964 4221 3116 3951 2188 2594 4987 4889 3036 193 2950 2431 4587 1990 1446 1321 3969 962 2992 109 895
3187655,2583 4471 245 4318 1321 2992 2431 1430 2594 1990 4987 4964 714 3116 4179 2565 4357 4926 3365
577014,1829 1095 4471 1133 4857 3094 1964 3111 4142 4216 4585 2439 3518 844 3471 1480
1622446,2728 3574 4558 2425 1180 302 2100 4027 3478 4539 2424 4727 4541 179
2100936,245 112 4357 2992 3197 151 900 4317 2034 2831 4987 4179 3778 4021 4221 1990 4116 1493 962 3036 4565 3642 3116 4131 2921 4867 3198 1947
3019739,1321 3062 3675 268 1450 4471 2921 4317 3136 2488 2565 3502 900 3946
3087732,245 2034 112 2831 4987 3197 4357 4221 900 1493 4179 4587 4317 1990 3116 3198 2188 3778 4021 582 151 4027 4053 2099 3951 962 4964 2992 3524 297 4168
1247932,2697 2431 4471 193 3101 4402 3951 3925 3197 2508 4926 2320 4385 1652 62 1349 4988 4964 2745 487 3778 4011 75 4320 1322 2565 829 3675 4289 450 3159 3371 4179 3313 96 701 2146 1446
3891904,2034 245 4471 4964 1990 3951 4318 1694 3197 4587 387 450 4385 2733 3778 1446
3634964,900 4317 875 3478 268 2025 368 4736 112 930 4541 1321 223 3136 2831 3277 424 3675 4987 3651 1042 4357 24
3344765,4727 245 2728 4027 2034 4871 4587 3478 1742 1990 4558 1694 3136 1596 1356 2099 3450 44 3778
2605606,3951 4964 3916 450 1990 4221 4587 802 3778 4179 4871 1544 1356 4168 4493 2188 3109 193 387 2034 2660 3650 1535 2351 3116 245 2137 3333
347709,1321 268 1307 112 4317 1788 4987 2831 4021 900 2921 4938 895 4357 420 3675 3782
1200069,2864 3680 1190 1580 1954 2842 3732 3934 4242 2811 3492 3232 1448 1653 4681
3419956,2053 2382 2992 1544 1990 285
3702372,112 2831 4027 2034 245 55 3197 2099 4053 3386 1694 3198 151 3495 3918 2029 3524 3478 4317 4987 3131 1493 3917 1844 420 1395 800 4357 109 1990
3682049,1293 3574 3478 2728 2425 3283 4541 391 4558 4539 4727
1028883,578 1782 684 1867 2049 1824 2332 2439 566 792 1574 4840 709 3450 1728 2725 118 4755 4972 2681 1532 1399 1709 4334 496
3343886,1321 4357 895 4471 4317 112 4318 900 1307 2583 875 420 2188
3144190,1321 4758 4317 368 424 3136 875 3946 420 930 3478 3277 4471 900
2391878,1321 3946 2392 1450 3277 4292 1972 3062 1788 3969 177 982 4585 4172 2565 4142 4758 3136 4471 2297 801 2432
3705328,245 112 4357 151 4987 4179 2034 4221 3197 900 2831 3642 2992 4565 3116 4269 2099 4053 1990 3198
509193,895 3107 1307 4116 112 900 1701 2160 3782 3235 4317 3642 2029 4938 4053 3085 2099 268 2992 4357
2034303,4554 1133 3675 3009 431 2278 3651 866 1781 4292 2837 3371 3894 2728 2087 2340 1404
3866677,4857 1133 3675 3009 2439 3121 3371 1781 62 315 2196 1095 4289 1388 4585 3773 4554 3651 3062 4292 305 3450 866 1035 3489 845 4624 1973 431 4142
3113069,112 245 1180 2099 4727 4027 4871 4587 4558 44 2034 1596 3478 4539 2831
3502801,2728 4558 3499 4791 2340 2425 4587 1740 3148 4727 2065 3300
3397400,2053 2992 2921 1990 2382 4388 2603 2600 1544 2832
3487586,4558 4727 2728 2340 1289 3148
1313576,1321 900 3478 368 4317 930 875 3675 1788 3277 1450 112 4736 223 4357 4987 268 4758 3136
2791447,2831 4317 2034 1321 4471 2583 2431 1990 420 3675 3925 245 1788 268 900 4021 2320 4987 4318
1900345,245 2034 4587 1493 2728 112 1694 3136 4357 4494 268 875
2499226,2831 112 245 2099 1493 2034 4027 3867 3495 4539 2921 900 3198 1990 630 1844 4587
1651926,4027 2728 3148 2034 4727 112 4558 2099 3386 245 4587 302 44 2831 3478 2425 3917
3556418,3574 4558 302 4727 2728 2425 3404
3134365,4554 3675 1133 4624 2087 4292 424 3062 4850 3651 3121 2196 3773 3489 866 62 4183 3371 4585
1034204,424 763 1633 2061 3843 685 347 2262 2501 4850 135 1725 3946 3476
3861210,2921 1701 245 4317 2831 4053 112 2034 1337 4116 3242 2099 2992 420 4357 4179 3524 3925 4131 3197 4987 3778 1493 1990 3036 895 3867 3782 2583 3198
1634277,1339 4382 4607 588 2648 2344 1028 2608 995 705 1741
2922273,268 4317 112 2831 3867 900 1321 3782 895 4053 1307 420 2029 2921 2099 1701 3198 1042 4987 3478 4116
3576685,2034 4587 245 4964 3148 3916 1694 1015 3951 3197 4168 4027 1990 4727 4221 3778 4390 2340 3136 487 4558 3499 1356 2188 1404 4179 4320 387 2746 44 112 3450 3466
1350550,895 4317 112 1321 4021 4116 1307 900 4987 2831 420 4053 4938 1701 3782 4494 2008 136 2034 268 4471
3559675,4587 3136 3916 4727 4168 4471 2431 1015 4964 3499 3951 3675 1990 4558 1694 245 4871 1356 305 4385 2034 4221 1252 3778
2479903,3951 4471 387 4587 4964 4385 2034 4318 2583 1990 2733 245 487 3916 1252 1694 3197 4027 4168 2146 3925 3675 3466
3108472,3136 930 2025 3651 3675 2659 3478 2837 2956 4727 4292 4235 2172
2156898,112 268 1321 1307 245 900 2831 3478 4357 2034 2029 3867
550764,1493 112 2831 900 2034 4317 245 420 1042 1321 268 4357 2099 3782 4053 4987 3197 4021 3925 3198
3659239,3574 1596 4871 4558 1180 4727 2425 4027 4168 2099 3404 3137 44 245
184665,1321 4987 3062 3946 1788 3675 1450 4357 4317 4471 4292 3277 4758 3136 3502 875 223 3969 4736 368 900 420 3814
3071622,4554 866 2278 431 4727 424 305 2837 1133 2501 3651 2340 3146 4292 486 2033 930 2025 3478 24
1388334,1321 2583 895 1701 2921 1337 361 4494 2445 4357 2328 4317 1307 268 4021 3969 4987 2992 1446 112 4116 2431 2206 4867
3353524,245 3197 2034 2831 112 1493 151 4357 4221 3524 1990 4179 3778 2099 4987 582 2188 4450 900 4587 4964 2668 223 4317 1337 193 1694 2992 4285 4021
1132982,2921 2565 1321 895 3242 787 268 4471 1337 361 1533 4021 2418 4116 4987 4494 4317 1446 4867 1701 1307
471201,2927 2124 585 3914 658 2341 280 2880 4014 238 3097 1350 2276 4101 2245 997 764 2250 3067 1443 4139 3480 3501 3678 1193 3500 2459 1280 1014
2161669,3675 1133 4585 3489 4554 315 3121 3009 4292 1248 424 4624 2087 4850 3773 1136 2402 3371 62 1928
3512752,3062 982 424 4292 3946 4850 900 1099 3136 3277 2586 4302 430 1321 3675 875 4317 2297 4736 3969 571 4758 3651
2301264,245 4964 3951 4587 1252 2034 1990 1694 2431 4471 3778 1015 4791
1101276,2439 578 566 4972 4857 1782 792 2049 3450 1399 3129 4907 2789 970 23 1532 4380
2923050,245 1493 1694 2034 1540 112 2831 4357 3197 2921 4494 3524 4964 4053 4179 4587 4987 624
2363873,268 4494 875 2921 3242 112 3478 870 2025 787 2138 1701 930 4541 3085
3105616,1493 2831 151 112 2034 245 3524 3197 4317 3198 2099 4021 3778 1337 223 4987 4053 4285 4027 4450 829 2029 1990 268 3131 2668 4221 3917 4736 4131 420 4179 2599 662 4357 900 1354 3386 3925 109 582 3707 3867 4587 4938 55 2992 4565 4539
618757,1493 112 2831 2034 900 245 2099 3198 420 2029 1042 4317 3197 4053 3495 4027 3524 1990 268
1486162,245 2431 3951 3778 4318 4964 4179 2583 1990 1430 4471 4357 4987 714 1321 3116 3969 3197 2565 2095 3675 2034 1568 3300 1446 4587 4867 193 450 1992 3875 4926 3079
401728,1701 1818 2711 1421 2030 247 4494 112 1562 268 4973 1318 444 1307 361 3977 4274 2544 895
437163,895 2921 2992 900 112 245 4116 3242 4357 2099 3107
3399027,895 4494 112 1701 136 1493 245 361 2030 4357 4053 1540 3918 2711 2206 1818 2921 4317 2831 3242 1321 4160 3115 4987
727648,1990 4964 3951 450 3116 4179 4587 802 4320 3778 3109 4471 4221 3916 2431 1430 2188 3499 1694 582 4841 4570
3577810,2728 4027 4727 3478 2424 112 3136 1742 4541 2034 245 900 2831 2099
2648540,4361 4114 2301 568 4938
3602342,3778 245 4221 3574 4587 4179 3450 4871 1596 4027 3197 1742 4168 2034 2188 4964 4727 487 4357 1990 4558 3109 1628 4390 3925 44 2146 1694 3951 3036 1180 193 1015 3916 112 2099 109 2992
1039515,2439 1928 3675 3450 2681 566 4955 4857 4907 684 1399 709 3010 1532 1095 4106 4874 2508 1254 62 970 2789
1089984,4317 875 4736 900 268 3478 2025 223 4541 112 2983 3277 1321 4987 930 2831 424 1042 420 4357 3782 368 3675 3131 1788 1414
409318,302 3574 4727 4558 2728 4871
1814730,4027 3574 1180 44 1596 245 3450 4558 2425 2099 3917 4587 4727 3778 1694 4871 2034 55 2746 4221 3197 4179 4168 4964 3386 1395 3137 112 3148 1990 1844 786 1015 2728 3918
3486421,3478 4541 900 930 2025 368 112 3136 268 875 4317 1321 3651 3675 2728 2831 2837
2764631,4964 3916 4587 3951 2034 1015 4168 1694 245 1990 4320 4385 450 4221 4471 487 4179 582 3778 387 4727 2746 3197 3675 4390 2340 2146 4027 1356 4558 3499 3466 193 3148 2733 1395
3344030,112 2831 2034 245 1493 3198 4357 4317 900 2099 4053 3197 3782 3524 4021 2029 4987 4450 1321 1307
3638772,3976 4471 4444 2304 2921 4611
1824785,2921 1321 1337 2328 2445 4987 1533 847 3163 2992 245 3242 1788 4021 420 1742 2565
2174674,424 3136 4471 368 3587 3946 3554 900 1321 4727
960929,4727 4871 3651 3574 3450 3136 4558 930 3478 245 1742 4027 368 4587 2728 4541 1596 3146
1690875,3136 930 4727 2025 3651 424 24 3561 2837 867 3587 4541 3776 2659 3675 3450 368 3494 3478 3946 2340 2501
2122646,1321 895 2583 3406 2921 4317 2445 4987 4867 2431 4471 4021 900 420 1337 4357 1701 2206 2328
3807136,3094 4681 591 2994 1753 3385 2573 2710 644 1668 4216 4985 1387 2003 4266 4825 221 1695 1884 1108 2793 2864 2022 4195 4242 4471 1138 1411
1931891,112 2921 2728 4494 2099
2909139,424 3062 3946 982 4850 1099 900 781 2586 4292 4302 3136 430
806564,4554 4624 3675 4292 1133 3062 4850 3651 900 3969 59 966 4903 4302 3608 571 347 4565 3814 1388 867 3489 2196 4029 424 3146
3551197,245 2034 3197 1990 3778 1596 3925 4027 4587 4964 4871 4179 4221 4168 3951 2188 2099 1742 1694 450 3450 3036 112 3917 3478
3792001,4388 2487 3865 2921 2685 1544 2992 4441
1874237,2728 4541 3478 2424 4727 4027 112 2099 3136 2425 786 302 4558 930
3291321,4292 867 1133 4554 4624 3675 3651 3062 1173 3478 3121 4850 344 4302 2196 673 3561 3371 3146 4183 4903 866 900 875 62 4585 1450 1522 4289 1321 3489 347 1388 3969
2477289,3062 3946 424 3136 3502 4292 3675 4850 1450 930 900
2412122,112 630 4664 4053 3867 1701 2029 4539 268 2099 151 532 3085 245 1501 1307
820047,4791 4587 1694 4558 245 4964 4811 1015 709 3146 3386 3951 3136 2728
2734357,4964 4471 3951 245 4168 3116 4587 1694 4221 3916 4179 2034 1990 3675 4852
1693639,245 193 4179 71 2992 4964 582 315 1990 4357 2146 4811 271 1516 4221 3197 2053 151 109 1694 1185 2921 3036 3365
2678493,4727 3148 4587 4027 2340 2034 44 4558 245 2728
2141399,424 3813 3062 4850 1099 3946 2297 3587 900 781 3136 571 982 3554 4302 4471 2586
3840443,4317 2921 2814 2328 2831 268 2008 3406 315 1337 900 4494 420 361 3131 1742 3925 2320 223
1210745,2034 245 112 2831 3197 2099 4587 4027 1990 900 3778 4964 3951 44 1694 4179 4221 4357 1493 4727 3925 4168
3095495,4587 1694 3916 4727 4871 450 4558 2034 3951 1990 4168 4964 245 1015 1356 3778 3499 4471
555353,3136 424 900 4471 1321 3946 3062 112
3780892,245 4357 2034 4987 112 4221 3116 4179 4565 3197
959657,4317 3478 900 4541 875 4736 112 268 2831 2025 24 223 1414 930 424 368 4053 4987 1042 1321 2728 3277 4357 3782 2983
913197,3136 3062 3946 424 4292 900 3554 3813 2586 4850 2297 3651 4302 347 368 4903 3675
3306160,4471 3675 245 1321 1788 2583 1990 368 2034 3925 4318 2431 4987 900 4587 1252 1430 3197 4317 3951 3136
2216277,3136 424 930 3651 4727 4292 3587 3062 3675 3554 3946 347 4302 24 2837 3450 3561 368 2025 3776
136655,3867 1596 3085 268 2099 630 2424 361 1701 4027 4225 1742 1180 3198 1307 2921 3242 4541 3293 786 787 4053 4466
3774989,1321 2921 2565 2583 2814 2445 1788 847 4987 3969 2603 4318
3836256,3197 245 4179 2992 109 315 271 193 2921 151 1337 1990 4964 4987 4357 630 3524 3925 3365 2831 582 4131 71 1694 3036 4450 367 2328 662 3778
2510994,4554 431 3675 4292 3062 1133 866 4758 305 3651 2196 4302 2087 4624 486 1276 2033 4183 1095 3277 1321 3371 3478 4289 3146 2278 816 3476 1928
778900,2831 420 4317 112 1307 3198 1493 3782 3867 895 2921 2034 268 2029 1321 2099 3925 900 4021 4053 1042 245
1637202,245 4357 2034 4987 1493 3197 2831 962 112 4317 1321 4021 3925 4179 900 4221 2583 2992 4471 3778 268 4587 4116 3116 151 1990 3198 2921 2320 1430 4889 4867
480332,2728 4541 3478 4727 2837 3136 930
2755193,424 3062 982 3946 4292 3136 4850 866 900 2586 3651 1099 4758 3675 3813 930
2586864,4583 4585 3946 263 4142 4711 4850 2432 4180 4698 1321 177 4471 2586 1450 1388 982 3277 2328 801 4029 4292 3969 763 3062 62 3136 3101 4424 3773 3406 1636 1803 816 248 4855 1577 4926 2900 3075 3810 3851 1252 2989 1133 487 352 2565 676 2863 684 378 2626 515 4387
342461,3675 3121 4289 3371 62 566 2439 378 4855 1133 2508 1095 4380 315 3985 4106 684 4554 450 3062 3916
1095872,1493 2831 2034 112 4317 3524 420 2099 245 4053 900 2029 3782 1042 4987 1990 3867 3197 4847 3198 297 3925 3707 3495 268 2719 4357 2599 4565 895 3131
761060,4727 3776 3136 424
1713664,4471 2431 4318 450 1430 1990 2583 3951 3020 1321 2095 4385 1568 3675 4964 4276 2697 3371 4889 4587 2034 962
3869802,4493 2685 1464 1535 1544 705 3333
1553436,2728 4558 2425 709
1771522,1493 2831 3524 2034 4317 3198 3131 268 245 3867 2029 223 420 2099 2599 4027 1990 3197 3782 3495 3386 924 151 112 4053 4987 829 3925 1042 1337 55 4450 3917 786 1307 2320 271 3707 297
1537348,4554 3675 4292 2087 1133 4624 3651 3062 866 4289 2196 3121 3009 424 3371 305
640639,4541 24 930 3776 4727 3478 424 2837 112 3136 2025 2728 2099 2298
3509119,2431 4964 4611 3951 4471 1430 2583 1990 3969 1474 4926 2095 4987 3778 199 4867 4510 3197 3185 4318 1322 245 398 1568 3116 1424 4179
3582336,1364 2644 2658 3485 362 1536 4354 1968 358 4964
3645084,4727 4558 4027 3574 3148 1180 2034 2728 245 4587 44 4871 2099 2340 1596 2425 3478 112
984575,4382 1448 2156 4999 3427 2648 995 3564
426179,245 2034 4471 1321 2583 4587 112 900 3951 1990 4987 4357 2831 962 4318 3778 4964 3197 1430
489408,4317 3198 1493 4021 2831 1337 3782 2029 3524 4131 3131 2668 151 1307 223 2099 2034 4053 112 268 4938 2320 2921 4285 4987 3235 420 3707 3197 245 3925 4450 4116 1990 297
3769432,112 2831 245 151 3197 4357 2034 3198 4317 2099 4053 3524 2029 420 4021 4987 4565 1990 4179 2992 3782 900 4160
1250033,2921 361 112 245 895 2008 2831
2905793,1990 4964 450 3778 4471 245 2034 3951 259 4587 2188 3197 4570 3925 2534 4168 1430 3875 3675 1321 4871 3471 387 1742 4385 4758
1312908,895 2921 4116 420 4317 1701 2831 2320 2206 3242 4053 1321 2099 4131 4494 1307 3925 361
364950,2600 2603 2832 1990 2053 2992 2921 4388 4549 2382
3672923,112 4053 268 2034 3867 2831 245 3478 3198 900 1493 4541 4587 2099 1701 2029 4027 3136 4938 4317 4727 1501 3495 1404 3782 1307 4357 1321
1123215,245 2034 4471 3951 4587 1990 4964 3916 3675 4179 4221 3116 3197 450 1015 387 3466 4889 4987 1252 4168 2583 3925 3136
2127026,4317 2831 2029 3782 4021 420 1307 3198 2320 2034 2099 245 4450 4053 3707 924 2668 112 3925 3867 3524 1337
850619,245 4357 1321 4587 2034 4179 3116 900 4471 4221 3197 112 4867 4987 4964 3951 2188 2583 1990
1727150,4587 4471 2034 1990 3951 4964 245 4385 487 3466 387 4168 4318 3916 3925 3675 2733 1015 2188 1694 1252 3136
1900694,221 4985 4266 3094 2710 3233 1224 4216 85 591 792 4471 4681 2022 2466 644 1909 1668 3079 1753 4972 1827 2793
2839831,4317 420 2831 895 3782 1307 4053 3707 1493 4021 3131 2029 3198 4131 1042 4987 2320 900 1321 1337 112 297
3135097,245 2728 4558 4027 1844 4587 4541 1694 2034 2921 1596 2099
973359,4857 3675 2439 62 1133 3121 315 684 1095 3371 3009 4380 3489 4289 3276 3450 4554 1254 4292 4585 4106 431 1781 2196 2278 709 566
3302296,3062 1321 3946 3136 4292 1450 4585 368 982 3502 4758 3277 4850 3969 4302 4471 875 2586 900 3675 2565 3813
2236856,3276 2793 4972 4857 2466 1095 3094 1839 1718 4636 4869 2528 3102 1625 1909 1198 4426 4807 3061 3193
2366613,1596 4871 2099 1180 2728 4558 2425 4539 4727
820285,424 3062 3946 3136 4292 3502 4850 930 3587 3813 3554 3277 2297 347 4471 3675 4302
1300360,245 4179 3197 1990 2034 4357 112 3036 4587 3925 3116 2992 4221 3778 2831 4964 4116 2188 3109
2907239,112 900 2831 245 2099 2034 1493 4357 895 1042 4317
3079620,2728 1293 4727 4541 4558 24 112 2425 3478 2298 302 4027 4539
3088465,424 3062 982 4292 3946 4850 3136 900 1099 2586 866 3813 3651 3675 3554 4903 4302 4758 2297 3277 1450 378
2090500,4168 4587 4727 245 1015 2034 3148 2340 3916 4558 4964 3499 4390 3951 1694 112 3136 4027 1990 4471 305 2188 487
277578,4558 302 3574 4727 2728 2340 2425 2099 4871 3148 3404
2073023,3675 4471 2431 1990 2034 3951 450 1252 4385 4587 3778 2894 4964 245 3916 2697 3136 4841 2137 4318 4487 3371 387 487 829 778
1435562,2065 245 2950 4357 1493 1587 4179 1701 4587 1845 4964 4987 4221 3300 2583 2992 624 1818 112 3146 268 2921 4556 1819 3365 3116 4679 4510 361 4734 526 3421 1216 193 2081 1516 1421 3874 444 1540 1337 109 4442
1799159,4168 4964 2034 3136 4471 245 3951 4587 1694 3916 1015 2431 4385 3675 487 4558 387 4727
3644617,112 900 2099 2831 2992 2034 4116 895 4539 4053 2029 3867 4357 245 3198 4664
3735636,4027 3917 2099 1596 44 2728 245 2746 3495 1395 55 2425 1694 2831 2034 4558 1180 1844 4539 112 3137 3197 4179 109 3918 4587 532 3386 630 3109 4964 1493 786 3574 4168 4727 4520 2424 4664 1990 175 1356 193
2948851,4727 4558 4027 3148 3574 4168 4587 302 2340 2034 2728 245 3916 3951 4871 3450 44 2659 305 4964 3499 1596 3136 24 1990 3478
3452508,2728 2425 3776 4558 302 4727
1823366,1990 245 2034 450 3197 4964 3778 4471 3951 3925 4587 4318 1321 2583 4168 2188 4179 4871 1596 487 387 4512
3831113,1493 151 3198 112 2029 3867 2099 2831 1337 268 3524 4053 4938 2668 3782 630 245 2034 4317 3917 3495 662 4664 55 3131 2992 1701 3235 4539 3197 4027 4285 223 1501 1307 2719 2599 4736 4450 3707 922 4160 4987 4021 4357 924 1990 4565 297 1354 3386 3778 1191
3405653,930 3062 1321 3675 3136 2025 875 2921 2565 4758 3969 3651 1788 3277 2328 3478 787 4292 245 4987 1450 3242 3946 3990 4471
2098525,847 2583 4867 4987 3969 4964 1321 3197 4471 895 2565 4357 245 1337 4926 1430 4221 2095 2431 2206 3925
3205208,2728 4558 2425 709
2686790,2992 4357 245 4987 1697 1629 3983 4565 4116 3115 4053 151 297 4221 2034 4179 3107 3197 3969 1337 1493 4867 895 112 3235 193 3242 3642 4131 2863 3778 3524
3263289,2710 4985 4972 4216 4266 3518 792 4857 2793
514886,112 4938 1818 2583 4357 2030 895 1321 245 1216 2992 1701 2950 1307 2711
3903475,875 4494 3062 1337 2418 1701 3242 4317 268 787 2008 1321 430 2921 571 3478 4053 1059 2328 4541 368 361 3136 3946
3695284,2992 2053 285 1990 3778 4179 4388 1544 3036 1430 2382 3109
2454378,3499 4587 2728 4558 1757
1144809,4964 3951 4587 3916 2034 4385 2733 4471 1990 1015 487 3675 245 4168 450 387 4320 3197 3466 109 2146 3136 714 1694 2431 701 1252 4179 582 2583 2137 1356
2761591,268 787 1701 875 4317 1337 4494 3242 1321 3136 4541 3478 2418 2138 2921 4053 3675 3772 361 3062
645374,129 1001 1861 3830 548 4906 1260 2928 1219 2470 1281 1010 4245 326 2879 2907 1066 2250 4934 3931 2611 784 1495 2633 2474 2657 210 3542 1574 826 167 1342 238 4511 3769 2952 2927 4215 4298 2272 2858 3067 276 4139 4027 2721 1463 3531 3386 2716 2137 4250 3743 3713 512 1199 3840 3914 44 3685 3747 2629 1860 414 193 523 2213 2764 4926 288 2673 4823 3190
1901171,4382 2156 2108 588 2344 1234 705 3564
3113627,424 4292 4554 3062 3946 4850 2501 1133 982 1099 4029 4357 3277 430 420 24 763 4585 4302 1928 3675 1321 1636 4758 4317 3969 352 866 3587 177 4424 751
2771507,424 3946 3062 3136 3813 2340 900 3478 4302
804695,112 2831 1321 4317 900 2034 1493 895 1042 4357 3782 1788 3198 2099 268 1307 4021 2583 4987 245 4053
1219982,4471 1321 3675 4318 2034 4587 3951 1990 245 3136 3778 1788 2431 4964 3197 450 2583 1430 4385 387 4987
2614521,1990 2992 3778 962 2921 1430 3036 4116 4471 245 2188 895 2583 4987 3116 2053 3109 2431 4357 4867 2095 3951 2692 4587 3197 4964
3647569,4727 4558 3148 4027 4587 2728 2034 2340 4871 3574 302 44
1301513,112 245 2831 151 4357 2034 3036 900 4221 2188 4179 4269 3197 4317 1990 4471 3466 582 4889 3116 4565 3925 3642
1842161,1321 4317 1307 420 2583 2831 895 112 4318 4021 2206
1934815,2034 245 900 112 4587 4727 4027 3148 3951 1990
3708500,3062 1321 875 3946 3277 4585 900 571 4317 2328 368 3969 4850 4292 982 4357 2586 1450 4302 430 1337 2008 1099 3136 895 2565
2389426,3276 4658 974 2278 2837 2728 4558 4554 3651
1086647,4964 3951 2034 4471 4587 245 1990 4168 3916 2188 4385 387 714 1694 3136 1015 3499
1183722,3136 4727 930 3651 2837 24 3561 424 4541 2025 867 3776 368 3450 3478 3587 2340
587540,4964 3951 4587 4168 3916 1990 2431 245 2034 4471 1252 1694 1015 3499 4221 3650 1568 714 4385 4570 450
2741992,1321 1307 4317 787 1337 875 3062 112 4021 895 1450 4987 3675 1701 268 4053 3946 4357 3242 136 4292 4758 1788 3772 3136 4494 297
934585,1878 2921 4936 1284 4679 1439 2562 4964 3874 2300
1292085,4471 2431 2565 1990 2769 3675 3951 3958 3371 368 3136 1252 248 4964 1446 2697 259 4318 3471 778 245 1694 4385 3778 2034 1321 4587 701 3020
3005663,2831 112 245 1321 4317 2034 4021 420 2921 4987 2583 3198 4357 4131 1493 1307 962 4116 2992 3925 3782 895 900 3197
420693,2831 1493 151 1337 3524 112 3198 245 2034 3197 2099 4053 4317 2668 4021 420 4131 2029 4285 2921 1990 4450 3782 4987 662 3036 3131 3778 4565 2992 4938 4221 3925 4357 4496 4116 3707 3917 3867 582 268 4027
653697,2992 2053 1990 4490 4388 1430 245 2921 2583
2896729,2022 1753 2214 4216 644 3965 4985 1198 1224 522 3233 2793 1668 4875 1909 3196 1341 3003
1323503,4964 197 4357 4179 2095 3969 2583 3116 3197 4987 193 1430 4221 2431 3778 3036 245 895
1003608,424 3062 4850 3813 3946 1099 900 982 3587 781 571
3077859,3916 4587 4964 4168 3951 582 4179 245 3116 109 2034 3499 1015 3109 1694 387 4221 1990 3197 1798 2188 2733 3675 3136 4320 4390 1356
1836343,2921 1535 2685 1430 3892 1464 2583 3136 3951 1990
743656,245 151 4179 1337 112 4285 4357 3197 2831 4053 4867 1701 4021 4221 4987 4317 2034 361 1493 268 4964 2099 109 2992 3116 193 1321 3524 2328 2188 2921 900 2950 1990 4450 3917 3198 297 3131 582 1694 875 3036
2550344,2728 3478 112 4541 4539 2424 4558 4027 2029 786 268 3867 2099 4727
2779049,2921 4938 3115 4910 736 895 3739 4361
1699521,2728 2425 4539 3283 4558 1293 3574
1368902,1430 2583 2445 2921 2431 1990 1321 962 3951
2646585,2034 3951 245 4587 4964 3916 1990 4168 1694 3197 1015 4727 4027 4471 4570 714 1356 44 3778 4221 3499 3148 387
1819896,4558 4871 1596 2425 4727 2728 4027 1180 3574 2424
2176803,112 2728 4541 3867 2029 1501 4539 3478 2099 2424 268 532 3136 786
2810283,4587 3951 4727 4964 3916 2034 4871 4168 245 1356 1694 4558 387 1990 3778 4027 1015 450 2146 4471 4320 2340 44 3499 4385 4221 2746
242419,4558 2728 2340 2425 1289 4727
3780139,1596 4871 71 1742 2565 630 3983 2992 2921 1337 1845 151 2095 2328
12547,2728 4558 3574 4727 2425 302 3478 4541 4027 2837 1180 3136
2610040,671
728798,3136 930 4727 2025 3651 3675 3494 2659 3587 424 368 2837 867 4758 3946 3478 3450 3776 3561 347 4292 648 2433 4587 2340 3778 3554 673 4302 4987 4541 422 24 2188 1404 3502 4471
1147729,3396 1574 1935 2508 2050 116 3793 2697 2469 2972 364 1731 3354 1705 3689 1559 566 3393 4855 2977 128 490 449 3722 1937 2391 4776 2366 3389 291 4258 523 3149 3536 2725 1578 3519 4011 4304 216 4952 2595 450 4203 1033 4876 2502 3916 684 3876
2647340,2487
789342,424 3062 4850 3813 3946 3136 900 1099 781 2586 3554 4471 4292 3587 368 2297 982 430 3773 4302 352 4560
3412666,112 3478 900 930 245 1321 268 368 3136 4541 4727 3675 4357 4938 4987
3686261,4541 424 3136 4727 3651 2728 3478 1293 930 4539 709 2837 24
3714729,245 2034 112 3197 4587 2831 3198 3951 151 1493 1990 4357 4221 900 582 3778 4179 4964 2099 4027 4168 268 4867 4471 4053 3916 4317 1694 3925 962 2992 2188
3665748,221 591 4216 3094 792 4681 2710 1195 4985 1814 1108 1827 4972 432 1781 992 4030
1733765,4964 2431 1990 3951 4471 3778 4320 778 1516 4611 3185 1694 245 1539 193 3197 2583 3383 450 1568 1252 3020 1430 4318
1363398,3675 2439 4857 3121 62 1133 3009 2789 3371 684 1781 3773 1095 4292 378 4106 4585 315 3979 1388 3111 352 2196 3489 3651 4554 4289 1248 772 76 1254 3894 4380 2402
1365691,3675 3121 4857 2439 1133 62 1781 378 684 1095 3371 3009 3773 315 2789 3651 1388 4106 4585 3979 4292 772 4554 2196 4142 3062 4289 352 3489 1049 3894
2542878,4791 4587 245 4558 1740 3499 3300 1694 4964 2728 1015
859147,245 4357 4587 2034 4987 3116 4221 4179 4964 4471 3197
659564,112 900 2831 2034 3478 4027 1786 245 2206 2728 2099 4587 1321 4727
377508,1757 4791 4587 3499 3916 1015 4558 245 1694 4964 3951 4727 4404 1252 4390 714 1990 2659 2340
3179002,2728 4539 1293 2425 4541 4558
3208728,3062 424 3946 875 2586 1321 3136 2025 930 571 3478 4292 1450 900 430 368 3277 4711 3502 4302 4541 4560 1099
3539883,3675 1133 3009 3651 4554 2087 3371 315 3121 4624 4471 867 2837 4292 4585 4289 2196 3489 431 2340 1781 2439 62 866 2278 3773 684
2956639,2831 1493 4317 3198 4021 2034 2029 3131 420 2099 268 112 4131 223 3524 3782 1337 4053 4987 245 1307 2320 2668 4450 4116 900 3925 3197 1042 151 2599 1990 1321 3778
1489343,2728 4541 3478 930 2921 2025 268 3136 2837 875 3146 709 245 112
2130231,3946 3062 424 982 4292 3136 4850 3502 3813 2297 4302 347 2586 3587 1099 3277 4758 1450 3772 3554
2634581,2831 4027 3917 2099 245 2034 112 151 3198 3386 3197 1493 55 4539 2728 268 4053 4317 3495 3867 1990 3524 1395 829 3925 3918 2029 662 223 786 4541 2599 1596 900 3478 4987 1191 1694 109
2629928,3813 1133 4583 121 1480 3121 1781 4585 378 3894 62 866 3773 1388 4896 3675 4972 4216 3514 352 1248 4142 1814 1803 2439 4292 4542 4758 4985 1894 3111
1421810,4871 1990 4587 4027 1596 2034 245 3925 3778 3951 802 4179 3109 4168 4964 4221 1544 3574
3599869,424 3946 3813 2297 3136 3062 4850 4624 982 4471 3587 3554 2586 1099 900 4302 4560
3262531,3675 1133 4554 3371 4471 4292 3121 431 1388 3276 4585 867 1321 3146 3062 3894 4289 3651 1788 1781 751 4183 3009 1404
1999631,245 4987 4357 2034 3197 1990 112 4867 4587 4471 1321 4221 582 4964 4179 2431 2831 900 3116 962 4317 2583 3778 3951 1493 2992 3466 1694 1430 1788 4021 420
3576893,245 2034 4357 4221 3197 1694 4987 4179 112 4964 4587
2452276,4357 245 4987 2034 4179 4116 2992 4221 3116 3197 2188 4889 3778 112 962 3925 2583 895
554414,245 1990 3036 2992 4179 3109 2146 193 4964 1742 3116 4871 3925 3778 4587
2754818,2728 3696 2425 194 4322 4558 1562 709
3726817,1694 112 245 2034 2099 4565 4053 4664 4357 2831 532 3782 3197 1493 2029
689463,3574 1180 2425 1596 4558 4871 4027 2099 3917 4539 4727
2264291,4587 4964 4471 245 3116 2188 2034 3951 1990 487 4168 4221 4179 1694 3499 3197 2583 3778
3651800,4871 3778 245 4727 1596 1990 2034 4587 3574 1742 3925 1628 4964 3951 4027 4221 4558 487 4168 2188 462 1167 3916 4179
1388932,4539 1469 2029 3283 3198 924 1307 709 3524 4053 2831 1325 3131 662 268 2719 3782 2034 4541 2599 367 3983 1990 4565 3867 381 245 2099 2593
838249,2960 1137 2178 4611 927 3465 3396 3187 1924 1808 4446 3482 4855 3680 566 3509 1905 1165 4083 3369 3829 2809 457 4876 3389 1090 4258 4964 1052 4570 3341 4409
1607111,3396 4876 4855 1368 4626 1935 1574 1867 2725 566 757 3829 2439 3450 2153 2848 1808 2431 2150 490 4611 4409 4420 3632 551 2778 4879 4289 4471 1252 3680
3816995,151 2099 2831 112 245 630 3524 4539 2921 3917 4053 3197 1337 3198 4027 2992 4664 1493 1990 3036 4131 2034 3867 662 2029 55 3778 4565 582 4179 3495 4357
3895951,424 2501 866 486 24 2278 4702 4292 2087 4727 3776 930 4302
1566460,684 3829 315 259 216 62 4964 2137 779 3675 3159 4289 3825 2146 3371 4320 3916 4627 2697 4011 4385 3571 829 3778 449 1538 3471 193 2508 3121 2611 2431 4471
3836922,895 900 1321 2831 112 4317 420 1788 4987 4357 136 2583
3661140,3951 4471 4964 450 1990 3863 3778 4179 4221 3197 2583 3116 2431 4318 193 245 2034 2095 4320 962 1430 4889 2188 4587 1322 3925 4987 4841 4867 2594 4385 582 2697 829
643605,4541 2728 2596 1469 4539 2837 786 268 3867 3136 3478 709 3146 4494 2425
3848243,2710 4985 4216 4972 1781 454 1133 1388 2793 3518 3675 4585 3136 4010 4315
835545,245 2831 112 3198 2992 151 4021 2921 1493 2034 900 4317 3524 3197 4053 4357 4987 1990 2099 2320 2668
1151380,2260 3499 4791
357455,2921 1321 1788 2565 3675 3062 2328 4987 4292 3081 3136 3772 875 62
3722030,2425 3574 4558 1596 1180 4871 4027 1742 2099 4727 2104 4225 3761 3917 2728
286973,3951 2034 4964 4471 245 4587 3197 1990 4385 1694 387 487 2583 4168 3916 3466 3925 4221 2733 4987 450 582 4179
999933,4554 866 424 4292 1133 3062 3651 3146 2278 3675 4850 751 2196 2087 3946 3371 4585
2666798,4231 3708 3365 1818 287 2810 4315 252 4503 1133 966 4585 4142 1608 1337 2328 2950 1974 3653 1388 4809 62 4583 1095 2445 361 3682 2047 2992 3675 4071 4945 3111 4987 538 2651 2565 2492 3267 4415 3729 4857 1013 3982 4216 1076 2948 4985 2095 839
2148448,4541 112 3478 2728 4558 4539 3136 2425 2837 4727 268
3641819,3951 4168 4964 4587 3116 4221 4179 245 4471 1798 3916 582 3197 2034 387 2950 714 2188 4357 1990 3499 3109 2583 1015 109 4987
1604794,302 3574 4727 4558 2728 4027 3148 2340 1180 24 3450 3478 3404 4871 1596
124250,2683 3836 2576 1242 776 3891 2928 233 2 326 3018 4906 4395 4820 4344 2611 2245 3468 4103 4139 1672 2929 1001 4895 4794 1260 1281 1463 3886 1443
2843381,2431 3951 4964 1990 4471 450 2583 3778 3675 4385 4587 245 3471 2697 3863 4841 2034 4320 4867 3916 3371 3197 1430 4318 701 2095 1322
2408271,4587 2034 245 3951 4168 4964 3916 4727 3499 4221 3109 3148 4179 1015 1990 3197 3116 1404 2340 4558 112 4357 4027
1108526,4382 2156 1234 2108 588 3427 441 705 3564
995504,4964 4471 4587 3951 1990 2034 2431 1694 245 450 3499 2188 4168 487 4320 3116 3778 3371 1015 4385
982760,4471 2431 1990 3371 4964 3675 2095 3951 245 315 3471 2188 450 1446 4587 3062 1366 2034 3778 778 2565 3925 4276 2583 4889 2697 1322 1252 4787 259 4318 4221 4289 487 1568 3197 2196
2934900,2921 3085 3242 895 2445 4494 3235 112 268 1307 245
680797,4727 424 2340 3561 930 2837 1858 24 3494 3386 3478
474689,4964 3951 4587 4791 3916 1015 1694 4320 1990 245 4471 3499 1516 1883 4179 3778 3116 470
3786885,1990 1430 4471 2583 2431 1464 3778 3951 4221 2992 450 962 2921 2685 1544 4587 1825 1788
128457,2685 2921 1464 1430 2382 2992 1544 1990 4388 2053 1825 962
1269351,3136 424 3554 4727 3651 368 2340 930 3561 2837 3587 900 3478 3946 2297 4471 4292 2278 3494 24 1858 2025
576576,431 4972 2033 2278 4560 305 4658 1133 3938 4558 2793 4727 3276 2537 4767 3062 3675
3264661,551 2049 2573 4920 4857 4471 2651 221 2352 792 2439 4972 1095 3471 4681 62 3042 2106 3675 2710 970 1133 2362 3094 591 1964
3856078,875 2921 268 2025 1321 1788 3990 787 3478 2008 3136 3062
407782,1321 4317 4987 900 1788 268 245 3675 2831 112 4357 4021 2921
1762933,3916 4027 2034 3951 4558 4587 4727 4964 1395 245 4168 2728 1990 1356 1015 2340 3148 4385 387 1694 44 3197 2746 4471 3136
1346962,792 1782 4972 578 3094 566 2439 4985 4216 2049 1480 4380 432 1814 2617 2789 1781 4907 2466 1195 1399 591
2488369,424 2501 4554 4727 305 866 3478 2087 2044 3946 24 518 2278 1133 2033 4624 3146 4292 930 3776 2340 431 4758 4850 3062
565116,4871 2260 4478 4727 4558 3574 4168 3916 1167
3619840,424 3946 3062 3136 4292 3277 982 900 1321 3554 368 3587 4758 4850 3502 4302 4736 2297 2025 430 347
320702,245 4587 1990 4964 1694 1568 4471 3778 3951 4168 4871 2431 1015 2034 1742 3675 3136 4221
2995308,2921 1321 3969 2583 2445 847 2565 4987 895 1788 1430 3675 4471 2431
1315580,245 2921 2034 1990 900 2992 4587 112 3109 3951 2831 3778 3197 4357 3036 3925 895 3116 4179 2583 2188
1368165,3829 315 684 216 4964 4627 3825 779 259 4320 2137 3916 2146 3159 2697 3371 4289 62 4011 3471 829 4385 1322 3675 2508 2611 193 3778 1252 2431 1538 4471 3863 3571 4841 71 449 4900 109
2548195,2921 2992 2685 2445 2583 1430 1313 3925 1990 1321 245
771766,1493 2831 2034 3524 245 3198 223 2099 268 3197 4317 151 3386 1990 3867 2599 3131 112 2029 4027 829 3925 4987 3917 662 3495 3782 4053 3778 420 1337 1694 1191 55 4541 4450 924 4565 3918
3213307,3392 386 4460 3565 1133 4320 4840 1207 3365 3002 4258 4071 2127 2432 1198 1974 4003 2111 4816 1883 4471 4142 578 3987 1788 1568 62 3675 1349 1551 123
3261457,2831 112 2029 2034 4317 3198 2099 4021 245 420 3782 3524 3197 4053 1307 4450 2320 2668
1765806,847 4964 3969 4987 197 3197 2583 2992 4357 2320 2095 3925 4179 895 4471 3683 1430 3863 4317 193 2431 245 4221 4926 2863
2263062,533 1031 1334 3389 3835 1662 4434 566 2127 2049 4216 3771 1480 4681 1198 2919 4682 3229 1355 2789 323 1810 2573 490 2710 2952 3829 1510 1324 3129 1002 4770 4699 4972 3094 1566 792 3279 3764
828761,1493 112 2831 2034 245 3524 3198 3197 2099 151 4317 2029 4357 4987 900 3782 4053 4021 297 4450 1990 1042
3018095,3865 1544 2992 4306 2382 3490
2834832,112 2831 2034 900 1493 245 2099 3478 3867 3198 3782 268 2029 4317 4053 420 1990
1399875,2037 3795 1096 3895 2227 1045 2927 2576 3719 4741 2784 2928 4820 2250 4438
1902010,4587 245 1990 3778 3109 44 3951 2099 3499 1356 3916 2034 4168 112 4027 1694 4871 2992 1015 2746 4964 3197 3148 4179
3016649,1990 2921 1430 2053 2992 2685 4388 1464 1825 962 1535 2583 3036 2431 3778
286142,2992 1990 245 3036 2583 4987 2053 1430 3778 4357 3969 4179 4221 4964 3197 4318 4490 2431 193 3116 2921
1418239,245 4357 3116 962 4221 2034 4179 4987 112 900 3197 4889 4587 2188 2992 4471 3778 2583 4269
3568168,1364 4964 4052 4267 1252 3421 4672 3875 1852 2441 2644 1974 1431 358 2482 4570 4313 2957 1883 1925 1207 4220
546950,4382 2108 2156 879 588 5007 3427 4958 1234 2938 2344
3712079,4871 3574 4727 4558 245 1596 1180 4587
2721834,2813 3653 4168 4958 677 1028 4999 529 1974 4611 219 149 4242 995 3475 805 1707 4735 4964 1587 3523 5007 2644 3300 3471 2202 4359 1514 1925
3384120,1321 2583 4318 4471 245 4021 1788 4987 2034 1430 4317 2831 900 4357 4587 1990 112 962 3951 3925 2431
2450647,3675 2439 1133 4857 3009 3121 62 4292 1781 1095 3651 684 3773 3371 4554 315 2789 2278 4585 866 378 3979 2196 2837
3614696,245 3197 2034 1694 4357 4565 4964 4987 3524 4664 4053 2992 532 112 193 4179 2831 1493 4051 361 3707 4116 151 3917 4317 4221 2921 1337 1844 109 895 3242 4539 3925
2549496,450 1990 4471 2431 4964 2697 3951 3863 829 4841 2894 3580 4900 4587 4627 3778 2095 4385 2034 3020 3916 4320 3371 1694 1015 387 3675 4889 4867
1659160,2728 4727 3499 4558 2340 4587 3148
494460,2837 4727 4558 3651 3146 709 2728 3675 305 4554 867 1404 2340 431 1133 2033 2278 3009 4658
573593,112 900 2831 2034 2099 245 2728 2206 4357 895 3918
3350083,3062 4292 3675 3146 4758 1388 1133 1321 3969 3946 3651 2196 751 1450 4624 867 431 3371 4554 4850 424
2960696,1321 1337 4021 3969 875 4317 3062 4987 2328 895 4285 4357 3946 4736 1701 1788 112 361 787 3277 4148 4758 4053 2138 297 2445
1459429,4558 4727 4027 4587 3148 4871 3574 3916 1356 44 4168 2340 2746 4390 3499 1015 3951 245 175 3778 2034 4964 1694 4221
631599,644 1915 3094 4266 3975 188 1964 806 4471 266 1580 2871 933 1925 2793 3314 2997 3922
2268518,3574 4558 4871 4727 1180 1596
2795196,2831 4317 900 112 420 3782 895 1321 3085 2034 2099 245 4357 4987 4847 1307 3925 3107 223 4116
2879681,2202 4313 2644 1364 358 4964 4686 785 2727 4354 984 1482 64 754
288816,2728 4558 4539 2425 2100 1293 4541 1180
1923619,2728 4539 112 3436 1562 2425 4558
121827,193 2320 4926 4471 4988 3197 1951 487 167 1474 2431 2034 4987 56 1072 2423 1694 4179 3925 153 2673 2611 245 2895 4964 3863 701 3466 3752 3011 4019 3951 3265 2043 2137 2745 4009 2188 4221 1990 4357 4889 3195
48686,3478 1321 4317 268 3085 2831 900 112 4987 1788 3782 787 420
3782579,2053 2992 1544 2382 1990 285 4388 2921 3036 1185 4179 3109 2360
639256,3574 4871 4727 4558 1596 1180 4027 245 3651 4587 4168 1628 3778 1694
3607161,4855 4984 259 3020 4011 4964 2373 3159 4471 1304 3135 450 1083 2137 2565 4385 3471 3396 566 2153 1322 79 2999 2146 2431 1898 4611 2853 3810
3517084,2921 4541 245 2328 3136 4587 3146 1742
1884660,112 1307 2034 245 1493 2831 3198 268 3131 4938 2029 922 3867 4587 1321 4021 4053 4471 4541 2668 2099 1990 3197 4357 3136
3534927,4587 2034 245 3916 3951 1990 387 4964 1015 4027 4471 1694 3197 4179 4727 3148 487 1395 3675 4168 4390 3136 4221 1356
32022,4587 3951 4027 487 44 1230 2034 387 3466 2423 3925 3148 3197 1990 3211 4727 1404 3778 4471 4385 816 900 1015 2320 4390
2172186,245 4357 2034 3197 4987 112 1493 1694 1540 4964 2831 2921 4179 624 4926 4221 3524
3048774,1990 2600 462 2583 1742 2992 1825
3711042,1493 2831 3524 2034 3198 112 245 3867 2029 2099 4317 3131 3197 3782 4053 420 151 1990 2668 268 3495 4027 4450 1337 4987 1307 3386 4021 1042 1694 4938 3235 900 2599
431768,2992 1990 3197 245 3036 4179 4867 3778 2053 151 2099 4131 1185 2921 2692 4357 4221 193 900 582 1337 3109 112 4987 2034 315 3116 4587 2582 962 2753 4053 4116
2678473,112 2831 3198 2034 900 1493 245 2029 2099 4116 268 4053 151 4021 4357 4317 4987 2992 4938 1307
1031171,4317 4051 3163 245 2034 1416 895 4053 3197 4987 1493 3925 112 4357 2206 2599 4565 4964 3782 3242 420 3085 900 1337 2831
600589,3116 4964 245 4179 2188 4221 3197 2034 4471 4357 1990 4587 3951 4987 3778 1798 582 4168 2583 193 962 3109 4320 4889
818554,2728 4541 2425 1293 3478 4539 4558 4727 3574 2837
2659864,4357 3116 245 4987 197 2992 4221 3197 4179 2034 4565 3969 3642 4116 3875 4889 1897 1798 4964 1430
651278,2972 291 1935 216 1574 4876 3571 4855 953 116 3689 157 2469 3829 985 4686 2697 364 253 3818 4409 1402 4096 3680 984 4277 449 3297 365 3827 4347 3169 4415
2619498,2992 1990 2053 285 2921 4388 1544 1430 2382 3778
1178679,1493 2831 3131 4317 420 3198 223 2034 3524 2599 2029 3867 268 3782 1990 2099 4027 4987 3925 924 3386 4207 4131 245 3495 829 1042 4053 1325 3778 1307 3917 4021 4450 3197 1337 2668 1612 112 662 3707 151 4938 3478 1475 3918 3431
2536611,424 3946 3813 3062 1099 2297 4560 4850 4471 4302 2340
489845,245 3116 4179 4471 2583 4357 2034 2992 4964 4587 3197 1430 1990 962 4987 3951 4221 3925 4889 1321 900
389028,4471 1417 2188 3951 2431 4964 1322 2039 2583 2814 1990 2594 2963 1446 3471 1587 1252 3925 1430 88 2095 2950 4221 3116 4357 3778 4987 4570 962 3109 4179 3675 2988 1208 116 193 1825
1314709,2600 2053 2382 4779 1990 1544 2992 2832 4549 2921
3825944,4871 3574 1628 4727 4558 4168 1596 1167 4587 4478 3651
3894839,866 431 4554 1133 4292 424 3651 4624 3062 2278 2087 3675 2196 867 2033 3146 2837
1879910,245 1742 1596 4027 2099 3036 4587 3925 3918 3109 4221 1990 3197 4179 112 1844 3778 2034 109 2831 1180 2992 193 4357 3951 151 4964 3386 4168 462 4558 2425 2146 2732 4727 4871 3917 4390 4541 2188 3478
399590,1293 4539 3283 4558 1469 2425 2728 4541 3574 391 24
949404,1321 4317 268 1788 4021 3675 900 3782 2831 1307 2921 112 4938 3198 4987
3090754,2728 4558 2425 4727 2340
810472,424 3946 3136 3062 3813 900 2297 3554 3587 368 4302 4850 4471 1099 3478 3651 4292 347
1743633,1544 2053 3865 285 4441 2992 2382 2685 3490
2231024,4727 4027 4558 3148 2340 4587 3450 1167 3136 4390 4168 44 3776 2034 3916 1015 245 3951 2746 1694 302 3499
1046963,2831 112 2034 420 1493 3198 900 1307 4317 2029 2099 3867 268 245 895 4027 4021 1321 1042 3782 2921
780325,424 3062 3136 982 3946 4850 4292 900 2586 3813 1099 866 3554 781 3651 4302 4903 2297 3587
518722,895 2921 361 2160 3782 2030 112 1307 4938 1337
2568347,2921 4388 2685
1422476,2034 112 1321 2831 900 245 4317 2583 3925 268 4021 420 4471 895 4987 1788 2320 1493 1307 4357 4318
2213793,4027 4558 4727 3148 2034 2728 3386 44 302 4587 2099 245 112 3916 4871 1356 3951 3574 2340 2425 4541 4168 3917 3137 1015
1949678,4938 112 2030 895 1307 1321 3642 2921 4357 1818
2461634,4357 245 4179 2034 3116 4987 2188 4587 112 4964 4221 2992 4168 3197 3778 3951 1493
3004751,268 112 2831 900 4317 3478 4987 1321 245 223 4938 3782 4541 1307 3675 1788 3198 2099 3867 3136 420 930 2921
1272304,4587 4320 1015 3499 3951 450 1694 4964 3916 1990 3185 4611 3778
2208016,4587 4027 2034 3148 3951 4727 245 1395 1990 387 2340 4964 3916 487 4558 3197 4390 3466 1015 4168 1694 1167 4221 1356 4471 44 2732 2733 3776 2746 3925 3675 3136
3375633,1321 268 2831 4317 1337 895 2921 900 2328 3406 787 4987 361 1701 1307 4494 112 420 2138 3085
533422,2728 2424 4539 1562 2425
3167004,245 2034 3197 112 2831 1493 900 4357 4221 1990 151 582 3198 3778 4179 4021 962 4317 4587 3524 4987 4867 4964 4889 3925 2992 2320 2099 3116
1000450,4727 4558 3574 4871 4027 3148 3916 4587 1356 2034 44 3951 1990 245 3136 4168 4964 3404 3778 2340 1694 387
2861571,875 3062 3946 1321 2008 2025 368 3136 571 424 930 1450 3478 4317 3502 430 2586 4292 900 3277 3772
3692472,1560 2588 4471 1238 3079 2242 1580 3471 1374 876 3094 4242 2408 1852 1983 3392 3806 4681 1974
742034,4317 420 2831 3782 2029 3131 3198 1307 4053 3524 3867 2320 4131 2099 4987 2668 3707 1337 4021 3925 2034 112 223 4450 924 3235
255918,866 4554 431 424 2278 2087 3651 2728 3146 2033 4292 2837 2340 867 4624 305 1133 2196 3675 4727
604035,900 875 3478 4317 112 3062 368 4302 2831 3136 3651 930 1701 4541 4053 1414 1742 223 2025 1321 3946 4494 571 4357 3587
3302321,2992 4679 4964 1990 3036 2950 3116 2382 4179 3275 1436 1430 2583 1587 2053 1544 3951 4221 2685 3874 4710 1819
2337515,2487 4306 2792
651316,4964 1990 3951 4471 245 2431 3300 450 3778 4179 193 4221 4791 2146 1694 1015 109 2583 4587 4320 3863 3116 3197 1516 2095 2565 2034 4926 3185 3675 3383 1798 4318 778 4510 1742 3969 714 4987 4841 4611 3916 1568 4811 4289 1430
1085372,112 2831 245 1493 4987 4357 2034 268 1321 900 1354 3198 4053 4317 151 4285 4021 2992 3197 4736 420 922 3524 1307 2029 895 4450 4938 3131
2655048,245 4987 4357 112 4221 2034 3197 4179 4317 900 3116 2831 151 1990 4471 962 1321 4889
1571222,1321 4357 900 4987 4317 2831 3406 112 875 245 3969 3062 3946 1788 3277 895 1337 4736 136 4292 368 4021 3131 3136 2008 420 4867 4285 4029
1333288,424 3946 3062 3136 4292 982 4850 900 4302 4758 3587 3502 3277 1099 3554 2586
583141,3916 3951 4587 4964 450 1694 1990 387 1015 4471 4168 2034 2431 4320 1356 3499 116 245 3466 4385 216 3778 4221 4727 2137 1252 4179
505520,151 4664 112 245 361 2921 2831 1493 532 630 1701 4357 1572 2992 1844 4053 1337 3917 1694 268 1562 2328 2034 4987 3524 4179 2030
2722042,3485 1364 362 2644 4313 358 4876 4964 2658 4354 2202 1587 1879
866957,2697 2153 2431 1731 684 450 2853 1035 4471 1176 4611 3355 3675 3580 3033 3159 4289 4011 1252 1652 3371 4855 2919 1336 3863 566 2595 918 4475 2137 2534 4837 4964 4988 3121 1935 955 907 2999 2373 3191 1304 2508 2379 490 2725 4900 2894
2212444,1133 4292 3675 1095 1164 1781 431 3111 3062 1214 4554 4757 2278 62 4758 866 683 4585 3371 3651 3894 4183 875 2033 430 3773 3979 4315
3148213,1493 2831 4317 3198 268 112 2034 2029 245 3131 223 4021 4053 2099 3524 3782 3197 151 4987 4938 1337 1307 4131 3925 900 3867 4450 2921 1321 4116 420 1990 2320
1479608,4558 3574 4727 302 1293 4541 2728 3404 24 709 3283 4539 2425 2099 3478
3552251,112 900 2831 245 2034 1321 4357 1493 4317 3197 3925 2583 420 4987 2320 268 962 4471 2206
432283,4471 3136 3675 420 4727 4317 875 4587 4541 245 1990
2048639,4727 4558 302 3148 3136 3574 4027 4587 2728 930 2659 4871 4541 2340 2034 3478 3916
3037953,2108 1234 4382
2777248,1321 4987 3969 1788 2921 3675 847 2565 4357
3754057,2034 4727 4587 4027 245 3148 4558 2340 44 3916 1990 3951 4964 1015 1356 3778 4871 900 4168 1694 112 2728
756300,2565 1742 3675 3121 4871 2123 1321 3778 714 378 2780 3136 3969 1990 3651 1788 1015 701 1450 3946 3383 4487 450
2482587,2439 3675 4611 4907 2508 566 3450 4106 4857 2681 3371 934 1928 684 4955 3121 62 4320 4471 4855 4289 1095 970 3773
1809651,1540 245 1493 3918 112 4494 4053 532 1694 4664 2831 3524 2099 4357 2728 2034 1701 3197 361 4160 4964 4466 4027 109 3386 4450 136 1501
356953,2583 1321 2431 1430 4471 895 2921 4318 1990 3951
3145769,3951 3916 4964 4587 4168 3116 3499 450 4320 4471 1015 2188 4221 387 4179 2137 3778 2034 116 4385 1990 714 4852 487 3650
2059578,2992 4987 112 4357 2921 4021 1307 895 245 962 4179 4116 1321 4938 2583 151 2831
970358,4587 3951 4964 3916 4168 245 2034 4179 3116 387 1990 4221 4027 4471 1395 4727 450 1015 3109 3197 4558 1356 4390 1694 2340
2617205,1133 4471 431 3276 3675 866 3371 2278 4554 974 2837 3651 4964 3136
3176421,4964 2034 3916 3951 4168 4587 245 3499 1990 1694 1015 1356 3109 3116 4727 4385 4478 4221 4471 387 2340
2657254,245 2034 2831 4357 112 4987 3925 4116 420 2320 4317 3197 2099 900 3782 4221 1321 4179 2583 2921 1990 3778 3036 3524 895
885921,2696 2921 3365 3243 3168 2992 3976 2692 1819 2583 3714 1430 3210 4388 1742 450 2360 4303 2112 4471 1825 2431 197 2644
724374,4727 4558 4587 3148 3499 305 3136 3916 2034 4168 3450 1015 245 1356 2340
3813646,2049 4681 2710 2573 3094 3389 591 4434 792 557 1031 1810 4216 566 4411 3764 533 221 4611 1002 3771 4770 2353 970 1480 4972 2202 23 4242 4683 1334 1411 2127 1795 1662 4471
3636579,4554 424 4292 3478 4624 2087 3146 4850 3675 900 3651 3946 1133 3062 2340 866 3561 4302 2196 2278 571 867 4903
3449062,112 151 245 4664 4357 3198 268 3642 2029 2992 1307 4053 2099 2034 1493 4116 4179 2831 4987 4938 4269 1701 4160
520620,245 112 1321 2034 4357 3478 3136 4987 3675 4587 900 2831 4317 1788 930 3197 4471 368 1493 4541 4318 2728
3647536,3951 4964 4587 245 1990 3778 2034 3499 470 4320 4471 4791 1252 714 1694
822459,1133 3632 4183 2061 4292 3807 1273 4613 4624 3618 237 431 3277 3062 1888 4560 4758 3773 3021 824 648 2196 3843 4302 1450 2332 1972 4673 3675 1363 4373 4458 3946 62 1072 378 3075 3111 4698 2456 3476 4334 4180 2087 3505 4589 685
3791924,268 1321 3062 875 4541 930 900 3136 4317 368 3478 112 787 895 3651 3675 1701 3277 424 2025 1788 3946 4736 4987 2921 3146
405296,4558 4727 4871 3574 2340 302 3148 4168 2728
3353833,2874 3651 2837 930 3136 2078 4657 2728 4292 3478 2278 4541 2025 1133 2659
3393958,2034 245 4587 4168 4964 3197 1015 3951 112 4221 3148 1694 4357 487 1990 4727 1404 109 3499 3916 4471 2188 4027 2340 4987 4390 4179
465324,3062 4317 875 1321 3946 3136 4987 4292 1788 3675 1450 895 3277 787 368 2025 900 268 2008 223 3502 420 930 4736 2586 136
1872035,1742 2921 2814 315 3675 2728 4471 4317 967 268 2328 4541 3925 4027 900 2583 2095 1990 2565 1446 2831
2458141,1493 2831 2034 112 4317 2099 3198 1042 4053 2029 245 3782 3524 900 3867 2320 3925 268 4987 420 2599 3495 297 4847 1354 1990 922 3918 4494
2460923,3136 3946 3062 3813 4292 2586 1321 424 4758 4471 2297 3554 4850 1099 3969 378 1450 3651 3675 4903 3587 3277 3502 4302 2196 571 3773 4585
2377583,1307 2921 1337 1701 1321 4317 268 361 895 4021 787 4494
2475294,2921 2992 1742 2053 2600 4549 2328 1990 2603 4388 1749 315
402219,3673 4972 912 4010 3675 2278 1133 2262 4807 1095 4142 4778 203 1214 3632 4767 2090 2439 431 3843 4840 1273 2528 4188 3276 684 866 4334 3277 2793 4857 3979 685
37096,3101 4889 487 1446 3519 3951 3925 4179 778 4471 2188 4221 1990 1417 248 398 259 4318 2034 1306 3709 3383 3011 2111 4385 3197 714 1774 4641 1430 4357 3020 4276 3424 1450 3778 2258 2583 3471 2320 3091 1322 2697 1742
1273926,2831 3131 3524 367 2599 268 381 1475 709 4541 3198 1325 1990 4053 2034 3283 662 245 1469 1191 924 2029 1307 4539 2008 2719 4565 2593 297 3666 875 3782 3778 2992 2099 420 3431
843365,3917 4027 2099 2831 3197 245 2034 151 1990 4053 4539 1395 3867 112 3495 3925 1493 2728 4317 1694 55 532 3198 630 829 3918 2746 4664 3386 3524 268 2029 662 1844 4131 900 2992 4179 4587 109 3036 1191 4541 3085
3683888,4317 420 1321 4987 2831 1788 4021 875 4736 112 4357 1307 3131 4053 2668 223 268 2320 3782 136 3478
3905866,3916 4471 4385 387 3951 4168 4964 4587 4727 1990 2034 245 1015 3136 1694 1167 4558 2146 4641
3759769,4964 4471 2431 3951 3116 1990 3020 245 1568 2583 701 3471 3675 4852 2034 4570 1322 2697 4179 1252 4385 4320
3127456,2921 2685 4388 1544 2992 285 2382 4441
2109291,2278 4554 866 424 2728 3776 4727 3651 2087 2340 3146 683 2837 709 1133
2819532,3062 875 1321 3946 1450 4292 787 3772 3277 2586 3136 4317 3675 3242 4357 571 1701 3478 3502 900 4758 3969 4987
1874945,3776 2899 3420 930 4130 4424 2905 2969 4489 1473 324 24 4586 1636 424 2880 248 4029 4302 1928 3843 4000 4850 368 2224 430 982 3587 2927 4194 4926 471 3702 3914 3678 4139 1960 4377 3433 1862 900 3478 4641 4207 315 2506 4648
1216599,245 3116 4357 4179 112 4221 2992 900 4889 4987 2034 3642 4269 2188 3197
1738718,4727 4558 3148 4871 3574 4027 44 4587 2340 2034 3916 3450 1356 4168 1015 1694 3136
2932921,1596 112 2099 4027 1180 630 2425 532 2728 2424 4539 3495 786 1844 4558 268 3867 1562 2831 3478 245 3137 4871 4727
148785,424 3136 3062 900 3946 3554 3651 368 430 930 3478 571 3587 2297 4727 4292 875 112
1243626,112 2831 4021 3198 1493 2029 4987 4317 2034 245 3782 4053 900 2099 151 1354 1307 4450 268 4938 4357 4131 297 420 4116 3524 1321 223 1042 3131 3778 2668 4285 3197 1990 4736
2141395,424 2501 3946 3776 24 430 816 3478 1725 4554 4000 3587 518 2044 930 2025 3420 2340 4850 3851 4029 3443 4302 982 4727 3667
54306,1321 1307 4021 2921 787 361 1701 2445 895 2583 4987 112
855322,424 3946 3062 3813 2297 1099 900 4850 4302 368 2340 4471 4560 571 3136 430 2586
2877928,2087 4554 3651 2728 3146 2278 3009 2340 866 431 1133 867 4624 2837 424 4292
1745338,4558 2728 2340 4727 44 1289 3148 4447
2726335,4357 4987 112 245 2034 3116 2992 2188 4179 297 900 3642 3197 4565 4221 4269 526 151
2438492,3276 4857 2466 4972 2793 4985 3518 1909 3003 1095 1108 2710 3094 4636 792 912
866276,3951 4587 2034 4964 3916 4168 4727 245 1990 1694 387 4027 1167 4558 4385 4471 1395 3499 1015 487 2340 3197 3136 3148
3292373,4471 2431 4318 2583 1321 3951 4964 1252 3675 701 1990 3969 2034 1446 1417 3020 245 3471 4926 2697 2594 2039 4587 4385 778
2617179,649 3510 1084 4679 1591 4274 1618 3025
2616715,424 3062 3946 3813 3136 900 2297 1099 4471 4850 4292 3554 4302 368 3587 2586
1166596,2728 2425 4539 1526 4558
84449,4587 3951 4964 2034 245 4168 3916 3499 4727 4179 4221 3116 3109 1990 1015 4357 387 4027 3148 3197
186179,318 895 3115 1337 3107 4987 1226 2206 4053 1701 245 4867 2992 4357 3235 4973 297 4317 2030 2583 1321 3782 1307 2034 112 4938 3242 2329 1939 4116
901590,930 3136 4727 2837 2728 2025 2659 4657 3478 3776 3651 4541 866
2733834,4727 4871 4558 3574 1180 4027 1596 3651 4587 3404 4168 2728 3148 1628 245 930 3136
1591904,112 245 4357 4987 2034 900 2831 3197 4053 151 4221 3642 4269 895 4565
1263199,4554 1133 3675 3371 1781 866 3009 3651 4583 4471 2087 431 4292 2196 3121 1388 2837 1404 3316 2278
1050535,2992 4490 245 4388 2053 2921 3116 1430 2685 4357 1331 2583 4179 3079 2431
2431312,1928 566 2439 3450 1399 4874 578 1532 3675 709 3308 2681 684 4106 970 3010 934 4611 2049 4573 4857 4907 4197 2789 4289 1543 3129 23 4380 1510 4955 2508 2402
1079626,4558 4727 4027 3148 3574 302 2340 4871 4587 4168 1356 3916 44 3450 175 2728 4298 1167 3917 2746
3212323,4168 3916 2034 4587 3951 4964 1015 245 1694 2188 1356 3148 2340 3499 4179 1990 109 4027 3197 4727 4221 387 3109 2746 3778 4390 4558 3116 112 582 3136 4320 1395
3873132,4587 1015 2034 4871 1694 3466 245 4964 3951 4447 3916 4027 1990 4390 1757 449 487
3648408,866 3062 3675 4554 1133 431 4292 305 2033 424 2196 2278 3371 4758 1095 1928 1973 4560 3651 4727 3146 4289 669 4302 62 3773 4585 3277 486 1450 2087 1214 3476
3138149,578 2332 2402 3843 2501 4317 4292 709 2728 4558 4987 3450 930 1540 2439 3371 3146 3776 3265 3013 3414 3163 2837 3675 420 4727
2635450,3085 1742 2921 268 3198 4053 4987
3019003,2972 2508 116 1574 449 3722 3945 4855 1652 2853 1935 1152 523 684 1578 6 3883 3689 515 2595 2697 1033 490 984 4089 2977 2146 3916 824 4934 3396 216 4879 2366 450 4471 4347 4402 2153 4162 291 3958 953 3519
2496807,3197 151 245 829 1990 3293 1596 3917 315 1337 3925 271 2831 3778 2099 2034 367 4053 662 4179 4027 1335 4539 223 3983 109 3524 3036 4565 3918 3707 2320 3198 924 193 55 1199 4964 4450 2593 4221 112 71 4987 4811 4285 1395 3867 582 1694 1701 3386 2992 4164
53310,2728 2425 709 3136 4541 4558 2837
3134880,3379 2927 44 2459 4139 3853 4906 4027 4587 4179 193 1860 2611 3197 4423 1694 900 109 4895 4514 2519 2193 4221 1269 1199 2272 3685 3951 210 471
595556,2439 3675 1133 578 1928 1095 3450 3371 4857 4907 3514 4292 424 62 684 3894 4289 2789 3773 2402 3010 4380 3009 305
3140815,3951 245 4168 2034 387 4964 4587 3916 4471 1694 3197 1990 3116 4179 4027 1015 4727 4385 582 4357
1224368,2340 4727 4558 4587 3450 4027 3776 3499 3917 2728 112 44 2099
2444858,3574 3450 4558 4027 4727 4871 1180 4587 1596 44 2425 245 4168 3778 2340 4221 1694 1015 1742 2034 3148 302 3917 2099 1356 3137 3916 3776 2746 4390
2945659,4554 1133 431 866 2278 3651 2837 974 2728 4541 3276 4292 3316 2087
2576999,2728 4558 4727 302 2425 2340 3148
1514371,361 4964 4450 109 2921 71 245 3197 268 3925 1337 1493 3917 367 1694 193 315 1957 2831 151 4179
710536,3062 3675 1133 4292 4554 1095 4585 3371 2439 4289 62 3773 1781 2196 1973 3121 866 431 4471 1164 1450 4857 2402 1321 2033 424 3277 1035 4302 305 315 4979 3651 4850 4880 3194 1388 4757 248 4758
688055,1321 1307 268 787 895 4021 1701 3675 4987
3675581,3951 4964 4471 3471 259 1990 2431 2095 3925 3197 245 71 2146 1742 1322 4221 3863 2565 193 4867 4590 2039 4179 3675 315 1252 2583 2582 109 487 778 1611 3383 2320 2112 4008 3210 2728
1482744,4947 4434 3078 1138 2353 118 1580 1030 2022 3082 2214 522 538 4471 2127 4242 2049 4338 3389 3650 2609
1521735,2425 1180 3574 4558 1596 4871 2728 4027 3404 2099 4541 4727 2424 302
2593118,2831 4317 1493 2099 2034 112 420 900 4053 2320 1042 3782 3925 3198 245 4987 268 3524 2206 2599 3867 4847 4494 3918 2029 3197 922 1321 4450 4027
3215738,4871 4168 4587 4478 3499 3916 245 994 1990 1694 4727 4964 3951 1015 2260
1331744,4587 112 4558 245 4541 2728 2425 268 4791 4404 3137 4964 2340 4179
2738369,424 3946 3062 3136 4292 368 982 3587 4850 571 3813 900 2297 4302 930 3554 3651 4758 1321 3478 1099 3277 875
838596,3094 3680 4471 1954 3471 2661 4216 3079 4681 4242 2994 4985 1580 1668 4266 1827 221
1646487,3675 1133 3514 4292 3773 1928 3489 2087 2402 910 3121 4554 4585 685 3062 3009 4624 424 3371 1248 4106 62 315 1136 4850 4289 4613 982 3813 4903 1035 2196
1269054,3675 4587 3136 4727 2034 3951 4471 1990 3916 3778 450 4964 4871 4558 1015 245 387 4385 1356 1694 3450 1252 2431 2137 368 4027
3722628,431 866 4554 4113 1781 2087 1133 4624 3651 4292 3062 3675 2196 424 59 3121 4758 4183 4850 2278 867 3009 4302 1095
513464,424 3946 2340 4727 3587 3136 982 3561 2501 3062 4850 900 3813
3647554,4541 875 268 4317 3478 2025 900 930 112 3136 4736 2837 368 424 3675 3651 223 24 4987 2831
2175688,2728 2425 4558
3033791,2728 4558 4027 4541 112 2425 4727 3148 2099 3478 302 4587 245 786 532 3386 3574 2034 3137 4539 3136
1912447,3101 3951 487 398 4471 4889 3709 778 1417 3519 4385 259 1774 3091 2697 248 1446 4318 3424 1990 2137 4641 1252 116 2188 1306 714 3383 3172 3925 3149 3020 3011 2034 4697 2853 3916 1349 4276 4221 3471 1015 1430 1322 4162 3882 1167 3650 1172 4179 2111 1450 3466 1742 3185 3449 3778 4096 523
3234309,4727 4558 2340 1289 2728 3148 2837 4587
3016426,4964 4471 3951 1990 4221 2034 4587 4168 582 3675 3916 3197 245 3116 4385 1015 1798 487 4179 4889 4320 2733 2188 4852 4570 2431 3011 4867 1694 450 193 3778 3863 778 701 1568 1516
1912192,4554 4624 1133 2087 3675 3651 4292 867 4850 2340 3062 3146 3009 4585 424 866 4302 900 3478 2196 3489
404707,4317 3198 420 2831 1493 3782 3131 2029 3524 223 4131 924 4987 2599 4021 3867 1612 3235 2099 4053 2668 3707 2034 1307 1325 297 1990 268 1337 1042 4938 4450 3107 4207 3925 4736 3778 3431 1475 2719
728509,3675 1133 3773 4292 4585 4554 3062 424 3121 3514 2402 3489 4624 1248 910 62 1928 2087 4850 315 3009 982 4106 3371 4896 4613 1136 3813 378 763 4903 3946
411440,4493 1990 4871 3925 2921 3778 245 787
1871880,1596 630 2099 4027 2992 3867 4116 4053 4664 4871 112 1701 3036 2921 245 532 3495 499 2728 2424 44 4357 4587
3399623,3776 4727 424 2340 2501 930 24 3667 709 368 3148 305 2964 4558 1928 2433
1314855,2728 2425 4558 1526
3294781,4357 245 4987 4221 4179 2992 112 3116 197 3197 2921 4889 3969 361 526 2583
857579,4357 2992 112 900 151 4987 895 2188 4867 4021 4285 4179 297 3116 4565 2831 4221 245 962 4116
1573093,2034 1990 245 4587 4964 3951 3916 4871 3778 4168 3499 4179 3109 1694 4221 193 450 1015 1356 3925
3650406,2214 522 4875 2022 3965 3302 2127 3212 644 3099 874 1138 3196 3481 4338 1518 4242 2281 3068 3082 1925 2961 4434 4471 741 1431
1457805,4727 709 2659 4558 3136 930 3776 2837 2728 3499 3146 4587 302 3148
2318616,4871 4478 2260 4558 3916 4727 4168 1167 4587 3499 994 1356 245 3574 1694 1015
1040345,4558 3574 1180 4871 2425 1596 4539
200355,2992 1436 92 2382 1331 2053 3365 535 4948 2921
426555,4292 3062 4554 424 1133 4850 866 3675 4585 1321 3946 352 3894 4758 3773 2586 3277 1388 571 3146 4302 3651 1450 2196 59 3813 177
1561640,4471 3951 1321 2583 4318 2034 387 4021 245 4964 112 4317 1430 4385 4357 2831 1307 420
384829,112 2831 245 2034 3197 1493 4357 900 4987 4053 2099 1990 3524 4317 3198 151 2029 4450 1354 4221 4565 3778 1694 4021 3782 420 297 4867 4736 3707 2992
3371395,1133 3651 4554 3009 3675 2087 866 431 2278 2728 3371 4624 2340 4292 3121 1781 2196
3365626,2439 1928 2681 3450 3675 1399 566 4874 578 3010 709 2049 3129 3308 4907 4573 3371 1510 684 970 934 4106 4289 3829 4857 4611 1532 4380 1254 62 4197
2540207,4857 1133 1480 4985 1095 3675 4216 2439 4585 538 1781 3003 1814 4471 1324 2278 4972 2793 3371 2710 1254 2466 684
3294996,1321 801 3969 1788 245 4471 2431 4172 4357 4987 4926 3778 4964 1450 1990 4179 2583 2445
1693167,424 3062 3813 4850 3946 1099 3587 2297 3136 900 781 982 4302 571 3554
3639040,3867 2099 2992 4539 2728 4053 112 3235 630 532 3198 2921 2029 1701 895 4664
2994924,1596 4225 1990 245 4027 3574 3109 3036 3778 4179 630 2425 193 2099 294 1180 2921 3925 2146 3917 2992 4871 3951 2746 4168 4964
3068754,644 1387 2864 2994 2003 1580 4471 4762 3834 2281 3094 2661 1138
2357751,112 900 2034 245 4357 2831 2099 895 1493
1398083,2728 4541 4558 302 2425 4727 4539 2424 1293 3478 4027 112 3574 2099 786
3673641,2583 4179 4964 4471 3116 245 1990 714 2431 2992 1430 4987 4357 2594 3365 193 1798 4926 3951 4221 2146 3778 1992 4318 3969
2924599,2034 4587 3951 3916 1356 3148 245 1990 4964 1015 3778 3197 4727 3466 3499 4168 4027 4221 4179 44 387 1694 3109 802 112 4871 900 1404 2340 4390 1395
1711416,4471 2697 2431 4900 1990 3951 4587 450 4964 4318 2583 3778 1252 3116 1321 3580 3863 2034 1430 3675 4841 3136 2188 3062 4179 4889 4987 4385 245
2007025,2034 1493 112 2831 245 900 4317 2099 3198 2206 1042 1321 3925 1990 4357 3197 1354 4053 4987 4587 1786 922 2320 3918 2029 268
348523,4871 3574 4558 4727 2260 1596 4478 1628 4168
1221853,3136 3062 3946 4292 1321 3502 1450 424 4585 3813 982 4758 4850 4471 3675 368 875 4302 3554 1099 4624
3806909,3062 875 1321 3946 3675 4292 3136 424 3277 1450 4987 4758 900 2565 571 4850 2921
1254148,2728 4027 4558 3148 2425 4727 2034 2099 4587 112 2340 245 3386 302 3917 2831 3478 900 4539 2424 3951 3918
700691,4964 3951 450 4471 1990 4587 4179 582 3116 3916 4221 1015 3778 1694 4320 3863 2095 2034 245 2188 487 2431 1798 4867 4841 3109 4168 3466 3197 109 387 4889 193 4852
3849300,895 4317 1321 1701 1307 268 4494 1337 2418 2921 3242 3085 361 787 3782 1059 3406 2138
704070,2260 1140 4447
233876,3116 4179 4964 245 4471 4867 4357 2583 2950 4987 2594 4221 1798 2095 3951 1321 2992 962 4587 582 3197
3741789,2431 3355 4471 2919 1035 684 4303 1630 1474 1990 2320 2980 1731 1652 4926 2215 4029 900 2111 2508 2153 4900 3702 3683 4988 1336
1373839,3917 3197 193 4020 271 2320 151 4027 4317 381 4179 4164 2034 3524 4053 1694 4029 2418 2831 245 4964 4988 3925 3683 315 4987 4450 1572 1072 4056 2921 829 3379 1395 361
584479,4587 1321 3969 245 2728 3136 112 4357 930 895 4727 3421
1862556,2921 2445 1321 3675 2583 2328 2431 4758 3062 4471 2565 787 1337 1788
2415059,2728 4539 1293 4558 2424 2425 4727 3574 1469 4541 112 2029
3774233,4554 866 431 424 2278 305 4727 486 1133 2033 2501 2837 3146 4292 24 268 3651 112
621339,4476 4584 2087 3121 4560 3570 4624 2780 673 3277 3773 1577 3985 378 2335 515 2919 4183 675 1450 752 2989 3807 4585 1248 3675 1972 62 3009 474 4758 4855 1149 3136 3883 1268 4292 1133 1742 2196 4717 3062 2769 4180 2451
2479248,4727 302 4558 3574 2728 3148 3404 4871 930
321454,2049 3094 2127 4242 2202 2003 2242 2809 4681 4044 2994 317 651 4195 4602 1695 4704 1411 1904 4825 1341 4471 1743 4411
2295231,4168 4727 4587 4558 3916 4027 4964 4871 3951 44 2340 1356 245 2746 2034 3109 175 3499 1015 1694 1596 2728
3165800,2728 4027 2425 4539 4558 3478 4727 112 2099 4541 1293 302 3386 3574
3377779,930 3136 2728 2025 2837 2659 3146
3350097,3696 2728 4558 268 4587 3146 2425 436 709 112 245 532 3137 4791 2921
3066750,900 1321 112 895 4987 875 4357 2008 4317 268 368 2921 3969 4471 3062 2814
3353964,245 3197 4357 2034 4221 1990 112 4987 4587 4179 900 3778 4867 4964 4471 1694 3116 2992 197 582 3951 4565 962 2188 4889
3872655,895 2583 847 1337 4867 2095 2992 4116 3969 4987 1430 4357 1026 1226 2801 3116 4179 1321 2047 1318 4964 1629 2565 361
3230483,424 2340 3946 2297 3813 3062 4727 900 1099 368 4850 4471 3587 4302
2944327,1990 245 4587 3951 2034 3778 1694 4964 4871 3925 4168 3109 1015 4179 3916
2167775,2431 3951 4471 3116 4964 4318 2697 3020 1417 116 2950 4179 2039 4679 358 701 1990 1321 2188 1430 4987 2583
1005593,2047 3234 1587 895 2583 2801 2565 3874 2095 1318 1430 2814 4964 1026 4867
584282,4964 829 450 3951 1990 4841 3916 1015 1694 3863 4587 4900 4471 582 4627 4320 2697 387 2034 2894 216 2431 4385 449 71 4011 3778 1356 315 2146 3580 2746 2733 245 4179 193 2137 3197 4221 109 3675 4168 487 3116 2611 2095 4027 3371 1395 4889
3309938,2728 4539 2425 4558 3436
246470,4539 630 112 4027 3867 2099 1180 2425 1596 4466 532 55 2424 3495 1562 2728 245 1844 2029 4558 4053 1501 3478 3574 786 3431 2831 3283
2385431,1321 900 112 4317 1788 268 3675 4357 4021 245 2831 368 3478 4987 875 4758 1450 3136 4471
2968351,2160 3235 2992 2030 4938 4053 2921 1701 895 3198 1307 2029 3867 1990 4973
2299329,424 3136 4727 930 24 3587 3651 2025 3561 3776 4541 3478 2340 2837 2298 4292 368 3554 3494 2501 867
2758161,1321 4318 4471 245 1990 2034 3778 450 2583 1788 3675 3925 4758 2565 3197 4512 3432 259 4587 1446 4987 3951 4964 368
3634679,2728 2425 4558
534779,709 3675 424 2087 4292 3062 1928 4554 4289 2402 3371
1311438,4964 4570 1252 5005 2644 3829 358 4876 1431 4947 1207 3183 2202 1925 4313 1852 4052 4258 493 1364 4672 1090 4877 1854 1737 4427 2957 2349 4409 1694 4267 349 1255 3087 4830 64 1974 4759 157 3579 785 1052 706 1625 3471 4471 2754 180 984 4852 1977 1068 3020 3171 3625 470 4680 3844 4945 1452
2825225,2487 1131 4306 3865 1544 4441
1968127,2921 1337 4541 4494 2138 3431 3242 268 4053 1701 2418 3085 2029 361 2099 1307 3131 1059 3867
1169570,3471 4471 3079 2661 1954 3094 1580 3732 2744 4216 3680 1582 4242 2811 1237 4985
1697161,1131 4306 1544 3865 3440 2382 2487 4441 3490
450037,1742 4871 2565 3675 3121 3136 2625 2780 2123 714 378 3985 1015 3883
3867317,2431 4471 3951 2583 1990 1430 2039 1417 4964 962 4987 4318 245 3116 3471 450 4179 2095 2697 4587 1321 4867 3020 1446 2034 3778
355414,4727 424 2340 930 4558 3136
304882,4471 450 3951 4964 2894 2697 1990 1322 3471 4841 2431 3863 829 3916 4320 714 3675 2502 3778 4889 3308 3011 4385 4221 2188 778 4011 4570 918 3580 1252 2594 4627 4318 2583 2984 387 193 2168 2146 4587 2034 4900 3116 2565 2137 3371 1208 4852 245
2292444,1321 4758 1788 4987 1450 4357 787 3675 4317 3478 268 4302 2565 368 2025 1446 112
1811169,895 4317 1337 4867 4357 361 4021 3406 4116 112 1321 4450 4131 4285 2099 297 4053 3782 4987 1307 245 900 2992 2921 2320
3165871,4799 3471 4471 166 1259 3094 3518 3111 1964 1095 4857 2793 1668 4216 193 538 1829 1195
2421971,4554 4727 866 305 2501 424 2278 24 486 2340 930 2837 3146 4292 3478 2033 1928 2956 431 2433
2938149,2831 112 245 4317 2034 900 3036 4357 420 1990 1321 3925 4471 3466 151 1307 2099
824876,3471 4471 3079 2661 1954 3094 1580 3732 2744 4216 3680 1582 4242 2811 1237 4985
2479629,2728 4539 1562 3436
588974,1215 3217
2324096,875 900 3478 571 930 3587 245 112 4053 4317 424 4987 2728 4357 368 3085 3277 3651 1321 3198 4736 787 3675 3136 2034 2831 3062 24
53781,2793 1668 2022 4716 1753 4216 2214 3196 1909 3003 2466 1198 874 4985 3061 538 1694 3518 2528
785743,2992 4987 4357 245 3116 3107 2034 895 2515 3115 1629 736 197 3969 4221 4179 3642 4679 3875
878277,2831 4317 3198 268 3782 245 112 4987 4053 1493 1307 2029 2034 2099 4021 2320 223 4131 151 1990 420 2921 3925
2074755,2439 578 566 4857 4972 2049 4907 1399 3129 2789 3450 3675 1532 1928 4289 4380 2508 1133 970 23 2402 792 4855 3010 1254 1782
1708969,1596 2425 1180 2099 4027 4558 3574 1742 4541 4225 4871 3085 630 361 3917 3867 2921 4539 786 2424 268
355070,2425 4558 2728 3137 709 3146 2340
3261515,4727 4558 3574 3136 930 4027 2728 302 2340 3450 2659 3148 4587 4871 44 3916 3478
1072208,245 2034 112 4587 4357 3951 900 4964 4987 3197 2831 4168 2188 3778 1990 4179 962 4471
3576488,1321 1788 4317 900 4318 4021 268 2831 4987 112 3675 2583 4357 2034 245 2921 895 4471 3198 1307
2972878,4583 1133 4585 4315 1781 4216 1814 3979 3675 1894 2922 3453 1388 1095 4972 2651 2439 76 2362 62 1972 1480 4985 1788 4142 432 1013 2948
1098096,4357 900 1321 245 4471 112 4318 4987 2831 1430 2583 2188 197 1990 2034
2275652,3230 2014 1853 3623 2214 3099 4965 3764 874 1849 3247 1518 2022 3196
2536780,2728 4541 4539 1469 3283 2029 2425 532 4027 3867 924 1293 24 112 2099 1501 786 630
873405,2034 1321 4471 2583 4318 245 2431 900 1990 3951 1430 1788
1370003,2789 3675 3009 3121 1133 2439 4857 315 684 3773 4585 62 1248 708 1781 3371 4292 3894 2165 772 378 1095 3651
1491077,1321 2431 4471 2583 4318 4021 895 4317 4987 900 420 4357 2039 4867 1430
561493,116 6 2508 2972 1574 3598 3628 2150 3354 212 2697 4347 3829 4333 4659 953 3396 1652 3951 4162 490 176 3695
926112,3574 1180 4027 2425 4727 2728 1596 4558 4871 2424 3478 2099 4539
3501154,112 4541 1501 3478 268 2728 3136 930 3867 4053 900 2099 245 532 786 2029 4727 922 1354 4357
493869,2921 4388 2992 2685 2445 1430
1398873,1256 1963 2300 3270 4936 1403 3559 3739 736 1818 3267 72 4938 1878 2047 2711 3812 3079 4274 1426 1226 2801 361 3234 2583 3909 2445
1087699,2992 112 245 4357 151 900 4179 2831 3642 2921 3036
2594420,3062 4292 3946 1321 3136 900 3675 4758 424 875 1450 3277 4987 4850 4302 4903 4736 3969
2919309,4558 302 2728 2425 3574 4727 3917 2100 2340 2099 3137 4539
1401445,875 1321 4541 3062 3478 3136 3242 930 4317 900 895 268 787 1450 2837 4494 4736 3946 4292
2916530,2034 245 112 4587 3951 4027 387 3197 4357 2831 4471 1990 1694 3466 2583 4727 4168 4221 3925 4964 900 4179 3148
1400477,4727 4558 4027 3574 4871 4587 245 4168 2034 3951 44 1596 3916 2728 2340 3148 1180 1356 1990
889623,2921 112 2445 4938 3739 245 3115 895 268
1526688,4727 4558 3148 4587 2340 3916 4168 3499 1356 4027 1015 44 4871 302 2728
3703699,2921 4388 2992 2053 2382 3036 1990 546 630 3109 2414
2815274,2728 4558 4541 4539 2425 1293 112 4727 2099
3595515,2025 875 3136 930 2956 3651 3478 2837 1788 866 1321 4987 4541 3587 368 112 4292 2659
2032595,4289 3675 4292 3062 2402 4554 709 3371 910 2087 2196 1133 4106 424 1928 3773 62 2439 2501 248 305 3843 4727 4758 1450 3277 4302 3010
376969,3062 1321 875 3946 1450 3136 368 3502 900 4292 4317 2586 3772 2008 4758 3969 1788 3478
3463325,3062 3136 1321 2586 3946 875 4850 2328 900 3277 424 2565 4292 571 3969 4585 1450 4317 3675 4624 378 368 3651 430 4987 982 3478 4471 1337
480756,4357 4179 2992 4987 3116 4867 4221 245 112 151 962 2188 526 2950 4269 3642 3036 4285 4116 900 297 3197 4565 895 2034 1947 4148 1337
587284,4587 4964 4791 1727 3951 3421 470 3499 2081
887205,1337 3242 4494 2030 1701 361 787 1059 3864 895 847 3235 4938 1529 4053 2561 4546
2673466,431 2278 2033 4972 305 4560 1133 3938 4658 4767 2793 4727 2779 866 3675 3062 4558 3276 2044 4585
2981537,3806 4576 4611 4770 157 1496 2957 1194 2049 1933 2186 2661 4602 1207 2986 4044 2809 4109 2106 4704 4258 1977 1932 4858 1237 2202 2588 3392 2707 4471 1852 1799 4877 3089 2584 3903 4677 651 4003 4848 1486 2785 1992 1081 3094 3732 448 785 2933 1238 2127 1439 2573 2458 1082 2754 1904 27 871 159
1184053,4541 2728 24 1293 3776 709 4539 3478 4558 4727 2425 2837 3136
1067495,1321 2921 2583 2801 3116 1825 2445 4926 4021 4987 2328 526 1026 1430 1788 847
2141743,3499 2340 4558 4727 2728 4587 3148 4447 44 4791 1757 2746
3067692,4539 1596 2425 1180 3574 2099 2728 3917 630 2424 532 4558 4027 4225
1964314,763 4334 684 972 2262 685 3843 424 743 357 4200 1886 4850 248 3632 2332 2278 431 315 3813 3928 4641
2353982,873 1321 1788 4736 895 3969
702263,2153 2508 4855 3675 1567 4988 71 4471 4964 2814 1742 4611 450 1652 449 3519 3159 2146 4303 1304 684 3863 1252 2431 566 1574 829 1142 22 4347 2095 3121
767300,3499 4587 4727 4791 4558 4447 3916 1252
1539761,2831 112 1493 2099 3867 2034 3782 2029 245 3198 900 4317 268 420 4053 3524 3495 3478
2455347,4972 4985 4315 4216 2710 1781 4857 1133
332567,1321 4987 895 1337 4021 2831 2921 112 4357 4053 1307 900 1788 1701 4317 2583 2328 3406 4116 245 4867 787 3969 3242 4285 4494
3840321,112 900 4357 245 2034 895 1321 2831 2992 962 1493 4987 3197 1042 2583
3899236,1321 112 2367 245 3136 2604 930 4987 1404 1216 2921 4357 895 2992 4541 4926 4938 1788 1493 4587 2025 3478 3782 1710
1507717,268 1191 4317 1493 2831 2921 223 4541 3131 245 3198 4027 3917 2099 2407 151 1337 829 2034 3197 3524 55 420 3867 4053 4131 1990 112 4987 3478 2599 3386 3925 3675 900 3782 2992 315 2029 4938 2008
1216232,2831 4317 420 1493 3782 3198 1042 4021 2029 1321 2099 3524 2034 895 112 1307 4987 268 2921 4053 2668 3867 3131 900 4131
36606,3136 2921 930 3675 2025 1037 1321 2956 3478
3129843,2793 2466 4857 3276 4972 3518 1909 4985 792 3003 3094 2710 2022 1668 3632 203 1108
3166755,2728 4539 44 4558 4727 2340 3148 4027 709 3283 302
1949343,2501 24 424 4554 305 4727 2044 3946 3776 3478 518 1928 4292 930 866 3675 3146 2278
3336925,4317 1321 900 4021 895 112 420 2831 2008 1788 136 268 3406 1042
1450324,4550 2153 4964 3829 4570 1652 3020 4855 4258 3625 1838 470 4783 3995 449 1854 3388 4606 4320 785 1694 3951 1674 1737 3861 450 4852 4475 145 216 2207 2853 4923 2338 523 3260 1349 3633 4593 4988 2146 3580 1252 157 1207 3778 457 1142 1083 2431 4078 706 2349 4579 4011 4083 984 4347 566 2122 1992 3011
1863408,424 3813 3062 3946 3587 3136 2297 347 4850 4302 900 3554 1099 571
1735767,424 4727 4554 305 3062 4000 4292 2278 430 3776 4558 2501 683 2033 4850 3587 3146 4757 431 2340 866 4302
2296997,2034 245 1990 3197 4587 2831 3925 4471 3951 3778 900 112 1493 4964 2431 3675 3466 487 4221 4987 1321 4317 4357 2320 2583 268 4179 4385 4318
93237,4587 3951 3916 4964 2034 245 1694 4168 1015 1990 4221 3466 3136 3148 387 487 4179 3499 4390 2431 3197 4471 1356 4727 109 4385 3778 2733
985755,1990 2034 245 3778 1742 4587 3197 4471 4027 1321 3478 1596 4871 3925 368 450 3951 4318
3566263,2728 112 3478 4541 3085 245 4027 4539 2099 2831 3867 2921 1493 268
562045,1321 1450 787 3675 4292 875 3062 4317 3136 3772 4758 368 1788 3946 3478 895 2921 268 3502 3242 2586 900 4021 2008 4494
2900361,2043 3012 660 619 1783 1273 2925 4321 515 3331 691 3060 1405 1170 1576 90 2374 3807 4584 1635 3209 4136 3793 3446 4854 4613 3101 176 2332 1510 4373 4560 4855 185 1811 4900 2066 209 3401 3883 2780 353 4180 474 3075 1601 2725 3944 4292 2919 414 1836 3505 1960 4624 248 3754 1083 4222 1179 2224 3945 4471 566 1895 1072
1263810,2992 4357 3642 4269 112 3116 245 1629 4973 2711 3983 151 4987 4664 895 4179
376016,112 2831 2034 245 2099 151 1493 2029 4539 3524 3198 3197 3867 1990 1694 3917 4317 3782 4053 3131 55 223 900
909416,450 4915 116 1990 3333 4382 4493 2660 705 1535 2344 4964 3951 4168 802 3916 1247 3499 4871 2188
3198731,2685 2583 1990 2992 1544 4306 1430 3874
3687680,4727 4558 302 3136 2034 3574 3916 4027 2340 4587 3148 4871 4168 2659 3450 930 245 709 24 3404 2728 4964 3499 3951 1356 305
34793,424 4850 781 3062 1099 982 3946 3813 900 571 430 4302
2067323,3574 4871 4727 4558 1596 1628 4168
2659463,4727 424 3776 930 24 2087
3810236,1421 112 444 2030 4973 1701 2711 1318 1307 4357 4274 3642 4494
2241994,3574 4727 4558 302 3450 4871 2340 4027 44 3148 1180 2728
1885522,424 3062 3946 3813 1099 4850 3136 3502 982 4471 2297 4560 781 3587 900
3250481,2034 387 3951 3916 245 4385 4964 4471 1694 1167 4168 1990 4727 4587 4027 2733 3197 4558
3183902,630 532 2992 713 1337 112 2030 4053 3782 3983 4664 3943 1953 4938 3642 1493 2029 2099 361
2046907,112 245 2034 2099 4587 4357 3197 900 2831 1694 2029 4053 1990 4539
540011,532 112 245 2099 4664 4053 2034 1694 3782 4357 630 4494 1493 2029 4539 2831 2155
331352,424 3136 900 3946 3587 3554 368 2297 2340 4727 3062 3478 3813 430 4302 930 4850
3724180,1321 112 2831 900 2583 1307 4317 4318 895 245 1430 4471 4116 4357 420 2034
1985130,4871 1990 3778 2034 1596 3574 3925 245 3951 4587 4727 462 4168 450 4964 802
395444,4871 3574 4478 1596 4558 2260 1628 2732 4168 4727 1167 1990 3916
763439,245 2034 112 2831 4027 4541 1493 268 3386 3197 1990 55 3478 4587 2728 1694 3131 4987 2099 3198 4053 4727 4558 1015 3925 3867 3778 109 3524 487 3148
2548394,245 1694 2034 3197 4964 4565 2921 4357 112 4987 193 3524 2831 1990 4317 271 4221 1493 4179 4443 4053 1516
3015018,2034 245 4987 4471 3197 1321 4357 4587 1788 487 4318 420 2583 1990 2831 112 3925 3951 368 4758
655393,900 245 112 1321 2831 4357 2034 2583 4987 4317 1788 4318 4471 4021 1430
3050870,2728 1757 4027 2340 4404 4520 4558 1742 4791 4587 1596 1395 245 2746 2425 4964 1167 2837 2732 1015 2921 4 3916 268 3951 3136 3917 1694 4447 800 4541 1152
1747083,424 3946 3502 3062 3136 4850 3813
2163790,2921 361 112 2030 268 1701 1337
1176105,4539 2728 1293 2424 4541 2029 1469 2425 4558
1662031,2728 4554 4558 2340 2087 3009 2278 2837 4727 866 4624
90190,245 112 4357 2034 2831 4987 2992 151 4179 4221 3197 3116 1493 4053 4565 3524 3198 4317 4269 3642
3844208,4871 450 4964 3916 1015 1990 4791 2660 3778 3185 3951 1727 3300 2146 2565 1757 4587 1694 3499 4221 245 4611 714 994 2502 1992 1742 2732 3002 470
436170,3969 4987 1321 847 2921 2583 245 2445 1788 4357 895 3163 4926 2992 1430 361 3675 2565 2206 2431 3197 4471 526 4221 4317 2328
1808284,4611 2153 566 3396 1808 4855 1731 3033 1080 2977 3675 2361 450 3121 3301 4222 4289 2431 1810 918 1176 757 3519 3722 3393 2894 4876 1304 4471
1222752,245 2034 2831 3197 112 3524 1990 1493 4317 4357 4221 2099 151 4179 4565 4053 582 4987 900 4131 3925 420 4964 2992 3778 1694 3198 3036 4587 4450 4027 3782 193 4116
3485606,1990 2992 2600 2685 3036 1544 2053 2583 462 3874 2382 4179 802 3116 3109
2465667,4871 1742 2625 1727 4877 714 3249 1015 2565 2261 4095 2123 3722 3499 470 450 994 605 2260 4791 3300 3778
1156798,2728 2425 4558
348157,4791 4587 156 3300 245 4811 4964 4179 2950 714 3951 112 1516 4556 4221 3109 4357 3499 3146 2340 2728 2583 2065 1216 1742 1740 4558
3435952,245 2831 4317 900 112 2034 4357 4987 2099 3197 223 3925 3782 4116 1990 4221 151 1493 4021 2599 4179
1008375,4587 4727 2034 3136 3148 245 4558 4221 368 4168 3951 4027 1990 305 3675 2340 4471 3916 3778 387 3466 3499 4964 487 4179
220096,3136 4471 368 1321 900 3946 1450 112 4560 4587 424 3062 3554 3478 3675 2586 3969 4302 4758
3310302,1364 4942 2644 4313 3421 2134 1983 4964 1482 785 4686 2202 2957 64 4354
1709992,4317 900 112 4357 4987 2831 1321 245 2034 4867 875 3197 582 4471 420 895 2992 4221 4587 3675 4053 151 1493 962 4179 3062 2320 4021 3116 2188
2950664,3675 1321 787 268 4938 1701 361 1307 4471 2565 1450 3242 4494 2921 895 4053 4987 4116
759153,1321 112 1788 268 900 4987 2831 4317 1307 4357 787 875 4021 420 368 895 245 2008 4053 1446 1354 3062 3478 4541 3406 4471 2583
3382767,71 109 4964 367 193 3197 315 1516 829 245 3863 2593 3917 3925 1957 4179 1322 271 1990 2921 3784 2146 4734 361 1694 268 3675 1742 4450 1446 2831 2095 582 3524 4221 2565 3011 3471 1337 2814 151 1493 4317 4841 4357 2320
2693346,2271 3373 4983 4320 32 4992 4171 799 4611 3020 874 4216 1299 259 3675 1388 2651 3371 1324 2539 2439 3279 788 4471
1687730,3136 3062 424 3946 368 4292 3554 4302 3651 4585 3587 930 3813 1321 4471 3502 4850 982 4758 900
3763096,3450 2766 553 2270 2774 3470 1914 2927 3678 3716 2250 1928 3776 1861 3951 3368 2483 3621 170 1860
1917679,4027 1596 4539 2425 2099 3917 2728 1180 532 3495 3574 630 2424 3867 4558 44 55 4225
61738,3946 3062 3502 2297 1321 4292 982 4758 352 3772 347 1450 4850 648 3136 2586 4302 2757 2432
1942326,2728 2425 4541 4539 1293
141302,895 1321 1307 112 2831 4317 4021 420 2583 4987 4053 1788 3085 2206 136 1701 3782 268 900 4357 4116
2210234,3502 3136 3062 3946 424 4292 3675 4758 4471 1450 3772 2196
2944932,1307 268 2029 2831 112 3198 3867 3782 3235 4317 1321 4053 895 4938 2921 1042 4021 3107 900 4987 4494
2400544,259 3159 216 4964 684 4471 3863 4855 3371 4385 3829 2697 2146 315 779 3675 4289 328 4627 4320 2431 4011 4900 4841 3571 62 1322 1252 2508 449 778 829 3778 3916 2137 3825 3471 1538 2611 1474 3062 3136 2387 71 3946 1304 3773 193
767037,3574 2260 4558 4871 3450 1596
846052,2992 1990 3524 151 1337 4053 4131 245 2099 2921 3197 630 1493 112 285 4317 4357 3036 2053 3707 4987 2831 1701 4179 2414 2692 3198 4388 3778 4664 4116 546
3735373,1990 450 3951 1430 3892 2583 2039 4964 4493
2549914,112 245 4357 2034 900 2831 3197 4221 151 2099 1493 4179 4987 2992 3642 3524 4160 4317 1990 2188 4269
2927162,24 4807 3776 2262 4400 3894 3843 3143 248 2501 347 237 2278 3021 4667 1976 4850 489 424 3479 1035 4000
379736,1133 3675 3651 3009 4554 2087 2340 2837 431 2728 2278 867 4624 3371 2033 315 866 2528 3146 4292
2077966,4964 4471 1990 2431 3951 245 2034 4587 3916 4385 4570 1252 4168 3675 1568 4221 1694 1015 3136 3650 3778 701 4276 3499 2733 398
2458689,245 3197 4357 2034 4987 4221 4179 3524 1694 4565 4964 2992 1516 193 1798 112 197 582 2863 4051 4116 3116 1493 4053 151 4664 109 3983
999714,4027 1180 1596 4871 2034 245 4558 2099 4587 3574 4727 44 2728 2425 112 1844 4168 3917 3137 4539
3183671,3478 930 3651 4541 2921 4727 3136 2728 2025 268 900 112 245
2083947,4587 450 1694 3916 3951 4964 1990 4168 3499 1356 1015 2034 802 245 4871 3778 4320 4867 2894 4471 4385 3109
2848952,4357 3197 4987 245 4179 4221 2992 193 4964 4565 2863 4867 2034 3969 3116 197 1516 1798 3524 4889 582 4116 3983 1694 4450
1666582,3675 1133 4585 4292 3773 62 3489 3009 3121 424 1248 4554 315 4850 3062 4624 4142 3371 248 763 3946 4903 2402 4106 2196 3894 2087 4471 1928 1450 4613 2974 1388 3702 684 1173 3514 910 1136 4289 3316 751 3813
699985,1535 1544 2382 1464 2685 1990 1430 2053 1247 2992 802 3333 3029
1095672,4558 1757 4587 3916 2340 3499 4791 4447 3148 1015 2728 4727
725362,4317 1337 2328 4285 315 2921 268 4021 875 1701 361 3062 1321 4867 3675 2599 151 223 4987 4053 4494 3406 2407 2992 420 245 2831 3131 2008 4357
3336220,1493 2831 245 112 3198 2034 151 3524 3197 4021 4317 2099 2029 4357 4053 1337 3131 2320 4987 4450 223 900 4131 4160 268 3925 3778 4221 4116 1990 4179 2992 4285
616259,424 3946 3062 3136 3587 4850 3813 2340 347 930 4727
2875721,245 582 4357 3116 3197 4179 2034 112 4987 4867 4221 2831 151 4964 3524 109 900
2016097,2728 4447 4558 44 2340 4727 2746 4587 4791 3148 3499 4298 1757
589816,112 2831 245 4357 1321 1307 2034 900 4269 3642 4987 3116
1304797,424 3813 3062 900 3946 4850 2297 4471 1099 571 4302 2340 4560
364249,4727 4558 3148 3136 3450 930 4587 24 709 3776 2340 2837 3499 302 3146 305 3574 4168 4541
1924729,4871 1596 3574 4727 4558 1180 1742 1628 4027 3651 4541 2425 3478 2099 3085 867 245
274286,4727 4558 3148 302 3574 3450 4871 2340 4027 3776 3136
3798464,834 4807 2278 4426 3843 3673 3277 2262 4010 912 3829 684 3276 4767 248 3875 4727
1243965,4317 875 4736 3062 4987 2025 1321 3136 223 3277 3946 368 930 420 1788 3675 2008 900 112 3478 3131 3707 4292 424 4541 1042 268 3651 2831 4029 3502 4357 430
1714374,4727 24 2837 2728 3776 709 930 4541 4558 2340 3478 3146 3136
973382,4727 3776 3450 3136 24 930 3651 4558 1628 709 2837 3146 3478 4541
2280871,4558 4727 2728 3574 4027 302 2340 3148 1180 3450 44 3478 245 4587 2034 4168 4871 4541 1596 930
2977188,2531 2123 4871 2625
2425703,424 4850 900 4000 3651 571 3813 4302 4727 347 781 430 3062 866 1099 2340 112 3136 3946
572399,2583 1321 4021 4317 4471 2831 4318 1307 895 1430 245 420 2320
1767938,1535 1417 3951 2583 1247 2921 2431 1825 1464 705 2963 1990 2565 1430 3333 2095 2685 2039 4964 3471 4493 4471 1321 4318 1322 962
846682,3916 3951 4587 2034 4964 4168 245 4727 1356 44 1990 4027 1015 2340 1694 387 1395 4871 4558 3109 3499 2746 3148 3778
3665895,709 4554 3651 3146 2728 4558 2837 4727 2528 3009 1133 2340 1404 2033 867 3675 1844 3371
792257,4992 3373 3978 141 2761 4759 597 3987 3736 1637 1568 32 4320 2554 1961 2651 1424 923 874 4171 358 3020 2095 4071 4964 4957 1287 4678 962 4852 4983 1764 788 1207 2588 397 2802 799 3168 3079 1238 4737 4987 193 3116 1496 1061 4583 4471 4945 1852 4429 2692 3128
1606987,3651 4554 4292 3062 3675 866 1133 431 4624 305 2087 2033 4302 4758 2196 3277 486 3554 4289 2278 3371 4727 3478 1095 3476 2501 4183 378 3969 1321 1450 1928 3946 3009
55746,245 4357 112 900 4221 4987 4179 3197 2034 3116 4269 3642 4889 2992 151 197
2799907,4587 4727 2659 3136 3148 2728 2837 3499 2340 930 3776 2956 1289
1572839,431 3276 2278 2033 4972 2439 1095 4658 1133 2793 3938 2528 4558 684 305 4727 245
2906517,4871 3574 4727 1628 3651 1596 4558 4587 245 4027 4168 1180 1990 1694 3478 1167 3778 2034 1015
3163,1133 4554 4292 866 3062 424 3277 3675 4758 1781 4880 1321 3651 4850 1214 430 3371 1388 420 1404 751 1788 4541 2278 431 571 2586 1251 4757 2025 3894 59 683 875 4302 4585 972
1525254,4583 2948 1107 62 1388 1095 3675 538 1133 76 2352 3121 4471 1788 2174 3729 4142 4585 2439 4315 2565 3990
666796,2660 2502 3829 162 4964 2984 1252 1322 2202 3471 4096 4095 1990 1727 4460 2625
567691,644 3965 2214 1387 4875 3233 522 1224 2281 2022 3212 2961 4073 3481 2756 1162 1431 4216 2687 1753 741 2127 4985 4471 1580 4242 3692
878057,1596 4027 1742 245 3925 4587 3778 1990 2921 1844 4871 3918 44 2034 2099 3085
2912223,112 4357 245 2992 895 2921 4987 4565 2034
2622561,112 2728 4539 3867 2099 4053 3085 532 1501 4664 3478 2029
2092944,424 3946 3136 3062 3502 4292 3277 930 1321 3675 4758 2025 3587 2297
1912206,2728 4558 4727 2340 4587 1740 3136 4791 4541 930 563 3499 2425
1211773,2992 4179 3778 245 1990 3116 2188 4357 3109 3197 4221 2034 962 3036 4587 112 4987
636872,3951 2431 1417 450 1430 1464 1990 4471 962 4964 3449 2583 1535
1048896,4587 4727 3916 4964 3951 4558 2034 4027 1356 3499 3148 3675 4168 387 1990 245 2340 1015 1694 4871 4385 2746 44 1167 4471
1616274,4871 2260 4168 4478 3574 4558 4727 1167 1596 1628 3916 4587 1544
504079,245 2831 4317 2034 112 900 4987 1990 3197 3198 3925 1321 2320 1493 4021 268 2099 1788 4357 223 3782 1354
2241131,4727 3148 4587 4027 2034 2340 3916 1015 4558 1694 4390 1356 4168 245 4964 1395 3951 2746 387 3136 44 4298 1990 1167 302 3778 1775 3776 4221 3450 487 4320 3197 175 3466
2063214,2728 709 4558 3651 4727 2837 3146 2340 2278 2087
2731509,4727 2728 4558 3574 3776 3148 302 4541 4027 2837 3478 2425 3450 1293 2340
3049997,4587 2034 245 3951 4727 1990 4964 387 4027 3148 4471 3916 3778 900 4168
3788220,2831 4736 3198 4021 1493 3131 112 2668 4987 4450 3524 1321 4317 4938 1307 4357 3782 2034 2099 245 223 1337 4053 2029 268 922 3107 297 4148 420 151
3446557,2921 2992 1990 2685 1430 4388 2053 962 4035
274192,2831 112 4317 245 151 900 2034 3782 3036 2099 2029 4357 420 223 1307 1990 4565 3197 3925 4053
2638240,245 2992 1990 4179 3116 4357 4987 2188 962 4221 112 3197 2034 3778 900 4867 582 3036
103404,424 2340 3946 3813 3062 1099 2297 571 900 3136 4850 4560 4302
1979238,245 112 4987 2034 2831 3197 4357 900 4317 1990 4221 4179 151 3925 2320 3036 1493 4889 4471 2099 268 3198 962 2583 3116 2992
3523016,3062 1321 875 368 3946 4317 900 4292 1450 3277 2008 3969 1788 430 2565 2586 2328 4758 3478 3136 509 895 3502 352 571 4585
2534551,1321 268 2921 900 1788 3675 4317 3478 4987 112 4758 930 1450 787
3415889,4471 450 1321 2320 3313 1694 1072 1450 4289 2431 3371 368 1574 2158 4317 4560 3675 1788 2647 2034 3951 2831 4987 4292 829 471 193 2745 4587 3062 4727 3277 2583 3925 4855
992008,2801 1321 3874 2583 1825 2921 1026 330 847 4926 2328 3116 2445 1701 526 1430 2950
1754593,4558 2351 2340 4791 2728 1757 2260 4587 4727 2425 3499 3137 4447 3916
3893883,2095 450 3675 4394 3197 582 1990 4303 4471 4987 2692 315 2431 3951 4964 1742 259 2034 4867 3116 3778 3863 3925 3471 688 193 245 3383 2814 1015 1568 1252 4179 1430 2583 962 1322
3666529,449 2153 3633 145 3580 3829 2366 1694 3680 4078 927 1035 4475 1151 4964 1854 191 4855 523 4209 3193 1674 4680 862 1574 1252 4923 2462 2602 4047 4783 3045 4083 3634 4433 2088 216 3571 4988
1841426,245 2034 4587 4987 3197 1990 4357 1321 4471 4221 3116 4179 4317 2583 3778
64871,3136 930 2025 2921 3651 875 3675
3823692,3116 1321 2583 526 1430 2801 330 4964 2431 2950 4926 4179 4987 4471 2921 2594 3874 1825 4357
2924738,4027 2728 112 2099 4558 4539 3478 3148 2425 55 4727 4541 2034 3495 3917 532 2831 3574 3386 1293
3120284,1629 2992 2515 3115 4357 3001 736 4116 4179 3983 4987 3909 1947 3116 1939 3559 245 151 4973 3107 2711 3969 4221 4679 2950 297 2081 3642 3421 1403 1845 40 895 4910 4867 1436 568 3739 2030 1430 1321 1284 526 4388 1226 1818
185788,3946 4585 763 1450 1321 3062 4471 3773 4624 1788 1026 2989 3277 177 1742 4850 4142 2565 452 4337 2432 4583 1013 3969 4243 1133 4758 62 4149 1388 378 4029 263 3502 3675 3570 2586
3185075,1321 895 2583 2921 1307 268 787 1701 361 2445 900 1788 4494
33210,112 4027 2034 2728 2099 4558 4541 3386 245 4727 4539 2425 3478 2831 786 3148 1493 302 3495 55 532 44
524146,2034 245 112 4587 2583 2831 4357 900 3925 2206 4027 2728 1493 1430 1990 3951 1786 4727 4987 3197 1321 1404 268
208832,1364 2644 362 4313 358 2658 1879 3485 4964 984 1968 1536 4354
2874757,424 3136 3946 3062 866 982 4292 4850
3240440,1301 1615 3186 4424 1034 2211 4926 900 2423 3313 2193 3358 2899 1473 472 3163 3707 420 4836 2927 4056 4000 1694 223 1816 3685 2038 4092 4207 430 4565
2512454,2728 2425 4539 1293 3283
1012261,4311 3866 3667 2193 3211 1034 900 2899 3776 2905 4027 4139 4006 3899 1473 3685 4727 3420 4000 967 2211 1349 1017 2423 4424 880 44 4056 4565 3788 1257 2728
1810620,4587 4871 4727 4558 1356 4168 3499 3916 1015 3951 1990 1694 245 1742
3397624,3373 2761 799 141 4992 4171 358 4964 597 4759 1568 2095 3020 4071 1637 4678 962 1708 3736 788 3471 3987 2651 3978 3653 1424 1061 2588 3168 3079 538 4945 4983 4320 4471
1041212,4727 3148 4558 4587 3499 2340 4168 3916 3450 1015 4027 1356 44 2034
3813539,1321 1307 895 4021 787 1701 4987 4357 1337 4317 112 361 4494 3242 2921 2583 2445 875 268 4053 3969 1788
706411,2565 1742 3985 3675 1749 2921 2583 245 1321 787 4471 2328 268 4289 1990 1337 3121 315 2992 3300 109 714
3045866,4388 2992 2921 2053 2382 1544 285 1990 2685
688546,3136 4292 3946 3062 368 1321 900 3554 4302 2586 2297 424 4758 1450 3502 4471 3813 3675 3651 347 3772 3969 4850 3277 648 1788 3587
1121447,4539 2728 2029 4541 532 1501 24 3867 1469 4558 709 112 3776 2099
122858,3675 4554 4292 1133 4624 867 3651 3121 3062 3371 4289 4183 2196 1388 4850 4903
3536559,1321 4317 895 900 112 1788 268 2831 420 1042 4987 1307 2206 136 4021
2089860,4727 4385 2034 3916 4587 3136 3951 4558 387 1356 3499 4471 1015 1694 4964 1990 3675 4027 305 2340 245 4168 4871 3148
2137126,2644 2202 1364 785 4313 4964 2727 1482 4686 3539 4354 358 2957 3692 984 3421
256912,245 2034 3197 4357 4987 2831 4221 112 4587 1493 900 4471 4317 4179 1321 962 4021 3116 1990 4889 3778 3675 582 2992 3925 4867 4964
1134235,3675 1133 2087 3009 4624 3773 3489 4585 4554 1248 3121 4292 685 315 2402 1928 424 3514 1136 3371 4857 62 4850 4289 4903 4106
3556820,3276 3675 2278 3651 974 1133 4554 2033 315 431 4558 2728 1781 2837 3009 305 4857 1095 2528 3371 1762
2309568,343 4091 4544 4570 3770 3547 51 3845 2508 2861 2835 631 4683 4508 523 3247 3829 448 1207 2458 1977 2349 984 1802 4209 2767 2207 3835 157 1090 3389 2338 1991 4258 4593 3167 3876 596 64 3629 4152 1151 4964 1252 4811 470 566 4213 466 3178 4347 4604 1727 2809 4623 4380 56 1143 1349 2502 212 1992 4553 3916 240 4471 3650 1142
1312133,1321 3969 2445 847 801 1788 2565 895 330 3990 1622 3972 2258 4686 2583 625 2863 4926 2814 2488 4016 3406 4274 1318 4758 1446 452 1948 4612 4357 4471
3236734,4871 1628 4727 1742 3651 1596 4558 3574 3450 4027 4587 867 3136 368 1167 3675 930 245
243478,3136 424 3554 900 3651 4727 368 3587 3946 930 2297 2340 3478 4471 3561 4292 4302 3062 430 2837 3813
1136893,4471 245 3951 4964 2034 1694 4587 4168 4027 4385 1990 387 3197 2733 1446 2831 112 1395 2146 3136 3916 3925 2583
986509,2508 2153 4471 3632 2697 3951 684 450 1652 566 3829 1574 4724 490 953 3121 2972 4385 496 3675 1072 433 1349 2431 4380 551 2146 222 4078 4876 3111 1510 4964
529781,424 3587 3136 3561 4727 24 3554 930 3651 2025 2340 900 368 3478 866 3776
1932386,1321 3675 112 2921 4758 268 1788 4317 4987 2831 930 900 875 4471 1450 4357 245 3136 2025 420
2876155,3062 3136 3946 424 982 4850 3813 4292 4585 4302 1099 4471 3554 1321 368 3502 3587 900 4624
368631,4871 1990 3778 2034 1742 245 1596 450 368 3450 3925 3197 4587 1628 4512 2534 3478 4471 4964 4168 1321 2188 3951 4758
179427,3776 4727 3136 4587 930 2728 3146 2837 1289 41 3148 4657 709
702766,4317 268 2831 1493 223 3524 1191 245 3198 151 829 420 4987 2599 2034 4027 3131 3867 3782 4131 2099 2921 4053 3197 3917 3925 1990 1337 3386 2029 662 2668 786 112 924 4938 4541 1307 4565 4285
2876413,44 4871 4587 4558 4727 4027 3574 1596 4168 1356 245 3916 3778 3148 2340 2746 3450 3499 1694 1015 2099
3238893,4587 245 2034 4964 4168 3916 3951 4727 1015 1990 4179 3116 4027 4221 3148 3109 1694 2340 3499 4558
2757417,424 3946 3062 982 4850 4302 3136 4292 900 1099 3587 2297 3277 3813
3623822,4313 1364 2202 2644 4964 358 785 3579 470 1482 64 3987 4686 4876 754 3275 2453 3692 984 3539 3421 4258 1252 4087 1974 2754 2957 1983 2727 706 876 2134 3165 1207 4570 157
515915,4871 3574 4558 4727 1596 4168 1180 2260 2425 2104 1628 2732 1167 4478
3415529,4972 2793 2466 3276 2278 4807 4857 1095 2033 203 912 4010 4778 431 3675 1133 3094 1668 866 305 2439 2528 1480 3673 4767 4376
3414301,2439 4857 62 3009 315 1133 3675 3371 4585 1095 4289 1388 3121 4380 1781 3111 4106 2402 2789 4471 3062 3450
1081086,4554 1133 3675 3062 4292 4624 424 3773 4585 3489 4850 2402 62 2087 2196 3946 3121 1388 1450 4903 982 378 4113 3371
1410321,1321 3946 4292 2586 3062 3772 1450 4758 2297 4317 1788 3136 982 900 3502 368 3969 2432 4302
2968068,900 1321 112 3478 875 930 268 368 4357 4987 3136 2025 4758 2831 4317 1788 3675 3946 1450 3062
2847894,4558 4727 2340 2728 44 1289 3148 4447
3635440,4541 2728 4539 268 1701 4027 4494 2029 532 2099 3867 786 112 3085 1469 4053 1337 630 875 3917 361 1501 2418 3431 2831 2837 24
1606470,1540 1694 245 1493 4027 875 800 4964 2831 3386 3917 112 2728 532 4494 2034 2099 2599 630
1541064,4964 3916 3951 1990 1694 4587 450 2431 4168 2034 4570 4221 4320 1015 245 4471 387 2660 193 1568 2137 2146 3778 216 4179 3471 994 3116 602 3499 4276 4852 1252 1322 1516 802 2095
518670,245 4027 1844 2099 1493 4587 3386 112 800 1694 2034 4791 2831 532 1742 1596 4811 2425
526350,4987 4357 245 4565 1897 4221 2034 3197 4179 197 2992 3116 112 526 4269 1694 3642 193 4964 895 470
2663433,361 1540 420 4317 1493 2008 2831 2407 2921 245 3524 1337 2328 4494 847 2445 4053 4450 2599 3197 4027 3917 3406 1611 2320 4160 4131 3386 3365 800 109 112 4496 4987 1694 315 3707 1225 1844 1701 3131 4056 367 151 4207 3925 1990 3863 4164
3428112,3951 4964 245 4587 1990 2034 4320 3778 470 4471 1694 4791 1252 3499 2431 714 1883 1172 3002
1084111,245 2992 1990 4179 3116 4357 4987 2188 962 4221 112 3197 2034 3778 900 4867 582 3036
3243845,112 2831 1493 900 2099 3478 2034 3867 4027 268 245 3495 2029 1042 2728 3198 4317 786
1056300,4357 112 245 4317 4867 900 2831 1321 895 4285 4021 1337 2034 3406 3197 4221 2099 4053 4987 962 2583 361 4179
2945532,3198 2831 112 1493 2034 2099 4317 2029 245 3524 4021 3782 4053 151 900 3197 268 1307 3131 223 3867
3602140,4587 245 3951 4964 2034 4471 3916 1990 4179 4168 3197 4221 3116 4027 387 450 4385 4727 3466 3925 1694 4987 1015 582 487
2889333,424 3813 3062 3946 3136 4850 1099 2297 3587 3554 4471 900
27836,1782 4223 4129 578 1781 2439 2651 4634 4964 4972 432 3019 1133 1480 1520 4216
3274908,112 2728 245 4027 4587 4727 4558 2034 4168 2099 3867 3198 268 900 4541
3858670,245 4664 2099 112 2034 4053 4357 3036 2992 151 4179 3197 900 630 3198 1990 4587 1694 4027 1701 3918 2728 2831
3854670,2921 2992 2053 2685 1990 1544 1430 285 4388 2382
2052337,2728 2099 4027 112 4541 1596 4539 4558 2425 1180 55 532 2424 786 4727 3478 3917
2654837,1321 895 4021 4116 1307 2583 4987 2831 1337 2921 1788 4131 4317 2431
2191040,3865 2382 2053 2992 1331 92
2248492,1133 3675 4850 4292 4554 424 4585 3946 3062 4624 3773 4142 3489 62 4903 2196 763 4302 1388 3009 900 248 177 1450 3371 315 3121 751 1099 982 2087 1248
3856237,245 4987 4357 4221 3116 4179 4471 1321 3197 2034 112 4317 3675 900 1788 2831 4889 1798 1990 1430 2583 962
1809945,1321 4318 2831 2583 2034 4471 112 4317 900 420 1990 4357 3466 1788 2206 245
1943529,2034 245 900 112 3197 4357 2831 4587 3951 1990 1493 4964 1321
1480446,4554 2087 4727 305 709 3651 2033 2278 2501 866 4289 431 4292 4558 1133 2196 424
505793,4587 245 3116 4471 4964 470 4221 3951 3875 1883 3969 3499 1727 2034 1321 4179 3421 526
118898,4727 3136 930 3651 709 24 3146 4871 368 4541 4558 3478 3450 3574
1481779,2921 2445 2583 1321 4388 1990 2206 2328 2992
1527886,2565 2583 1026 2814 2206 847 1337 895 2258 1321 4867 2445 2431 2095 361 3969 1742 1430 4964 1701 2561 2921 3242 4494 3925 4116
2246506,3951 4587 387 4471 4385 2034 1990 4168 4727 4964 3916 245 4027 4318 1252 2583 1694 1015 4558
3295554,4168 2034 245 3916 4587 3951 4964 3499 1694 4727 1015 3116 3197 4179 4221 2188
1856123,4984 4855 3020 2373 259 4964 4011 3396 1304 2565 3135 450 4471 1083 79 2137 3159 2999 3471 1430 566 1322 4385 2431
3508771,450 1990 3951 2660 116 4493 4964 4871 802 1727 3916
62868,4554 3675 3009 2087 1133 3651 3371 4624 1308 315 305 2340 3121 2837 4471 2196
2543562,2831 4317 3198 4987 1493 223 4021 3782 420 3524 2034 3131 245 2029 4131 112 297 1990 4053 268 2599 151 4450 2099 3197 1307 2668 3778 3925 4938 3235 3107 1337 1042 4285 1612 900 3707 4736
3902311,1493 2831 2034 3198 3524 112 245 2099 2029 3131 223 3197 151 4317 1990 4987 4450 268 662 3778 4021 1354 2599 1337 3782 3925 4053 3867 4285 922 420 3386 4736 3495 900 2668 4027 1042 3917
1562636,1544 2992 2053 802 1990 2685 4388 4710 2382 3109 3036 3951 3865
2812053,424 4850 1099 3062 3946 3813 982 900 3587 781 2297 2586 3136 571 347 4292 4471 3554
1711505,532 630 2728 4664 1540 4494 4027 3917 2099
1586010,4027 4727 4558 1694 2034 3148 245 387 3136 2831 3478 4587 368 112 3951 1167 3776
1982260,1493 2831 112 3867 2099 2034 4027 900 4317 2029 3782 245 3478 268 3198 3495 420 4053 2728 1042
1530899,245 112 2034 2831 3197 900 4357 2099 1493 4587 4027 1990 4179 4053 3925 3524 1694 151 4221 2992 4987 3778 4964 4664
1823553,2728 4558 4587 4727 4541 112 3137
184104,2921 2992 1990 4131 285 3197 245 1337 4179 3524 151 4388 2053 3778 3925 3036 4317 546 4357 4987 4053 4565
2182715,4558 4027 4727 4871 4587 3916 3574 1356 3951 245 2034 1990 3148 4964 1694 387 2340 4168 44 1015 3778
2402749,245 268 4587 112 2034 4357 2921 1321 2583 4494
1361960,4541 3136 2837 3478 2728 930 3146 24 4727 875 2025 424 112 1501
3266351,431 3651 4554 709 1133 3146 4727 2837 1404 3675 2033 305 867 4558 2278 3009 866
1893514,4554 3276 3651 3009 1133 2278 2837 3675 4857 2528 2728 2340 2087 4292 867 431
757986,424 3946 982 3062 3813 4850 3587 2297 3136 900 1099 4292 4302 571
1525835,4554 431 2087 3062 3651 3675 305 4292 1133 2196 866 4624 2033 4289 4727 4302 4183 1095 709 3371 4758 1928 2278
2638695,4964 2431 1990 3778 4320 3197 245 1516 4471 193 197 4221 778 3951 1474 2034 4179 4852 3969 4611 1142 1539 1694 3116 4987 3383 2583
3009557,424 3946 982 3062 4850 3136 900 1099 3813 4302 4292 3587
1909936,112 1493 245 1540 4357 151 4179 268 3696 1562 1694 4664 4587 2831
605706,424 4727 2340 3587 3561 866
692881,4317 1321 2008 2921 3406 268 895 2328 1788 875 4494 900 361 4987 2831 3131 1337 4021 3062 4285
747754,3675 1133 4624 3371 4554 4585 3651 4292 3062 3121 4850 62 4289 315 4302 2196 1388 3009 763 4903 867 3489 3773 378 2087 4471 1450 3969 4758 1321 4183 248 2837 751 3277 1173
411024,875 4317 3062 1321 900 430 2586 59 3707 4987 4736 223 3242 368 1042 420 2770 1450 2921 3131 3478 3136 787 4357 3946 268 895 4842
3852463,1575 1321 3946 1938 3136 1525 3969 2367 3675 2078 2297 4577 4318 1788 866 1972 2432 4758 3773
3900028,2565 4871 450 3383 714 1742 2123 1015 3675 3722 3778 1990 216 2780 3121 470 4964 701 1727 2625 3300 4791 3249 2122 3615
1592573,4964 3951 4587 1990 3499 245 1694 1252 4320 4791 3916 2034 4471 714 3778 1015 73
1697472,112 1493 361 3782 1337 151 4053 2831 2921 2030 3198 245 4664 2029 1701 4357 4565 2992 4938 1694 4160 268 4450
719984,424 3946 982 3062 4850 4292 3136 900 4302 3587 3277 1099
3729463,4471 1321 245 4987 4357 3116 4587 2431 4867 3951 4179 2583 1990 2034 4317 4964 2188 3136 875 3778 4221 1446 3062 526
483326,3916 3951 4964 4587 2034 1015 4168 1356 245 387 3499 1990 4320 1694 4385 4727 4179 450 3109 4221 3148 3116 2894 3675 2137 3136 3778 2746
2208212,4554 1133 866 431 2278 424 3651 974 683 4240
885942,268 4938 2921 787 3085 3198 1701 4317 1307 3478 3131 3235 2831 2160 1321 4053 3675 4541 2138 3867 3782 3431 900 1337 112
1731172,2029 2831 3198 3782 1307 1493 4317 3131 112 2099 3867 4450 268 3524 2034 4053 3707 420 3235 4021 4938 2668 1337 2599 4736 4987 924 1042 895 151 1354
1028315,3969 1321 1575 245 3675 4318 2565 1788 4357 3136 4987 3778 4587 1015 378 1450
667497,1095 1133 4315 4527 2174 1349 4183 4471 1388 2565 3121 2445 2921 4142 3449 3675 4583 2439 4415
3139718,1701 2728 4541 3085 2099 112 4053 4494 2029 4539 268 2418 3478 630 2138 3242 3867 1337 1307 532
1975585,2583 4357 1321 4471 3969 4987 2431 895 4867 245 2095 1430 2950 2992 1446 4179 962 3116 2188 1337 4318 1701 2594 3036 2206 4889 4964 112 4926 3925 4494 1990 2445 361 2034 4317
2103820,112 245 3478 2298 4357 2831 1742 268 786 2099 4541 4987 1596 4727 368 1321 4587 1501 4027 3495 2029 55 1354 3198 2425 4053 24 2034 4558 2025
3382097,4857 4972 432 792 4216 4985 1689 3564 2710 4266 475 2938
143531,4587 4964 3951 3499 4791 3916 3421 73 1990 470 1015 1757 994 245 1727
1728229,1493 3524 2831 2034 245 3198 2099 112 3197 151 1990 2599 2029 223 3131 4987 4317 3386 3925 268 3867 4053 3782 3778 4027 3495 662 3917 4450 1337 922 829
2628637,1307 4317 1337 4053 3782 895 4021 3707 297 1701 4987 420 4938 2320 3235 2029 4131 2831 4116 112 1042 3198 3131 1059 3524 151 268 2668 4357 3242 361 4450
662806,1282 2713 1915 644 2643 1856 2210 3780 806 1975 4216 201 940 4471 3233 3922 3453 3061 1122 4067 2786
2639814,3574 4558 302 4727 1293 4541 2728 4027 3148 2425 3478 3283 391 4539 3776 3450
1960960,1133 4554 3675 3489 4585 4624 4850 3773 424 4292 3121 315 3009 1248 3062 2402 4903 62 4142 3514 3894 982 763 4106 3371 4113 2087 347 3813 3946 1136 1928
2390486,1782 578 2439 4972 1480 792 1781 4216 4380 2789 432 1133 4907 566 4857 1814 4985 3010
2023672,2992 245 4179 4357 3116 2188 3036 900 2053 1990 4987 112 3778
1421650,112 245 2034 4357 900 2831 3197 3198 2099 4179 4587 1493 4053 3925 4221 4987 962 1321 151 2992 4317
2294430,2728 2425 4539 3436 4558 1469 3283 1293
3136734,4871 3574 1628 1990 3778 1596 462 4168 4493 787 2267 3925 3916 245 2146
2108351,709 4727 3136 3146 2837 4558 2728 2659 930
3544537,2831 1493 4021 112 4987 245 4317 4357 2034 3197 1321 420 151 4450 3524 900 2992 3198 3778 2921 2668 1337 4053 3782 223 2099 4285 4867 1990 922 1788
2992850,4027 44 4871 4587 1596 245 3778 3574 4558 1180 2099 2034 1694 1990 3109 4727 4964 1356 2746 3917 4168 2425
1556294,424 1133 3675 4624 4292 3773 2087 3514 1928 910 3489 4554 685 982 1248 3009 3062 2402 4850 3121 4585 3813 4613 1136 4106 315 3894 763 866 4896
1502728,1544 285 3440 1990 2382 3865 2053 1464 4441 2685 1131 2992
1016563,2831 245 112 2034 4471 4587 3466 1990 1321 900 4357 387 4317 3478 1446 4027 3951 3197 2188 3925
145978,1102 2831 55 1694 1493 112 245 4664 4053 3197 3524 3917 582 1231 2034 3379 151 3407 4357 4029 900 109 193 1395 1540 1572 2599 4987 2099 44 3495 3707 3186 297 713
1544539,895 2921 2992 112 900 1321 3242 4116 245 4357
82873,1814 2651 4583 4216 3453 3675 2362 3979 432 2439 1133 4500 1095 62 4142 1388 701 4585 1781 1324 1480 4972 1782 2948 1894 4985 3371 3615 1964 4380 3121 4315 4415 2352
3635204,223 4317 3675 900 930 368 3136 268 3478 4541 2025 1321 875 3062 4736 4987 1191 4292 1450 2921 3277 2831 424 3946 4302
922073,3009 1133 3675 4857 2439 2196 1781 3121 3371 845 4585 3651 4554 62 1095 866 1388 4624 305 4292 315
2433268,1133 3675 4554 3651 3009 431 2087 4292 866 1781 3121 3371 4624 867 2196 3062 4289 3146 4585 1388 4857 3276
3792939,2660 4964 4611 1707 1587 2625 1727 2502 2208 4855 4877 3874
808549,245 4964 1694 2034 4587 3951 1015 1990 4791 4471 3916 3197
287586,930 3136 4471 4727 709 4587 1172 368 2111 3778 3946 248 1252 487 4964 3843 3916 2034 3776
3415840,4987 4317 4357 245 2831 2320 4053 2034 1493 3197 420 3782 3524 112 4221 895 1990 297 4021 1337 2992 962 151 3707 4867 1307 4285 4450 4565 3406 2583 3925 1321 3198 4131
3570035,1090 4544 64 3247 4623 1207 157 1322 2660 3829 4964 2502 984 641 1992 1151 2217 4570 3611 2458 470 2349 2778 2010 4342 2391 160 1574 1252 2508 3020 3497 2835 212 2202 1568 1125 1431 1784 4471
3752773,1544 4306 2382 3440 1131 4441 3865 2685 1990 2053 285 3490 2487
1022652,2921 630 112 3867 2992 1701 4053 1596 245 268 2728 4116 2099 4466
3100984,2992 2053 1990 245 2921 4490 4388 4987 2583
3780325,4727 4558 3450 2340 3136 4587 3776 3499 3146 1628 2837 3651 1742 4027 930
1396019,1133 3675 3121 315 866 3371 1781 4554 424 2439 3651 2528 3514 4857 4292 3009 4585 3062 62 2837 2196 2501 1095 4289 3894 1035 3489
3388100,4554 2087 3478 3651 4624 2728 2340 2278 424 3146 3561 866 4292 4541 900 4727 1133 3675 347 3776
3254721,1339 4382 588 4607 2608 2648 705 2344 1028 995 2108 1741
1422643,2728 3276 4658 974 2528 2837 4558 2278 1503
225564,424 2340 3946 4727 3587 2297 3813 3062 3136 900 368 1099 4850 3561 3554 4302 3478 930
279842,3877 1028 1339 4382 561
3827927,4727 3136 424 3651 2340 930 3450 3554 3587 3561 3776 2837 24 4587 4541 3478 3148 2025
2869885,4554 1133 4624 3675 2087 3651 4292 2196 4289 3009 3371 424 866 4850 3062 867 305
1353968,4021 4317 1307 895 3782 2831 3131 420 2029 1493 1321 4938 112 3198 1337 4450 4987 2668 3235 2320 3406 3524 2008 4053 1042 2034 136 4867 3707
1638070,1493 2831 2034 245 112 4053 2099 3198 3867 3524 1990 3495 420 3197 3386 268 3782 4027 3925 4987 2921 4317 900 151 2029 1501 1337 55 1694 922 3478 3918 630 4847
134979,112 4053 3642 4116 4021 4987 1307 895 1321 4357 1701 787 4317 900 2992 1042 2418 2029 4938 3707 3782 3198 4494 420 1788 1337 2831 268 151 2034 2030 245 3406
3896625,2921 3936 930 875 3136 2008 2025 3478 3651 3062
1348637,112 3867 1307 268 3478 2029 4938 2921 2424 4541 1321 1501 900 2728
1787151,1493 4357 4964 4791 245 1436 112 1516 4442 361 4587 1572 4179 1587 1562 1845 3696 268 1540 2081 4664 1701 1337 2030 151 3146 4160 630
1228962,2728 4541 1293 3574 2425 4558 2837 4727 4539 3478 3136
1535535,3925 2831 2320 1990 245 1337 3197 2034 1321 4317 420 4450 3778 2921 4021 4053 4987 2099 3707 2668 223 2583 3036 4116 3198
368332,2766 2270 553 2245 3678 3450 1928 2621 1001 3716 745 2927 2341 3931 3776 2740 3097 585 24 1861 2124 4326 709 1443 1180 2250 4360 1532 3914 2805
1749800,4357 151 112 245 3197 4987 4179 4221 2034 2992 1493 3524 3778 4116 4450 4053 2831 1337 2099 4565 4131 2188 4021 4664 3116 3036 4317 962 4285 3642 2029 582 1990 4160 900 662 3198
915514,450 4984 3020 4964 928 4855 259 3580 2153 4179 1430 3519 1694 1304 2137 566 3510 4011 3863 3471 2853 3135 1172
3408554,2831 112 1493 2099 4317 3867 2029 3782 1042 2034 4053 420 900 3524 3198 3495 4539 245 268 297 2599
1091370,2728 1562 247 194 630
242709,2992 2921 1990 1430 245 2034 962 4587 2685
765512,1321 2565 4964 245 3969 3675 4289 4318 4471 3136 1788 3300 450 3778 1694 4460 4987 1990 2583 4871 3951 1015 4587 2431 4926 4791 1430
1449690,424 4727 2340 900 3587 3561 3478 24 112
2662030,2921 2685 1544 2992 2382 1535 1990 2053 1430 285 4388 1464
394187,3499 4587 4964 3951 4791 1252 1694 470 245 1727
2976512,3136 2837 3651 930 4727 2728 867 2659 4541 3494 2278 3478 3561 866 2298 24
3561467,1133 4857 3675 62 2439 3121 3009 1095 431 4554 3371 4292 3489 2278 315 4585 684 1781 4624 2196 2033 3651 4289 1254 3276
3635107,3951 4964 4168 4587 3116 4471 4179 245 2034 387 2188 3197 4357 4221 2583 3916
805846,112 1493 268 900 2831 2034 245 1321 3478 4027 4541
634174,930 3136 2837 2025 4727 2659 3478 2728 866 2956
354384,1321 4987 2921 2565 3675 3062 2328 1788 3772 245 3081 1446 4292 4357 2583 4758 4926 3371 3136 875 4471 1751 526 62
681765,450 3520 3243 4611 957 4984 4471 3863 808 3519 4964 3327 2853 2431 4841 3829 2644 5002 1819 1080 1833 4570 2749 2697 523 4011 3471 4952 1898 1359 566 4289 3722 291 4855 4277 3210 1322 1252 4276 3675 2508 2112 1544 3168 3580 4923 1742 4303
3216842,1742 2921 3085 4987 4053 3198 268 112 2692 922
2478150,160 1782 4208 1772 4840 3497 2220 3677 1621 2353 4036 2217 4216 1823 2362 438 792 1828 2457 1480 591 1046 1090 2401 3632 3247 2150 4409 566 23 2644 4251 984 2458 432 2271 1431 2502 3615 4855 212 927 4611 3768 1851 4570 4384 4313 2310
3203552,2728 4541 3478 112 268 786 3867 2099 2424 1501 2831 3136 4027 900 930 3495
1388865,424 3062 4850 982 781 3946 1099 3813 4302 3136 2586 430 900
3918602,112 3478 268 3867 4541 2728 2099 900 1501 786 2029 3495 2831
2600343,2831 4317 2034 112 900 245 2099 1321 4021 1990 3198 3925 4987 1493 4116 4357 3197 420 4131 4053 4587 3782 2583
2854911,3675 1133 4857 62 1095 4554 315 3651 2439 431 2278 3009 3121 4292 3371 1781 2837 4585 3744 3276 3111 3489 2196 2528 974 684 3979 1388
1731758,2921 3778 1990 2034 2992 1321 1430 4587 245 3235 4987 962 2583 3925
3619564,24 424 3776 4761 4736
2833858,112 4357 245 4987 151 4179 2831 3197 2034 4221 1493 2188 2992 4317 900 4053 4285 4867 582 1321 3116 4565 3524 3642 4021 268 297 1354 962 4736 4450 3778 4587 1990 109 526 4148
2470103,3951 4964 4168 245 4587 387 2034 4471 3197 4179 4357 3116 4385 582 3916 4221 1694 2583 1990 4027 2188 112
3159401,3951 4471 4964 387 2034 4385 1990 4587 245 4168 1694 4318 487 3916 2733 4027 1167 2583 3925 3197 3466 1015 2146
2588732,112 2831 1493 1321 2034 245 900 4357 4021 4317 4450 1042 420 4987 2583 1788 962 3925 3197
865299,1493 2831 112 245 2034 3524 3198 4987 151 4317 4357 900 3197 922 223 4021 4285 268 2029 3782 2099 3131 2668 4053 1354 4450 1990 4221 4736 420 1337 4938 2599 2992 1042 3778 1321 297 3925
1880239,2423 3951 701 487 2431 1990 2034 3778 4587 4926 4471 197 3466 3197 245 1230 420 1694 4318 2320 1474 778 4964 816 387
2607680,1321 268 2831 112 4317 1788 2921 900 4987 3478 420 875 4021 245 3782
1557807,3574 4727 4558 2728 4871 4027
3896633,424 3136 3946 3062 930 4292 3502 4471 3813 368 2297 3554 3587 24
3082636,4857 4266 2710 1827 4216 221 792 2370 2793 3518 4681 4985 591
179464,424 4554 900 4850 2728 4624 3478 2340 3146 4585 2087 3667 315 3675
192978,4558 4727 3574 302 2340 3450 2728 4871 4027 3148
827229,1493 2831 112 55 245 4541 151 2099 4027 268 3524 2029 2034 3198 109 3197 3917 3386 1694 4539 3867 4053 3131 4450 3495 4964 1990 630 1307
2457290,3089 116 4677 3300 4576 1977 448 2448 2882 1162 777 397 3567 4168 3061 4858 2644 4848 4359 785 4242 4958 529 3082 874 1431 1873 3799 4570 2861 432 2202 50 107 2625 2108
2757689,2431 245 3197 4987 4471 197 4357 4926 3969 301 2034 4964 2320 1897 2445 3524 847 4317 3925 2895 4318 193 2583 1516 2921 3863
1529997,3574 4871 4558 4727 2425 2728 1596
2516118,4727 4558 3574 2728 3148 4027 302 2340 3478 4871 3136 4587 24 930
1724515,4727 4027 2034 245 4558 3148 3386 3450 1694 3916 4587 3136 2340 2831 112 3197 2728 1015 2099 24 4541 1990 709 3778 3951 1356 55 3478 4168 4964 4390 1395 1493 1844 4221 3917 109
1538196,4292 4554 3062 3675 424 866 1973 4758 3371 3146 430 751 1133 875 62 3554 1928 4302 3277 2196 1321 3651 1450 368 4029 4317 4585 2501 1173 4289 3773 2278 1035 268 982 24 1788 2936 3476 1276 2837 3478 352 378 420 867
2508274,2831 4317 1307 112 420 4021 3198 245 1321 3782 2034 2029 4053 3197 4938 2668 4357 2099 3925
3666222,4587 2034 4727 3148 4027 245 4168 3951 387 1015 3916 1990 4964 2340 1694 4558 3136 4471 1356
713852,1321 3062 4471 4987 3969 2583 1450 1788 875 4317 1337 895 4758 3946 3675 1446 2431 2921 4357
2889481,2053 2992 2382 1990 1544 1331 4441 285 2685 4179 3490 4388 1185
363234,875 4494 268 3242 1701 112 1337 2921 361 4053 2025 787 2138 4938 930 3085 3136 2030 870 1540
725910,424 763 2262 2061 2501 4850 1633 3813 3946 685 3843 135 347 1725 357 3514 4458 4980 919
3834144,4871 2625 2565 4791 577 1167 1749 50 714 1587 2660 4964 3300 1727 1742 2534 450 2431
443194,245 4587 1694 4791 4027 1757 1015 4964 1844 4811 3386 2034 800 4558 4871 2099 1596 2425
1162916,424 900 3587 3554 4302 3946 2297 368 4727 4471 3561 2340 3478 3136 347
3594493,245 2831 4317 4987 2034 3197 1493 112 4021 1990 3198 3925 2320 151 223 2099 268 4357 3782 1354 4053 4131 900 4221
2269553,3675 4292 1133 3062 2439 62 578 2402 3773 424 1450 1095 4585 3514 4289 3371 2332 4560 1788 4758 4142 1928
2746406,112 3642 4269 4357 2992 895 900 1307 2029 2099
2902726,4554 4292 1133 4624 3675 3062 424 4850 2087 982 3651 4585 3773 2196 3969 62 1450 4302 3489 4903 866 900 4113 378 3121 2402 4758 3946
415939,2363 3931 964 1001 1861 1869 3470 2657 2945 281 991 2805 1702 3445 3190 1260 4326 1928 3713 2341 3450 2626 1574 566 2740 2633 2276 1532 684 3097 553 2495 2245 3425 1538 3716 4136
3356538,1293 3283 4539 4558 1469 4541 2425 3574 2728 391 24
3698621,3801 1580 2744 3934 3680 3079 3922
3367390,245 2034 1694 4357 112 4565 2831 4987 3197 1493 301
1996369,1293 4539 2728 2425 4558 3283 3574 4541 1469
3430461,112 2831 900 4317 1321 245 3085 4116 1307 4053 3782 2034 268 895 420 3478
531561,424 2501 4458 2278 866 4292 4727 3476 305 2087 486 237 930 2033 1133 4758 3675 4302 248 4560 2565 3651 24 3554 368 2044 4702 2439
3546792,245 4964 1694 4791 4587 2034 3951 1516 1990 193 1015 4221 4179 3197 714 3011 3778 1757 1252
2495169,2921 2008 3131 2328 1307 4317 1337 2445 4494 361 4021 3406 1321 268 2831 1059 3198 3235 2814 1701
3386736,4857 3009 3675 2439 1133 3121 3371 62 315 4289 1781 2196 1388 1095 4585 3773 3450 2402 3489 4106 4554 1035 3651 4292 3062
2119943,2728 3478 1293 4727 2425 3574 4558 4027 1180
513770,1535 1544 1990 2685 2992 3036 1825 2921 1464 2382 962 3333
1447610,1321 2921 4317 4987 1788 268 3675 900 1450 4758 4021 3062 4471
3870351,4471 3951 245 2034 3197 1990 4964 2583 4587 3925 4221 4318 4357 4987 487 193 4385 4179 3778 2431 1430 714
3857144,4964 3951 4587 4179 3116 245 1990 4471 2034 4168 2188 2583 2431 4221 3778 3109
1415354,4587 1757 4791 4558 2340 3499 2728 4727 3916 1015 3148 4520 4404
2820245,2644 2202 1482 785 1364 3539 4313 3421 4964 3692 3579 2727 2134 4686 3275 4258 358
672154,2728 532 4027 3917 4539 1469 2921 1844 4732 1547 630
347665,112 268 900 3478 2831 2728 1321 1042 1493 4494 3867 786 930 245 4317 2659 2206 3675 4027 3495
2186900,4587 2034 3951 245 4964 4727 3148 3916 387 1990 4027 3197 4168 4221 4390 1015 4471 487 2340 3466 4179 1694 4558 3675 3778 1404
1197199,4554 4624 1133 3675 4292 2087 424 4850 3062 3121 4183 3651 2196 4585 3489 3371 62 1388 3773 378
505205,112 1493 4053 245 3782 1216 2831 2992 4357 2921 1337 2099 532 268 4987 2029 786 2034 4938
2079122,2565 1321 1742 3969 3675 2335 1788 2328 3277 4758 1972 3121 1749 4809 1450 3778 245 4717 4357 3136 3875 3946 344 4987 2174
1986765,4964 3951 245 4471 4587 1252 1990 2431 3300 2034 714 4791 470 1172 3778 1516 1568 1694 4852 3499 462 4320
911827,2921
2964494,268 1307 4938 1321 3198 2921 112 3867 787 4317 3782 2831 3235 4053
3631511,3675 3062 4471 3146 4624 3371 3946 4292 1388 1133 3969 866 3773 4850 2196 1251 4289 59 751
916747,112 3782 3867 2029 900 895 2831 4053 2034 1307 2099 3198 4938 268 2992 4116 245 2921 3235
3288447,424 3946 3062 3136 3502 4560 3570 4471
3526311,930 3136 4657 3651 2367 1404 2025 2659 484 4727 2837 3478 2956 4587 4497 866
1224015,4317 4736 2831 900 3478 4207 223 3198 4053 4027 875 1337 112 24 268 245 2599 2008 368 4987 297 2099 420 1493 4357 3782 2728 3131 3524 2034 2921
2929136,3675 2439 4857 3009 1133 3121 62 3651 684 2278 4292 1781 1095 315 4554 2789 3371 2837 2528 3773 4585 866 431 772
3168393,4972 1480 1814 4985 2466 4216 792 1781 3094 3979 578 1782
2727664,2728 245 4027 112 630 4587 2921 2099 2992 1596 1493 1844 4053 3036 2424 2034 900 4664 3109 3925 2831
2909380,1337 4317 3131 2921 4021 4285 2328 3707 4131 2407 1307 420 2599 4053 271 2831 2668 1701 3406 268 895 3235 1493 4450 1225 297 1121 361 2008 3524 4987 1321 3197 3198 2099 2320 4357 875 151 1990 3782
1417091,4317 1321 112 895 1337 2921 875 4021 900 4053 136 3062 3242 361 4987 2831 268 2008 3782
3871856,2439 1928 3675 566 3450 3010 1532 1399 4874 578 709 2332 4106 684 2508 2681 4955 4907
692811,3865 1544 4306 2382 3440 4441 3490 1131 2487
1871348,2921 3936 2407 420 2831 4027 2008 2328 2728 1493 3131 4494 3917 532 3666 361 1337 268 3085 4317 1694 3242 2445 1844 3163 245 3047
410723,2565 1742 4871 3675 3121 2123 2780 714 3383 450 3778 1015 3722 1990 378 2625 1749 701 1321 470 3615 3969 4125
592178,2034 4027 3148 245 4727 1694 4587 3197 3136 3778 1990 3386 112 2340 2831 44 3478 3450 1015 1404 3951 4558 900 4964 487 4987 4541 2728 2099 3925 3917 1356 3198
872555,2202 2644 785 4686 4313 1482 4964 3579 1364 2727 2957 1587 3421 64 4258
272081,3574 4871 4558 1596 4727 4168 4027 1180 2425 3917 1544
1631640,1234 2108 3774 4382
3121672,1493 2831 4317 3524 223 245 3131 2034 3198 268 151 1337 420 4131 2921 2099 3197 829 3925 4021 4987 1990 2599 2029 2668 112 4450 662 2320 3782 4053 4285
2336932,3062 3946 424 3813 3136 4292 4850 900 4302 347 3651 4471 571 2586 3554
3008687,3951 4964 4168 245 4471 387 4587 3916 2034 4385 1990 1694
3485940,4964 3951 4471 245 3116 4168 2034 4179 4385 387 4587 3197 2583 1990 3916 582 4357 4318 2188 2950
3662732,1928 3675 2439 3450 3010 2402 578 566 709 62 4106 4292 2681 3773 1399 684 3121 1532 4955 3062 3371 4857 4380 4289 4907 4874 4142 2332 248 4197 2196
1925071,2728 4027 245 4964 1493 1694 1540 4587 109 532 2034 2425 3917
1037768,2583 1990 1430 962 2992 3951 1321 4964 4867 3036 2431 4471 2921 4987 1825 3778 245 3925 895 2445 4179
1351136,2831 112 900 2034 1321 245 1493 1042 2583 4317 2206 4357 3925 420 1788 4987 1430 895 268 1990
150993,2728 4027 4558 3478 2425 302 1180 2424 112 4727 786 4539 3574 4541 2034 2099
1196468,1702 1860 4895 4906 1001 2611 5009 2858 2928 4027 2657 2845 3713 4504 1066 3685 4544 2213 1281 2459 3914 210 2788 169 193 829 1199 3853 3379 4139 1574 2803 1776 4298 4817 523 2519 4062 288 44 4423 2231 3571 185 2595 71 3931 2101 1175 2245 1730 2927 2146 3945 1342 3344 2728 2250 2303 3919 512 1940 1115 2879 4107 2690 302 4011 216 1269 4558 1260 3743 1538 4464 1734 2272 771 1257 3730 3067 1266 3443 3195 3705 4587 4179 4934 967 315 2217 1336 3912 75 1862 109 4221 2704 449 3741 2766
3059648,3772 1321 3946 3062 3675 1450 4292 4758 3136 875 2297 3502 2586 930 787 982
2585293,2990 4301 4975 256 1806 1095 538 2289 3196 542 1619 203 2793 1964
221854,4871 2034 3951 1990 4587 3778 245 387 1167 4964 4471 1694 4727 3916 450 1356 4027
143427,2728 2425 4558 4322 3696 709
1427653,3951 2034 4964 245 4587 4471 3197 1990 3916 4168 387 4385 1694 4179 487 4221 582 4987 714 3925 4357 4318
333646,3062 1321 875 3946 268 3136 2565 368 3242 1450 4302 3675 900 4317 2921 4292 4494 2418
2134616,4587 245 4964 2583 1404 3951 112 1430 4357 3300 4791 2034 2950 4179 714 1321 156 4471 1216 3499 3136
2526116,4871 44 4587 4558 4027 4727 245 1596 3574 3916 1356 4168 3778 1694 2746 3148 2034
2625116,2153 4964 4570 449 3829 1694 3633 4855 4550 4475 3580 1838 145 2338 1324 4083 523 1674 1854 450 4783 1652 1052 3388 3020 927 2146 1252 3680 1930 4923 4078 216 4988 3951 4606 2366 1207 640 2935 3260 2349 2602 4258 3625 1035 4471 4167 3863 1673 2853
1395592,4727 2728 930 2837 3574 3136 4558
3712602,3951 4964 4587 4471 2034 450 245 1990 2431 4385 3116 4179 3778 3916 4318 4841 4168 4889 3675 3197 2188 962 1417 1252 4221 4570
1771541,1321 112 900 2831 4357 895 4317 245 1493 2034 2583 420 268 4021 1788 4987 2206 2992 1042 962 1430
2393384,2728 2425 4539 3574 4558 2424 179 1180 4027 2100
2172537,112 2831 1493 2034 245 900 2099 3197 4317 4053 4357 3198 3131 3524 2029 151 4450 55 4987 1694 268 4027 2992
796262,3062 1321 3946 4292 1450 875 900 4317 895 3277 3136 4758 4850 3502 1788 2586 3969 368 2565 3242 4736
3054088,3951 4964 4587 3916 1990 4168 2034 450 3499 245 3778 4221 1356 802 1694 4871 2137 4320 1015 387 4179 4471 3650 2146 4727 4558 4385 3109 1516
1578914,2874 2078 3478 1321 4292 1788 2565 4987 2328 112 2837 3136 1540 2445 3946 2831 875 4657 4317 2921 2008 3062 245 3651
3390517,424 3062 3813 3946 4850 982 3136 4302 1099 3587 4585 4471 3554 900 368 781 4292 2297 571
288149,4471 3567 475 3233 4611 4583 1238 1215 4964 2948
204268,4558 4587 2340 1757 4727 2425 3916 2351 3499 2728 2746 1015 4791 3148
1632317,1749 4791 4871 2625 50 2260 1167
2827125,4587 4027 44 1230 3951 2034 900 3211 3197 3925 3466 387 487 2320 2423 1990 1404 3778 3148 816 4471 829 2099 112 4727
1786862,3675 1133 1248 1928 3773 4292 3121 3489 910 3514 424 2087 2402 4585 4624 3009 685 4554 4613 982 3062 1136 4106 62 315 3371 3894 4850 3813 3702
2029017,4871 4478 3916 2260 4587 4168 1990 3499 245 1356 3951 450 1694 4964 802 2034 1015 3778 1167 1628 2351 4558
2195761,4964 487 1694 1474 3197 3101 245 2431 2034 4926 193 4471 3524 2895 3778 2611 4385 3951 2863 4029 4179 109 2146 3466 1990 470 4357 3603 1015 2320 216 1306 3969 197 4791 4987 4587 4221 582 1516
1013764,315 71 1742 367 2565 109 2921 4964 245 630 1337 4399 151 1990 3036 193 1199 1694 3365 4811 2992 2328 1596 3917 2599 3863 271 3516 4179 2146 829 3197 3925
1578153,1035 2697 2153 684 450 1731 3580 4471 2431 1176 3355 2853 4964 2595 918 1652 2508 3675 3863 2980 4011 4611 3159 1252 2534 3371 915 2919 4855 1336 4239 566 3033 4988
3574405,3235 3107 4317 4938 2160 895 1307 3198 4131 4053 1337 2668 4021 2921 3782 2831 4116 2029 112 420 4987 3242 1701 297 1321 2992
1049179,2728 2425 4539
1402414,3062 3242 875 571 424 1701 3136 4494 1321 1337 4850 3946 4317 2586 895 2565 900 3478 1450 4302 112 3813 4357 3277 3969 177
1610242,2034 245 2583 3925 2831 4587 900 3197 112 1321 1990 4357 4318 3951 4987 3466 1430 4964 4471 3778 4027 487 2206 4317 1788 3675 1404
1667000,4471 450 2431 2697 1990 3951 4964 3863 1252 2095 1430 3580 3020 2583 4385 4841 3371 3778 2894 4318 829
3520263,4871 4727 4587 4558 3574 1356 4168 3499 1694 3951 3778 450 3916 4027 44 1015 1990 2099 245 387
1816913,2208 107 4132 162 4746 2344 4607 116 1879 3169
3905912,1493 2831 112 2034 2099 4317 3198 1042 2029 245 3782 3867 3524 900 268 2320 4053 3925 3197 420
2905909,2728 4558 2425
2460204,3675 1133 3371 4554 3121 3009 4585 1388 3651 378 4289 62 4292 3062 2196 4471 2087 1781 4624 3773 1788 315 1321 3489 1450 867 2439
3307614,1596 2425 4558 1180 4871 1742 4027 2099 3574 4727 4225 2728 245 786 3917 3137
2864682,245 4357 2034 3197 4221 2992 4179 2831 4987 112 3116 151 4565 582 4317 1990 4116 1798 3642 3524 900 4269 3782
2314369,3951 2034 4964 4587 4385 245 3916 4471 1990 387 3499 4168 4727 1015 3778 1694
2827132,245 1321 900 112 4357 2034 1493 2831 4987 2583 1788 895 4318 1042 3197 420 1430 4471 4317 4021 2188 2432 3925
117589,245 4221 4357 3197 4987 4471 4587 2034 4179 3116 4964 1990 582 1798 4867 4168 3951 112 4889 2583 3778
603332,3085 1742 2921 3198 4053 268 4987
2219759,450 4471 3951 3916 4964 3863 116 2431 2697 4587 3371 1990 4841 2894 216 387 3116 3471 515 1694 3020 3126 4320 1322 1356 4889 1015 4162 1252 73 4867
714095,4554 1133 431 3651 4292 3675 866 2278 2196 3371 4758 2837 3146 4235
3878446,1608 151 4357 361 2863 4285 1701 4583 297 1225 3406 4053 2328 112 2083 2320 4020 4179 315 3163 3784 109 193 4148 3917 4494 4317 4450 4496 381 3524 1337 4867 1436 3197 3765 3131 1636 4027 1307
445730,475 2259 1581 3559 529 3275 480 950 2754 1691 1215 538 785 3653 4958
616848,2831 3197 4317 2034 245 900 1694 3917 2099 1493 112 223 3524 151 4027 4053 1990 1844 582 4987 4221 4357 109 3707 420 2320 4131 3386 271 3925 315 2599 4450 4867
2150921,4558 4727 3148 3574 2728 4027 2425 2340 1180 4587 245 2099 112 4871 4168 2034 44 3137 1596 3386
1671635,1580 3934 1448 522 644 4242 3732 4762 933 1387
3337524,4554 2501 4292 3478 424 3651 3062 866 4302 3675 763 1928 3146 24 430 486 2278 1321 248 1133 3277 709 2196 4029 4758 1276 2033 2087 3476 930 751 2340
1447925,245 4357 2034 4987 4565 112 1694 4221 2831 3197 1493 4179 2992 3524 1540 4964 3642 4053 1897 3116 2921 151 4450 197
2500410,2921 3085 4494 2008 2831 361 268 4027 1694 2445
1382153,4471 3951 245 2034 4964 1990 4587 3197 4168 4385 387 2188 4318 3466 2583 4179 3916 3116
1617669,2208 4607 2344 107 2644
573105,4541 3478 2728 3085 2921 786 4027 268 4727 2099 112 245 900 3136
2181842,3675 1133 4554 3489 4585 3773 3121 4624 315 3009 4850 4292 62 3062 424 4106 2402 4142 3371 4903 1248 2087 3514 1388 1928 4289 4380 2196 684
2254662,2831 1321 112 4021 420 2034 4317 1493 2583 245 3198 895 900 2921 4987 1307 3782 1788 4116
456493,2728 4027 4727 3148 112 4541 4558 4587 2034 2340 245 3478 2099 3136
1053107,1321 2565 3969 1972 3946 3136 1788 3675 3081 4758
3701774,424 2340 3946 3813 3062 900 2297 368 1742 4850 1099 3136 4302 347 4727 571 4471 3587 3478
2290530,1321 4318 4471 2583 2831 245 4021 1307 1430 2034 112 420 4317 1788 3925 1446 4357 962
3178914,221 591 3094 792 4216 2710 4985 4681 1195 1814 1108 432 4972 1827 4030 1781 992 2049
2068845,1293 3574 3283 391 2425 3478 4558 2728 4727 4541 1180 302
2971587,245 4357 4565 4987 2034 112 4221 2992 4179 3197 3642 1694 1897 4269 3116 2831 1493 197 151 3524 4053
1308807,245 3116 2583 4357 4179 2992 4679 1430 4471 4987 2594 3778 4964 714 1990
115557,2728 4558 2425 4539 3574 2100 3404 4727 2424 4871 3917 179 1596
1596237,4634 578 4223 1782 3983 151 4129 1018 1198
2864444,2502 2984 2660 4964 1252 3829 3471 4096 162 1990 216 1322 4460 4790 2202 4095 2625 1727 3722 779 2565 2431 2611 71 3951 4728 3916 4841
3343529,4727 4558 3450 1628 3136 4587 3651 3776 3499 2837 2340
2082869,4972 1480 1781 2439 578 1814 792 1782 1133 4907 4985 566 2789 1399 4380 4216 1195 1765 432 3979 3121 2466 3675
825356,3062 875 1321 368 571 3946 4585 3136 900 2328 424 3277 4302 4292 982 4850 1337 430 3242 3478 112 4357 4494 1701 2565
1744588,1337 4053 4357 4021 151 112 297 4285 1701 895 4867 245 3707 4987 4317 2099 4179 2831 2992 3197 3642 361 4565 3782 2029 1307 3524 4131 3235 4221 4116 3983 2668 1947 2138 3242 1321 4148 2034
2302189,112 2728 930 3136 4541 3478
2118897,287 538 2938 4216 3247 1095 3014 4857 4536 3196 2677 3632 3226 1909 4985 266 3003 34 1431 3471 4071 2793 522 1215 4266 2466 3259 3061 1659 4338 432 4788 1480 3134 1162 3979 1224 1568 3483 4082 3111 2948 4972 4974 4570 3094 2401 4799 4563 1925 2756 1753 1108 4636 3518 3082 4585 2278 1138 4142
1695551,4471 2431 3020 2565 551 1446 4318 3371 4964 3675 3951 1321 2697 1417 2769 116 3116 2583 1990
2937446,431 866 1133 2278 4554 2728 2087 2837 424 3651 3316 4541 3009 709 974
1308988,2728 4558 2340 4587 3148 2425
1503262,2728 1562 247 630 709 532 3696 4558 112
971392,4727 302 3450 3574 4558 3136 930 3776 368 867 3478 3148 4871 4541
207850,1493 2831 3198 2034 3524 2029 3131 4317 268 223 2099 3867 245 112 151 3782 420 4987 3197 1990 2599 662 4021 1337 3925 2668 1307 4450 1042 3386 4938 4053 829 4027 3778 1354 4285 3917 3495 924
2108296,2921 847 4987 2445 1321 3242 895 2206 3163 2583 2992 3969 1337 1533 4116 420 4021 245 1788 3235 361 2328 3982 1430 3115 1701 2565 4357
